RCG,Metier_level6,Start_year,End_year,Old_code,Used_by_country_in_RDB,Metier_level5,Description,Benthis_metiers,Added ,Comment,,,,,,,,,,,,,,,,,,
BALT,DRB_MOL_>0_0_0,,,"DRB_MOL_>=0_0_0, DRB_MOL_>0_0_0, DRB_MOL_0_0_0","DEU, DNK, SWE",DRB_MOL,"Boat dredge, Molluscs, see the code reg. mesh size and selectivity device",DRB_MOL,,,,,,,,,,,,,,,,,,,,
BALT,FPN_ANA_>0_0_0,,,FPN_ANA_>0_0_0,"DEU, DNK, SWE",FPN_ANA,"Stationary uncovered pound nets, Anadromous species, see the code reg. mesh size and selectivity device",,,,,,,,,,,,,,,,,,,,,
BALT,FPN_CAT_>0_0_0,,,FPN_CAT_>0_0_0,"DEU, DNK, SWE",FPN_CAT,"Stationary uncovered pound nets, Catadromous species, see the code reg. mesh size and selectivity device",,,,,,,,,,,,,,,,,,,,,
BALT,FPN_CRU_>0_0_0,,,FPN_CRU_>0_0_0,DNK,FPN_CRU,"Stationary uncovered pound nets, Crustaceans, see the code reg. mesh size and selectivity device",,,,,,,,,,,,,,,,,,,,,
BALT,FPN_DEF_>0_0_0,,,FPN_DEF_>0_0_0,"DEU, DNK, SWE",FPN_DEF,"Stationary uncovered pound nets, Demersal species, see the code reg. mesh size and selectivity device",,,,,,,,,,,,,,,,,,,,,
BALT,FPN_FWS_>0_0_0,,,FPN_FWS_>0_0_0,"DEU, DNK, POL, SWE",FPN_FWS,"Stationary uncovered pound nets, Freshwater species, see the code reg. mesh size and selectivity device",,,,,,,,,,,,,,,,,,,,,
BALT,FPN_SPF_>0_0_0,,,FPN_SPF_>0_0_0,"DEU, DNK, EST, LVA, SWE",FPN_SPF,"Stationary uncovered pound nets, Small pelagic fish, see the code reg. mesh size and selectivity device",,,,,,,,,,,,,,,,,,,,,
BALT,FPO_ANA_>0_0_0,,,FPO_ANA_>0_0_0,"DEU, POL, SWE",FPO_ANA,"Pots and traps, Anadromous species, see the code reg. mesh size and selectivity device ",,,,,,,,,,,,,,,,,,,,,
BALT,FPO_CAT_>0_0_0,,,FPO_CAT_>0_0_0,"DEU, DNK, POL, SWE",FPO_CAT,"Pots and traps, Catadromous species, see the code reg. mesh size and selectivity device",,,,,,,,,,,,,,,,,,,,,
BALT,FPO_CRU_>0_0_0,,,"FPO_CRU_>0_0_0, FPO_CRU_0_0_0","POL, SWE",FPO_CRU,"Pots and traps, Crustaceans, see the code reg. mesh size and selectivity device",,,,,,,,,,,,,,,,,,,,,
BALT,FPO_DEF_>0_0_0,,,"FPO_DEF_>0_0_0, FPO_FIF_>0_0_0","DEU, DNK, POL, SWE",FPO_DEF,"Pots and traps, Demersal species, see the code reg. mesh size and selectivity device",,,,,,,,,,,,,,,,,,,,,
BALT,FPO_FWS_>0_0_0,,,FPO_FWS_>0_0_0,"DEU, FIN, LVA, POL, SWE",FPO_FWS,"Pots and traps, Freshwater species, see the code reg. mesh size and selectivity device",,,,,,,,,,,,,,,,,,,,,
BALT,FPO_MOL_>0_0_0,,,FPO_MOL_>0_0_0,DNK,FPO_MOL,"Pots and traps, Molluscs, see the code reg. mesh size and selectivity device",,,,,,,,,,,,,,,,,,,,,
BALT,FPO_SPF_>0_0_0,,,FPO_SPF_>0_0_0,"DEU, DNK, LTU, POL, SWE",FPO_SPF,"Pots and traps, Small pelagic fish, see the code reg. mesh size and selectivity device",,,,,,,,,,,,,,,,,,,,,
BALT,FYK_ANA_>0_0_0,,,FYK_ANA_>0_0_0,"FIN, SWE",FYK_ANA,"Fyke nets, Anadromous species, see the code reg. mesh size and selectivity device",,,,,,,,,,,,,,,,,,,,,
BALT,FYK_CAT_>0_0_0,,,FYK_CAT_>0_0_0,"DNK, SWE",FYK_CAT,"Fyke nets, Catadromous species, see the code reg. mesh size and selectivity device",,,,,,,,,,,,,,,,,,,,,
BALT,FYK_DEF_>0_0_0,,,,,FYK_DEF,"Fyke nets, Demersal species, see the code reg. mesh size and selectivity device",,,,,,,,,,,,,,,,,,,,,
BALT,FYK_FWS_>0_0_0,,,FYK_FWS_>0_0_0,"FIN, LVA, SWE",FYK_FWS,"Fyke nets, Freshwater species, see the code reg. mesh size and selectivity device",,,,,,,,,,,,,,,,,,,,,
BALT,FYK_SPF_>0_0_0,,,FYK_SPF_>0_0_0,"FIN, SWE",FYK_SPF,"Fyke nets, Small pelagic fish, see the code reg. mesh size and selectivity device",,,,,,,,,,,,,,,,,,,,,
BALT,GND_ANA_>=157_0_0,,,GND_ANA_>=157_0_0,"DNK, POL, SWE",GND_ANA,"Drift gillnets, Anadromous species, see the code reg. mesh size and selectivity device ",,,,,,,,,,,,,,,,,,,,,
BALT,GND_ANA_>0_0_0,,,,,GND_ANA,"Drift gillnets, Anadromous species, see the code reg. mesh size and selectivity device",,,,,,,,,,,,,,,,,,,,,
BALT,GNS_ANA_>=157_0_0,,,GNS_ANA_>=157_0_0,"DEU, DNK, LVA, POL, SWE",GNS_ANA,"Set gillnets, Anadromous species, see the code reg. mesh size and selectivity device",,,,,,,,,,,,,,,,,,,,,
BALT,GNS_ANA_>0_0_0,,,,,GNS_ANA,"Set gillnets, Anadromous species, see the code reg. mesh size and selectivity device",,,,,,,,,,,,,,,,,,,,,
BALT,GNS_ANA_110-156_0_0,,,GNS_ANA_110-156_0_0,"DNK, POL, SWE",GNS_ANA,"Set gillnets, Anadromous species, see the code reg. mesh size and selectivity device",,,,,,,,,,,,,,,,,,,,,
BALT,GNS_ANA_90-109_0_0,,,GNS_ANA_90-109_0_0,DNK ,GNS_ANA,"Set gillnets, Anadromous species, see the code reg. mesh size and selectivity device",,,,,,,,,,,,,,,,,,,,,
BALT,GNS_CAT_>0_0_0,,,GNS_CAT_>0_0_0,"DEU, DNK, POL, SWE",GNS_CAT,"Set gillnets, Catadromous species, see the code reg. mesh size and selectivity device",,,,,,,,,,,,,,,,,,,,,
BALT,GNS_CRU_>0_0_0,,,GNS_CRU_>0_0_0,DNK,GNS_CRU,"Set gillnets, Crustaceans, see the code reg. mesh size and selectivity device",,,,,,,,,,,,,,,,,,,,,
BALT,GNS_DEF_>=157_0_0,,,"GNS_DEF_>=157_0_0, GNS_DEF_>=220_0_0","DNK, LTU, LVA, POL, SWE",GNS_DEF,"Set gillnets, Demersal species, see the code reg. mesh size and selectivity device",,,,,,,,,,,,,,,,,,,,,
BALT,GNS_DEF_>0_0_0,,,,,GNS_DEF,"Set gillnets, Demersal species, see the code reg. mesh size and selectivity device",,,,,,,,,,,,,,,,,,,,,
BALT,GNS_DEF_110-156_0_0,,,GNS_DEF_110-156_0_0,"DEU, DNK, EST, FIN, LTU, LVA, POL, SWE",GNS_DEF,"Set gillnets, Demersal species, see the code reg. mesh size and selectivity device",,,,,,,,,,,,,,,,,,,,,
BALT,GNS_DEF_32-89_0_0,,,GNS_DEF_60-79_0_0,LVA,GNS_DEF,"Set gillnets, Demersal species, see the code reg. mesh size and selectivity device",,,,,,,,,,,,,,,,,,,,,
BALT,GNS_DEF_90-109_0_0,,,GNS_DEF_90-109_0_0,"DNK, LTU, SWE",GNS_DEF,"Set gillnets, Demersal species, see the code reg. mesh size and selectivity device",,,,,,,,,,,,,,,,,,,,,
BALT,GNS_FWS_>0_0_0,,,GNS_FWS_>0_0_0,"DEU, DNK, FIN, LTU, LVA, POL, SWE",GNS_FWS,"Set gillnets, Freshwater species, see the code reg. mesh size and selectivity device",,,,,,,,,,,,,,,,,,,,,
BALT,GNS_FWS_16-31_0_0,,,,,GNS_FWS,"Set gillnets, Freshwater species, see the code reg. mesh size and selectivity device",,20260422,Added to include mesh sizes for freshwater species,,,,,,,,,,,,,,,,,,
BALT,GNS_FWS_32-89_0_0,,,,,GNS_FWS,"Set gillnets, Freshwater species, see the code reg. mesh size and selectivity device",,20260422,Added to include mesh sizes for freshwater species,,,,,,,,,,,,,,,,,,
BALT,GNS_FWS_90-109_0_0,,,,,GNS_FWS,"Set gillnets, Freshwater species, see the code reg. mesh size and selectivity device",,20260422,Added to include mesh sizes for freshwater species,,,,,,,,,,,,,,,,,,
BALT,GNS_FWS_110-156_0_0,,,,,GNS_FWS,"Set gillnets, Freshwater species, see the code reg. mesh size and selectivity device",,20260422,Added to include mesh sizes for freshwater species,,,,,,,,,,,,,,,,,,
BALT,GNS_FWS_>=157_0_0,,,,,GNS_FWS,"Set gillnets, Freshwater species, see the code reg. mesh size and selectivity device",,20260422,Added to include mesh sizes for freshwater species,,,,,,,,,,,,,,,,,,
BALT,GNS_SPF_>=157_0_0,,,GNS_SPF_>=157_0_0,"DNK, POL, SWE",GNS_SPF,"Set gillnets, Small pelagic fish, see the code reg. mesh size and selectivity device",,,,,,,,,,,,,,,,,,,,,
BALT,GNS_SPF_>0_0_0,,,,,GNS_SPF,"Set gillnets, Small pelagic fish, see the code reg. mesh size and selectivity device",,,,,,,,,,,,,,,,,,,,,
BALT,GNS_SPF_110-156_0_0,,,GNS_SPF_110-156_0_0,"DNK, LTU, POL",GNS_SPF,"Set gillnets, Small pelagic fish, see the code reg. mesh size and selectivity device",,,,,,,,,,,,,,,,,,,,,
BALT,GNS_SPF_16-31_0_0,,,,,GNS_SPF,"Set gillnets, Small pelagic fish, see the code reg. mesh size and selectivity device",,,,,,,,,,,,,,,,,,,,,
BALT,GNS_SPF_32-89_0_0,,,"GNS_SPF_16-109_0_0, GNS_SPF_32-109_0_0","DEU, DNK, FIN, LTU, LVA, POL, SWE",GNS_SPF,"Set gillnets, Small pelagic fish, see the code reg. mesh size and selectivity device",,,,,,,,,,,,,,,,,,,,,
BALT,GNS_SPF_90-109_0_0,,,,,GNS_SPF,"Set gillnets, Small pelagic fish, see the code reg. mesh size and selectivity device",,,,,,,,,,,,,,,,,,,,,
BALT,GTR_CAT_>0_0_0,,,GTR_CAT_>0_0_0,SWE,GTR_CAT,"Trammel nets, Catadromous species, see the code reg. mesh size and selectivity device",,,,,,,,,,,,,,,,,,,,,
BALT,GTR_DEF_>=157_0_0,,,GTR_DEF_>=157_0_0,SWE,GTR_DEF,"Trammel nets, Demersal species, see the code reg. mesh size and selectivity device",,,,,,,,,,,,,,,,,,,,,
BALT,GTR_DEF_>0_0_0,,,GTR_DEF_0_0_0,POL,GTR_DEF,"Trammel nets, Demersal species, see the code reg. mesh size and selectivity device",,,,,,,,,,,,,,,,,,,,,
BALT,GTR_DEF_110-156_0_0,,,GTR_DEF_110-156_0_0,"DEU, SWE",GTR_DEF,"Trammel nets, Demersal species, see the code reg. mesh size and selectivity device",,,,,,,,,,,,,,,,,,,,,
BALT,GTR_DEF_90-109_0_0,,,GTR_DEF_90-109_0_0,SWE,GTR_DEF,"Trammel nets, Demersal species, see the code reg. mesh size and selectivity device",,,,,,,,,,,,,,,,,,,,,
BALT,GTR_FWS_>0_0_0,,,GTR_FWS_>0_0_0,"DEU, POL, SWE",GTR_FWS,"Trammel nets, Freshwater species, see the code reg. mesh size and selectivity device",,,,,,,,,,,,,,,,,,,,,
BALT,GTR_FWS_16-31_0_0,,,,,GTR_FWS,"Trammel nets, Freshwater species, see the code reg. mesh size and selectivity device",,20260422,Added to include mesh sizes for freshwater species,,,,,,,,,,,,,,,,,,
BALT,GTR_FWS_32-89_0_0,,,,,GTR_FWS,"Trammel nets, Freshwater species, see the code reg. mesh size and selectivity device",,20260422,Added to include mesh sizes for freshwater species,,,,,,,,,,,,,,,,,,
BALT,GTR_FWS_90-109_0_0,,,,,GTR_FWS,"Trammel nets, Freshwater species, see the code reg. mesh size and selectivity device",,20260422,Added to include mesh sizes for freshwater species,,,,,,,,,,,,,,,,,,
BALT,GTR_FWS_110-156_0_0,,,,,GTR_FWS,"Trammel nets, Freshwater species, see the code reg. mesh size and selectivity device",,20260422,Added to include mesh sizes for freshwater species,,,,,,,,,,,,,,,,,,
BALT,GTR_FWS_>=157_0_0,,,,,GTR_FWS,"Trammel nets, Freshwater species, see the code reg. mesh size and selectivity device",,20260422,Added to include mesh sizes for freshwater species,,,,,,,,,,,,,,,,,,
BALT,GTR_SPF_>=157_0_0,,,,,GTR_SPF,"Trammel nets, Small pelagic fish, see the code reg. mesh size and selectivity device",,,,,,,,,,,,,,,,,,,,,
BALT,GTR_SPF_>0_0_0,,,,,GTR_SPF,"Trammel nets, Small pelagic fish, see the code reg. mesh size and selectivity device",,,,,,,,,,,,,,,,,,,,,
BALT,GTR_SPF_110-156_0_0,,,,,GTR_SPF,"Trammel nets, Small pelagic fish, see the code reg. mesh size and selectivity device",,,,,,,,,,,,,,,,,,,,,
BALT,GTR_SPF_16-31_0_0,,,,,GTR_SPF,"Trammel nets, Small pelagic fish, see the code reg. mesh size and selectivity device",,,,,,,,,,,,,,,,,,,,,
BALT,GTR_SPF_32-89_0_0,,,GTR_SPF_32-109_0_0,"DEU, SWE",GTR_SPF,"Trammel nets, Small pelagic fish, see the code reg. mesh size and selectivity device",,,,,,,,,,,,,,,,,,,,,
BALT,GTR_SPF_90-109_0_0,,,,,GTR_SPF,"Trammel nets, Small pelagic fish, see the code reg. mesh size and selectivity device",,,,,,,,,,,,,,,,,,,,,
BALT,LHP_DEF_0_0_0,,,,,LHP_DEF,"Hand and pole lines (hand-operated), Demersal species, see the code reg. mesh size and selectivity device",,,,,,,,,,,,,,,,,,,,,
BALT,LHP_FIF_0_0_0,,,LHP_FIF_0_0_0,"DEU, DNK, SWE",LHP_FIF,"Hand and pole lines (hand-operated), Finfish, see the code reg. mesh size and selectivity device",,,,,,,,,,,,,,,,,,,,,
BALT,LLD_ANA_0_0_0,,,LLD_ANA_0_0_0,"DEU, DNK, FIN, LVA, POL, SWE",LLD_ANA,"Drifting long lines, Anadromous species, see the code reg. mesh size and selectivity device",,,,,,,,,,,,,,,,,,,,,
BALT,LLD_DEF_0_0_0,,,LLD_DEF_0_0_0,POL ,LLD_DEF,"Drifting long lines, Demersal species, see the code reg. mesh size and selectivity device",,,,,,,,,,,,,,,,,,,,,
BALT,LLD_FIF_0_0_0,,,,,LLD_FIF,"Drifting long lines, Finfish, see the code reg. mesh size and selectivity device",,,,,,,,,,,,,,,,,,,,,
BALT,LLD_SPF_0_0_0,,,LLD_SPF_0_0_0,"DNK, POL",LLD_SPF,"Drifting long lines, Small pelagic fish, see the code reg. mesh size and selectivity device",,,,,,,,,,,,,,,,,,,,,
BALT,LLS_ANA_0_0_0,,,LLS_ANA_0_0_0,"DEU, DNK, POL, SWE",LLS_ANA,"Set longlines, Anadromous species, see the code reg. mesh size and selectivity device",,,,,,,,,,,,,,,,,,,,,
BALT,LLS_CAT_0_0_0,,,LLS_CAT_0_0_0,"DEU, DNK, POL, SWE",LLS_CAT,"Set longlines, Catadromous species, see the code reg. mesh size and selectivity device",,,,,,,,,,,,,,,,,,,,,
BALT,LLS_DEF_0_0_0,,,LLS_DEF_0_0_0,"DEU, DNK, FIN, LTU, LVA, POL, SWE",LLS_DEF,"Set longlines, Demersal species, see the code reg. mesh size and selectivity device",,,,,,,,,,,,,,,,,,,,,
BALT,LLS_FIF_0_0_0,,,,,LLS_FIF,"Set longlines, Finfish, see the code reg. mesh size and selectivity device",,,,,,,,,,,,,,,,,,,,,
BALT,LLS_FWS_0_0_0,,,LLS_FWS_0_0_0,"DEU, DNK, FIN, POL",LLS_FWS,"Set longlines, Freshwater species, see the code reg. mesh size and selectivity device",,,,,,,,,,,,,,,,,,,,,
BALT,LLS_SPF_0_0_0,,,LLS_SPF_0_0_0,"DEU, DNK, POL ",LLS_SPF,"Set longlines, Small pelagic fish, see the code reg. mesh size and selectivity device",,,,,,,,,,,,,,,,,,,,,
BALT,MIS_ANA_0_0_0,,,,,MIS_ANA,"Miscellanous gear, Anadromous species, see the code reg. mesh size and selectivity device",,,,,,,,,,,,,,,,,,,,,
BALT,MIS_CAT_0_0_0,,,,,MIS_CAT,"Miscellanous gear, Catadromous species, see the code reg. mesh size and selectivity device",,,,,,,,,,,,,,,,,,,,,
BALT,MIS_CRU_0_0_0,,,,,MIS_CRU,"Miscellanous gear, Crustaceans, see the code reg. mesh size and selectivity device",,,,,,,,,,,,,,,,,,,,,
BALT,MIS_DEF_0_0_0,,,,,MIS_DEF,"Miscellanous gear, Demersal species, see the code reg. mesh size and selectivity device",,,,,,,,,,,,,,,,,,,,,
BALT,MIS_FWS_0_0_0,,,,,MIS_FWS,"Miscellanous gear, Freshwater species, see the code reg. mesh size and selectivity device",,,,,,,,,,,,,,,,,,,,,
BALT,MIS_MIS_0_0_0,,,"MIS_MIS_0_0_0, NULL","DEU, DNK, FIN, POL, SWE",MIS_MIS,"Miscellanous gear, Miscellaneous species, see the code reg. mesh size and selectivity device",,,,,,,,,,,,,,,,,,,,,
BALT,MIS_MOL_0_0_0,,,,,MIS_MOL,"Miscellanous gear, Molluscs, see the code reg. mesh size and selectivity device",,,,,,,,,,,,,,,,,,,,,
BALT,MIS_SPF_0_0_0,,,,,MIS_SPF,"Miscellanous gear, Small pelagic fish, see the code reg. mesh size and selectivity device",,,,,,,,,,,,,,,,,,,,,
BALT,OTB_CRU_>0_0_0,,,OTB_CRU_>0_0_0,"DEU, DNK, SWE",OTB_CRU,"Bottom otter trawl, Crustaceans, see the code reg. mesh size and selectivity device",OT_CRU,,,,,,,,,,,,,,,,,,,,
BALT,OTB_DEF_<16_0_0,,,OTB_DEF_<16_0_0,"DEU, DNK, POL",OTB_DEF,"Bottom otter trawl, Demersal species, see the code reg. mesh size and selectivity device",OT_DMF,,,,,,,,,,,,,,,,,,,,
BALT,OTB_DEF_>=120_3_120,,,OTB_DEF_>=120_0_0,"LTU, SWE",OTB_DEF,"Bottom otter trawl, Demersal species, see the code reg. mesh size and selectivity device",OT_DMF,,,,,,,,,,,,,,,,,,,,
BALT,OTB_DEF_>0_0_0,,,,,OTB_DEF,"Bottom otter trawl, Demersal species, see the code reg. mesh size and selectivity device",OT_DMF,,,,,,,,,,,,,,,,,,,,
BALT,OTB_DEF_105-115_1_110,,2010,OTB_DEF_>=105_1_110,"DEU, DNK, LVA, SWE",OTB_DEF,"Bottom otter trawl, Demersal species, see the code reg. mesh size and selectivity device",OT_DMF,,,,,,,,,,,,,,,,,,,,
BALT,OTB_DEF_105-115_1_120,2011,,OTB_DEF_>=105_1_120,"DEU, DNK, FIN, LTU, LVA, POL, SWE",OTB_DEF,"Bottom otter trawl, Demersal species, see the code reg. mesh size and selectivity device",OT_DMF,,,,,,,,,,,,,,,,,,,,
BALT,OTB_DEF_115-120_0_0,,,,,OTB_DEF,"Bottom otter trawl, Demersal species, see the code reg. mesh size and selectivity device",OT_DMF,20220909,,,,,,,,,,,,,,,,,,,
BALT,OTB_DEF_115-120_3_115,,,,,OTB_DEF,"Bottom otter trawl, Demersal species, see the code reg. mesh size and selectivity device",OT_DMF,,,,,,,,,,,,,,,,,,,,
BALT,OTB_DEF_16-31_0_0,,,,,OTB_DEF,"Bottom otter trawl, Demersal species, see the code reg. mesh size and selectivity device",OT_DMF,,,,,,,,,,,,,,,,,,,,
BALT,OTB_DEF_32-89_0_0,,,,,OTB_DEF,"Bottom otter trawl, Demersal species, see the code reg. mesh size and selectivity device",OT_DMF,,,,,,,,,,,,,,,,,,,,
BALT,OTB_DEF_90-104_0_0,,,OTB_DEF_90-104_0_0,"DEU, DNK ",OTB_DEF,"Bottom otter trawl, Demersal species, see the code reg. mesh size and selectivity device",OT_DMF,,,,,,,,,,,,,,,,,,,,
BALT,OTB_FWS_>0_0_0,,,OTB_FWS_>0_0_0,"DEU, DNK, POL, SWE",OTB_FWS,"Bottom otter trawl, Freshwater species, see the code reg. mesh size and selectivity device",OT_DMF,,,,,,,,,,,,,,,,,,,,
BALT,OTB_FWS_<16_0_0,,,,,OTB_FWS,"Bottom otter trawl, Freshwater species, see the code reg. mesh size and selectivity device",OT_DMF,20260422,Added to include mesh sizes for freshwater species,,,,,,,,,,,,,,,,,,
BALT,OTB_FWS_16-31_0_0,,,,,OTB_FWS,"Bottom otter trawl, Freshwater species, see the code reg. mesh size and selectivity device",OT_DMF,20260422,Added to include mesh sizes for freshwater species,,,,,,,,,,,,,,,,,,
BALT,OTB_FWS_32-89_0_0,,,,,OTB_FWS,"Bottom otter trawl, Freshwater species, see the code reg. mesh size and selectivity device",OT_DMF,20260422,Added to include mesh sizes for freshwater species,,,,,,,,,,,,,,,,,,
BALT,OTB_FWS_90-104_0_0,,,,,OTB_FWS,"Bottom otter trawl, Freshwater species, see the code reg. mesh size and selectivity device",OT_DMF,20260422,Added to include mesh sizes for freshwater species,,,,,,,,,,,,,,,,,,
BALT,OTB_FWS_105-115_0_0,,,,,OTB_FWS,"Bottom otter trawl, Freshwater species, see the code reg. mesh size and selectivity device",OT_DMF,20260422,Added to include mesh sizes for freshwater species,,,,,,,,,,,,,,,,,,
BALT,OTB_FWS_115-120_0_0,,,,,OTB_FWS,"Bottom otter trawl, Freshwater species, see the code reg. mesh size and selectivity device",OT_DMF,20260422,Added to include mesh sizes for freshwater species,,,,,,,,,,,,,,,,,,
BALT,OTB_FWS_>=120_0_0,,,,,OTB_FWS,"Bottom otter trawl, Freshwater species, see the code reg. mesh size and selectivity device",OT_DMF,20260422,Added to include mesh sizes for freshwater species,,,,,,,,,,,,,,,,,,
BALT,OTT_SPF_<16_0_0,,,,,OTT_SPF,"Bottom twin trawl, Small pelagic fish, see the code reg. mesh size and selectivity device",OT_SPF,20220909,,,,,,,,,,,,,,,,,,,
BALT,OTT_SPF_>=120_3_120,,,,,OTT_SPF,"Bottom twin trawl, Small pelagic fish, see the code reg. mesh size and selectivity device",OT_SPF,20220909,,,,,,,,,,,,,,,,,,,
BALT,OTT_SPF_>0_0_0,,,,,OTT_SPF,"Bottom twin trawl, Small pelagic fish, see the code reg. mesh size and selectivity device",OT_SPF,20220909,,,,,,,,,,,,,,,,,,,
BALT,OTT_SPF_105-115_1_110,,2010,,,OTT_SPF,"Bottom twin trawl, Small pelagic fish, see the code reg. mesh size and selectivity device",OT_SPF,20220909,,,,,,,,,,,,,,,,,,,
BALT,OTT_SPF_105-115_1_120,2011,,,,OTT_SPF,"Bottom twin trawl, Small pelagic fish, see the code reg. mesh size and selectivity device",OT_SPF,20220909,,,,,,,,,,,,,,,,,,,
BALT,OTT_SPF_115-120_0_0,,,,,OTT_SPF,"Bottom twin trawl, Small pelagic fish, see the code reg. mesh size and selectivity device",OT_SPF,20220909,,,,,,,,,,,,,,,,,,,
BALT,OTT_SPF_115-120_3_115,,,,,OTT_SPF,"Bottom twin trawl, Small pelagic fish, see the code reg. mesh size and selectivity device",OT_SPF,20220909,,,,,,,,,,,,,,,,,,,
BALT,OTT_SPF_16-31_0_0,,,,,OTT_SPF,"Bottom twin trawl, Small pelagic fish, see the code reg. mesh size and selectivity device",OT_SPF,20220909,,,,,,,,,,,,,,,,,,,
BALT,OTT_SPF_32-89_0_0,,,,,OTT_SPF,"Bottom twin trawl, Small pelagic fish, see the code reg. mesh size and selectivity device",OT_SPF,20220909,,,,,,,,,,,,,,,,,,,
BALT,OTT_SPF_90-104_0_0,,,,,OTT_SPF,"Bottom twin trawl, Small pelagic fish, see the code reg. mesh size and selectivity device",OT_SPF,20220909,,,,,,,,,,,,,,,,,,,
BALT,OTB_SPF_<16_0_0,,,,,OTB_SPF,"Bottom otter trawl, Small pelagic fish, see the code reg. mesh size and selectivity device",OT_SPF,,,,,,,,,,,,,,,,,,,,
BALT,OTB_SPF_>=120_3_120,,,OTB_SPF_>=120_0_0,POL,OTB_SPF,"Bottom otter trawl, Small pelagic fish, see the code reg. mesh size and selectivity device",OT_SPF,,,,,,,,,,,,,,,,,,,,
BALT,OTB_SPF_>0_0_0,,,,,OTB_SPF,"Bottom otter trawl, Small pelagic fish, see the code reg. mesh size and selectivity device",OT_SPF,,,,,,,,,,,,,,,,,,,,
BALT,OTB_SPF_105-115_1_110,,2010,,,OTB_SPF,"Bottom otter trawl, Small pelagic fish, see the code reg. mesh size and selectivity device (ending 2010)",OT_SPF,,,,,,,,,,,,,,,,,,,,
BALT,OTB_SPF_105-115_1_120,2011,,OTB_SPF_>=105_1_120,DNK,OTB_SPF,"Bottom otter trawl, Small pelagic fish, see the code reg. mesh size and selectivity device (starting 2011)",OT_SPF,,,,,,,,,,,,,,,,,,,,
BALT,OTB_SPF_115-120_0_0,,,,,OTB_SPF,"Bottom otter trawl, Small pelagic fish, see the code reg. mesh size and selectivity device",OT_SPF,20220909,,,,,,,,,,,,,,,,,,,
BALT,OTB_SPF_115-120_3_115,,,,,OTB_SPF,"Bottom otter trawl, Small pelagic fish, see the code reg. mesh size and selectivity device",OT_SPF,,,,,,,,,,,,,,,,,,,,
BALT,OTB_SPF_16-31_0_0,,,"OTB_SPF_16-31_0_0, OTB_SPF_16-104_0_0","DEU, DNK, LTU, LVA, POL, SWE",OTB_SPF,"Bottom otter trawl, Small pelagic fish, see the code reg. mesh size and selectivity device",OT_SPF,,,,,,,,,,,,,,,,,,,,
BALT,OTB_SPF_32-89_0_0,,,"OTB_SPF_32-89_0_0, OTB_SPF_32-104_0_0","DEU, DNK, POL, SWE",OTB_SPF,"Bottom otter trawl, Small pelagic fish, see the code reg. mesh size and selectivity device",OT_SPF,,,,,,,,,,,,,,,,,,,,
BALT,OTB_SPF_90-104_0_0,,,OTB_SPF_90-104_0_0,DNK ,OTB_SPF,"Bottom otter trawl, Small pelagic fish, see the code reg. mesh size and selectivity device",OT_SPF,,,,,,,,,,,,,,,,,,,,
BALT,OTM_DEF_<16_0_0,,,OTM_DEF_<16_0_0,"DNK, POL",OTM_DEF,"Midwater otter trawl, Demersal species, see the code reg. mesh size and selectivity device",,,,,,,,,,,,,,,,,,,,,
BALT,OTM_DEF_>=120_3_120,,,OTM_DEF_>120_0_0,"LTU, SWE",OTM_DEF,"Midwater otter trawl, Demersal species, see the code reg. mesh size and selectivity device",,,,,,,,,,,,,,,,,,,,,
BALT,OTM_DEF_>0_0_0,,,,,OTM_DEF,"Midwater otter trawl, Demersal species, see the code reg. mesh size and selectivity device",,,,,,,,,,,,,,,,,,,,,
BALT,OTM_DEF_105-115_1_110,,2010,OTM_DEF_>=105_1_110,"DEU, DNK, EST, SWE",OTM_DEF,"Midwater otter trawl, Demersal species, see the code reg. mesh size and selectivity device",,,,,,,,,,,,,,,,,,,,,
BALT,OTM_DEF_105-115_1_120,2011,,OTM_DEF_>=105_1_120,"DEU, DNK, FIN, STU, LVA, POL, SWE",OTM_DEF,"Midwater otter trawl, Demersal species, see the code reg. mesh size and selectivity device",,,,,,,,,,,,,,,,,,,,,
BALT,OTM_DEF_115-120_0_0,,,,,OTM_DEF,"Midwater otter trawl, Demersal species, see the code reg. mesh size and selectivity device",,20220909,,,,,,,,,,,,,,,,,,,
BALT,OTM_DEF_115-120_3_115,,,,,OTM_DEF,"Midwater otter trawl, Demersal species, see the code reg. mesh size and selectivity device",,,,,,,,,,,,,,,,,,,,,
BALT,OTM_DEF_16-31_0_0,,,,,OTM_DEF,"Midwater otter trawl, Demersal species, see the code reg. mesh size and selectivity device",,,,,,,,,,,,,,,,,,,,,
BALT,OTM_DEF_32-89_0_0,,,,,OTM_DEF,"Midwater otter trawl, Demersal species, see the code reg. mesh size and selectivity device",,,,,,,,,,,,,,,,,,,,,
BALT,OTM_DEF_90-104_0_0,,,OTM_DEF_90-104_0_0,DEU ,OTM_DEF,"Midwater otter trawl, Demersal species, see the code reg. mesh size and selectivity device",,,,,,,,,,,,,,,,,,,,,
BALT,OTM_FWS_>0_0_0,,,OTM_FWS_>0_0_0,FIN,OTM_FWS,"Midwater otter trawl, Freshwater species, see the code reg. mesh size and selectivity device",,,,,,,,,,,,,,,,,,,,,
BALT,OTM_FWS_<16_0_0,,,,,OTM_FWS,"Midwater otter trawl, Freshwater species, see the code reg. mesh size and selectivity device",,20260422,Added to include mesh sizes for freshwater species,,,,,,,,,,,,,,,,,,
BALT,OTM_FWS_16-31_0_0,,,,,OTM_FWS,"Midwater otter trawl, Freshwater species, see the code reg. mesh size and selectivity device",,20260422,Added to include mesh sizes for freshwater species,,,,,,,,,,,,,,,,,,
BALT,OTM_FWS_32-89_0_0,,,,,OTM_FWS,"Midwater otter trawl, Freshwater species, see the code reg. mesh size and selectivity device",,20260422,Added to include mesh sizes for freshwater species,,,,,,,,,,,,,,,,,,
BALT,OTM_FWS_90-104_0_0,,,,,OTM_FWS,"Midwater otter trawl, Freshwater species, see the code reg. mesh size and selectivity device",,20260422,Added to include mesh sizes for freshwater species,,,,,,,,,,,,,,,,,,
BALT,OTM_FWS_105-115_0_0,,,,,OTM_FWS,"Midwater otter trawl, Freshwater species, see the code reg. mesh size and selectivity device",,20260422,Added to include mesh sizes for freshwater species,,,,,,,,,,,,,,,,,,
BALT,OTM_FWS_115-120_0_0,,,,,OTM_FWS,"Midwater otter trawl, Freshwater species, see the code reg. mesh size and selectivity device",,20260422,Added to include mesh sizes for freshwater species,,,,,,,,,,,,,,,,,,
BALT,OTM_FWS_>=120_0_0,,,,,OTM_FWS,"Midwater otter trawl, Freshwater species, see the code reg. mesh size and selectivity device",,20260422,Added to include mesh sizes for freshwater species,,,,,,,,,,,,,,,,,,
BALT,OTM_SPF_<16_0_0,,,,,OTM_SPF,"Midwater otter trawl, Small pelagic fish, see the code reg. mesh size and selectivity device",,,,,,,,,,,,,,,,,,,,,
BALT,OTM_SPF_>=120_3_120,,,,,OTM_SPF,"Midwater otter trawl, Small pelagic fish, see the code reg. mesh size and selectivity device",,,,,,,,,,,,,,,,,,,,,
BALT,OTM_SPF_>0_0_0,,,,,OTM_SPF,"Midwater otter trawl, Small pelagic fish, see the code reg. mesh size and selectivity device",,,,,,,,,,,,,,,,,,,,,
BALT,OTM_SPF_105-115_1_110,,2010,OTM_SPF_>=105_1_110,DNK,OTM_SPF,"Midwater otter trawl, Small pelagic fish, see the code reg. mesh size and selectivity device (ending 2010)",,,,,,,,,,,,,,,,,,,,,
BALT,OTM_SPF_105-115_1_120,2011,,OTM_SPF_>=105_1_120,LTU,OTM_SPF,"Midwater otter trawl, Small pelagic fish, see the code reg. mesh size and selectivity device (starting 2011)",,,,,,,,,,,,,,,,,,,,,
BALT,OTM_SPF_115-120_0_0,,,,,OTM_SPF,"Midwater otter trawl, Small pelagic fish, see the code reg. mesh size and selectivity device",,20220909,,,,,,,,,,,,,,,,,,,
BALT,OTM_SPF_115-120_3_115,,,,,OTM_SPF,"Midwater otter trawl, Small pelagic fish, see the code reg. mesh size and selectivity device",,,,,,,,,,,,,,,,,,,,,
BALT,OTM_SPF_16-31_0_0,,,"OTM_SPF_16-31_0_0, OTM_SPF_16-104_0_0","DEU, DNK, EST, FIN, LTU, LVA, POL, SWE",OTM_SPF,"Midwater otter trawl, Small pelagic fish, see the code reg. mesh size and selectivity device",,,,,,,,,,,,,,,,,,,,,
BALT,OTM_SPF_32-89_0_0,,,"OTM_SPF_32-89_0_0, OTM_SPF_32-69_0_0, OTM_SPF_32-104_0_0, OTM_SPF_40-59_0_0","DEU, DNK, LTU, POL, SWE",OTM_SPF,"Midwater otter trawl, Small pelagic fish, see the code reg. mesh size and selectivity device",,,,,,,,,,,,,,,,,,,,,
BALT,OTM_SPF_90-104_0_0,,,,,OTM_SPF,"Midwater otter trawl, Small pelagic fish, see the code reg. mesh size and selectivity device",,,,,,,,,,,,,,,,,,,,,
BALT,OTT_DEF_<16_0_0,,,,,OTT_DEF,"Otter twin trawls, Demersal species, see the code reg. mesh size and selectivity device",OT_DMF,,,,,,,,,,,,,,,,,,,,
BALT,OTT_DEF_>=120_3_120,,,OTT_DEF_>=120_0_0,SWE,OTT_DEF,"Otter twin trawls, Demersal species, see the code reg. mesh size and selectivity device",OT_DMF,,,,,,,,,,,,,,,,,,,,
BALT,OTT_DEF_>0_0_0,,,,,OTT_DEF,"Otter twin trawls, Demersal species, see the code reg. mesh size and selectivity device",OT_DMF,,,,,,,,,,,,,,,,,,,,
BALT,OTT_DEF_105-115_1_110,,2010,OTT_DEF_>=105_1_110,SWE,OTT_DEF,"Otter twin trawls, Demersal species, see the code reg. mesh size and selectivity device",OT_DMF,,,,,,,,,,,,,,,,,,,,
BALT,OTT_DEF_105-115_1_120,2011,,OTT_DEF_>=105_1_120,"DEU, SWE",OTT_DEF,"Otter twin trawls, Demersal species, see the code reg. mesh size and selectivity device",OT_DMF,,,,,,,,,,,,,,,,,,,,
BALT,OTT_DEF_115-120_0_0,,,,,OTT_DEF,"Otter twin trawls, Demersal species, see the code reg. mesh size and selectivity device",OT_DMF,20220909,,,,,,,,,,,,,,,,,,,
BALT,OTT_DEF_115-120_3_115,,,,,OTT_DEF,"Otter twin trawls, Demersal species, see the code reg. mesh size and selectivity device",OT_DMF,,,,,,,,,,,,,,,,,,,,
BALT,OTT_DEF_16-31_0_0,,,,,OTT_DEF,"Otter twin trawls, Demersal species, see the code reg. mesh size and selectivity device",OT_DMF,,,,,,,,,,,,,,,,,,,,
BALT,OTT_DEF_32-89_0_0,,,,,OTT_DEF,"Otter twin trawls, Demersal species, see the code reg. mesh size and selectivity device",OT_DMF,,,,,,,,,,,,,,,,,,,,
BALT,OTT_DEF_90-104_0_0,,,,,OTT_DEF,"Otter twin trawls, Demersal species, see the code reg. mesh size and selectivity device",OT_DMF,,,,,,,,,,,,,,,,,,,,
BALT,PS_SPF_<16_0_0,,,,,PS_SPF,"Purse seine, Small pelagic fish, see the code reg. mesh size and selectivity device",,,,,,,,,,,,,,,,,,,,,
BALT,PS_SPF_>=120_3_120,,,,,PS_SPF,"Purse seine, Small pelagic fish, see the code reg. mesh size and selectivity device",,,,,,,,,,,,,,,,,,,,,
BALT,PS_SPF_>0_0_0,,,,,PS_SPF,"Purse seine, Small pelagic fish, see the code reg. mesh size and selectivity device",,,,,,,,,,,,,,,,,,,,,
BALT,PS_SPF_105-115_1_110,,2010,,,PS_SPF,"Purse seine, Small pelagic fish, see the code reg. mesh size and selectivity device (ending 2010)",,,,,,,,,,,,,,,,,,,,,
BALT,PS_SPF_105-115_1_120,2011,,,,PS_SPF,"Purse seine, Small pelagic fish, see the code reg. mesh size and selectivity device (starting 2011)",,,,,,,,,,,,,,,,,,,,,
BALT,PS_SPF_115-120_0_0,,,,,PS_SPF,"Purse seine, Small pelagic fish, see the code reg. mesh size and selectivity device",,20220909,,,,,,,,,,,,,,,,,,,
BALT,PS_SPF_115-120_3_115,,,,,PS_SPF,"Purse seine, Small pelagic fish, see the code reg. mesh size and selectivity device",,,,,,,,,,,,,,,,,,,,,
BALT,PS_SPF_16-31_0_0,,,PS_SPF_16-31_0_0,"DNK, SWE",PS_SPF,"Purse seine, Small pelagic fish, see the code reg. mesh size and selectivity device",,,,,,,,,,,,,,,,,,,,,
BALT,PS_SPF_32-89_0_0,,,PS_SPF_32-104_0_0,SWE,PS_SPF,"Purse seine, Small pelagic fish, see the code reg. mesh size and selectivity device",,,,,,,,,,,,,,,,,,,,,
BALT,PS_SPF_90-104_0_0,,,,,PS_SPF,"Purse seine, Small pelagic fish, see the code reg. mesh size and selectivity device",,,,,,,,,,,,,,,,,,,,,
BALT,PTB_DEF_<16_0_0,,,PTB_DEF_<16_0_0,DNK,PTB_DEF,"Bottom pair trawl, Demersal species, see the code reg. mesh size and selectivity device",OT_DMF,,,,,,,,,,,,,,,,,,,,
BALT,PTB_DEF_>=120_3_120,,,,,PTB_DEF,"Bottom pair trawl, Demersal species, see the code reg. mesh size and selectivity device",OT_DMF,,,,,,,,,,,,,,,,,,,,
BALT,PTB_DEF_>0_0_0,,,,,PTB_DEF,"Bottom pair trawl, Demersal species, see the code reg. mesh size and selectivity device",OT_DMF,,,,,,,,,,,,,,,,,,,,
BALT,PTB_DEF_105-115_1_110,,2010,PTB_DEF_>=105_1_110,"DEU, DNK, SWE",PTB_DEF,"Bottom pair trawl, Demersal species, see the code reg. mesh size and selectivity device",OT_DMF,,,,,,,,,,,,,,,,,,,,
BALT,PTB_DEF_105-115_1_120,2011,,PTB_DEF_>=105_1_120,"DEU, DNK, POL, SWE",PTB_DEF,"Bottom pair trawl, Demersal species, see the code reg. mesh size and selectivity device",OT_DMF,,,,,,,,,,,,,,,,,,,,
BALT,PTB_DEF_115-120_0_0,,,,,PTB_DEF,"Bottom pair trawl, Demersal species, see the code reg. mesh size and selectivity device",OT_DMF,20220909,,,,,,,,,,,,,,,,,,,
BALT,PTB_DEF_115-120_3_115,,,,,PTB_DEF,"Bottom pair trawl, Demersal species, see the code reg. mesh size and selectivity device",OT_DMF,,,,,,,,,,,,,,,,,,,,
BALT,PTB_DEF_16-31_0_0,,,,,PTB_DEF,"Bottom pair trawl, Demersal species, see the code reg. mesh size and selectivity device",OT_DMF,,,,,,,,,,,,,,,,,,,,
BALT,PTB_DEF_32-89_0_0,,,,,PTB_DEF,"Bottom pair trawl, Demersal species, see the code reg. mesh size and selectivity device",OT_DMF,,,,,,,,,,,,,,,,,,,,
BALT,PTB_DEF_90-104_0_0,,,PTB_DEF_90-104_0_0,"DEU, DNK ",PTB_DEF,"Bottom pair trawl, Demersal species, see the code reg. mesh size and selectivity device",OT_DMF,,,,,,,,,,,,,,,,,,,,
BALT,PTB_FWS_>0_0_0,,,PTB_FWS_>0_0_0,"DEU, SWE",PTB_FWS,"Bottom pair trawl, Freshwater species, see the code reg. mesh size and selectivity device",OT_DMF,,,,,,,,,,,,,,,,,,,,
BALT,PTB_FWS_<16_0_0,,,,,PTB_FWS,"Bottom pair trawl, Freshwater species, see the code reg. mesh size and selectivity device",OT_DMF,20260422,Added to include mesh sizes for freshwater species,,,,,,,,,,,,,,,,,,
BALT,PTB_FWS_16-31_0_0,,,,,PTB_FWS,"Bottom pair trawl, Freshwater species, see the code reg. mesh size and selectivity device",OT_DMF,20260422,Added to include mesh sizes for freshwater species,,,,,,,,,,,,,,,,,,
BALT,PTB_FWS_32-89_0_0,,,,,PTB_FWS,"Bottom pair trawl, Freshwater species, see the code reg. mesh size and selectivity device",OT_DMF,20260422,Added to include mesh sizes for freshwater species,,,,,,,,,,,,,,,,,,
BALT,PTB_FWS_90-104_0_0,,,,,PTB_FWS,"Bottom pair trawl, Freshwater species, see the code reg. mesh size and selectivity device",OT_DMF,20260422,Added to include mesh sizes for freshwater species,,,,,,,,,,,,,,,,,,
BALT,PTB_FWS_105-115_0_0,,,,,PTB_FWS,"Bottom pair trawl, Freshwater species, see the code reg. mesh size and selectivity device",OT_DMF,20260422,Added to include mesh sizes for freshwater species,,,,,,,,,,,,,,,,,,
BALT,PTB_FWS_115-120_0_0,,,,,PTB_FWS,"Bottom pair trawl, Freshwater species, see the code reg. mesh size and selectivity device",OT_DMF,20260422,Added to include mesh sizes for freshwater species,,,,,,,,,,,,,,,,,,
BALT,PTB_FWS_>=120_0_0,,,,,PTB_FWS,"Bottom pair trawl, Freshwater species, see the code reg. mesh size and selectivity device",OT_DMF,20260422,Added to include mesh sizes for freshwater species,,,,,,,,,,,,,,,,,,
BALT,PTB_SPF_<16_0_0,,,,,PTB_SPF,"Bottom pair trawl, Small pelagic fish, see the code reg. mesh size and selectivity device",OT_SPF,,,,,,,,,,,,,,,,,,,,
BALT,PTB_SPF_>=120_3_120,,,,,PTB_SPF,"Bottom pair trawl, Small pelagic fish, see the code reg. mesh size and selectivity device",OT_SPF,,,,,,,,,,,,,,,,,,,,
BALT,PTB_SPF_>0_0_0,,,,,PTB_SPF,"Bottom pair trawl, Small pelagic fish, see the code reg. mesh size and selectivity device",OT_SPF,,,,,,,,,,,,,,,,,,,,
BALT,PTB_SPF_105-115_1_110,,2010,PTB_SPF_>=105_1_110,DNK,PTB_SPF,"Bottom pair trawl, Small pelagic fish, see the code reg. mesh size and selectivity device (ending 2010)",OT_SPF,,,,,,,,,,,,,,,,,,,,
BALT,PTB_SPF_105-115_1_120,2011,,PTB_SPF_>=105_1_120,"DNK, POL",PTB_SPF,"Bottom pair trawl, Small pelagic fish, see the code reg. mesh size and selectivity device (starting 2011)",OT_SPF,,,,,,,,,,,,,,,,,,,,
BALT,PTB_SPF_115-120_0_0,,,,,PTB_SPF,"Bottom pair trawl, Small pelagic fish, see the code reg. mesh size and selectivity device",OT_SPF,20220909,,,,,,,,,,,,,,,,,,,
BALT,PTB_SPF_115-120_3_115,,,,,PTB_SPF,"Bottom pair trawl, Small pelagic fish, see the code reg. mesh size and selectivity device",OT_SPF,,,,,,,,,,,,,,,,,,,,
BALT,PTB_SPF_16-31_0_0,,,"PTB_SPF_16-31_0_0, PTB_SPF_16-104_0_0","DEU, DNK, POL, SWE",PTB_SPF,"Bottom pair trawl, Small pelagic fish, see the code reg. mesh size and selectivity device",OT_SPF,,,,,,,,,,,,,,,,,,,,
BALT,PTB_SPF_32-89_0_0,,,"PTB_SPF_32-89_0_0, PTB_SPF_32-104_0_0","DEU, DNK, POL, SWE",PTB_SPF,"Bottom pair trawl, Small pelagic fish, see the code reg. mesh size and selectivity device",OT_SPF,,,,,,,,,,,,,,,,,,,,
BALT,PTB_SPF_90-104_0_0,,,,,PTB_SPF,"Bottom pair trawl, Small pelagic fish, see the code reg. mesh size and selectivity device",OT_SPF,,,,,,,,,,,,,,,,,,,,
BALT,PTM_DEF_<16_0_0,,,PTM_DEF_<16_0_0,"DNK, POL",PTM_DEF,"Midwater otter trawl, Demersal species, see the code reg. mesh size and selectivity device",,,,,,,,,,,,,,,,,,,,,
BALT,PTM_DEF_>=120_3_120,,,,,PTM_DEF,"Midwater otter trawl, Demersal species, see the code reg. mesh size and selectivity device",,,,,,,,,,,,,,,,,,,,,
BALT,PTM_DEF_>0_0_0,,,,,PTM_DEF,"Midwater otter trawl, Demersal species, see the code reg. mesh size and selectivity device",,,,,,,,,,,,,,,,,,,,,
BALT,PTM_DEF_105-115_1_110,,2010,PTM_DEF_>=105_1_110,DNK ,PTM_DEF,"Midwater otter trawl, Demersal species, see the code reg. mesh size and selectivity device",,,,,,,,,,,,,,,,,,,,,
BALT,PTM_DEF_105-115_1_120,2011,,PTM_DEF_>=105_1_120,"DEU, DNK, POL",PTM_DEF,"Midwater otter trawl, Demersal species, see the code reg. mesh size and selectivity device",,,,,,,,,,,,,,,,,,,,,
BALT,PTM_DEF_115-120_0_0,,,,,PTM_DEF,"Midwater otter trawl, Demersal species, see the code reg. mesh size and selectivity device",,20220909,,,,,,,,,,,,,,,,,,,
BALT,PTM_DEF_115-120_3_115,,,,,PTM_DEF,"Midwater otter trawl, Demersal species, see the code reg. mesh size and selectivity device",,,,,,,,,,,,,,,,,,,,,
BALT,PTM_DEF_16-31_0_0,,,,,PTM_DEF,"Midwater otter trawl, Demersal species, see the code reg. mesh size and selectivity device",,,,,,,,,,,,,,,,,,,,,
BALT,PTM_DEF_32-89_0_0,,,,,PTM_DEF,"Midwater otter trawl, Demersal species, see the code reg. mesh size and selectivity device",,,,,,,,,,,,,,,,,,,,,
BALT,PTM_DEF_90-104_0_0,,,PTM_DEF_90-104_0_0,"DEU, DNK ",PTM_DEF,"Midwater otter trawl, Demersal species, see the code reg. mesh size and selectivity device",,,,,,,,,,,,,,,,,,,,,
BALT,PTM_FWS_>0_0_0,,,PTM_FWS_>0_0_0,"DEU, DNK, FIN",PTM_FWS,"Midwater otter trawl, Freshwater species, see the code reg. mesh size and selectivity device",,,,,,,,,,,,,,,,,,,,,
BALT,PTM_FWS_<16_0_0,,,,,PTM_FWS,"Midwater otter trawl, Freshwater species, see the code reg. mesh size and selectivity device",,20260422,Added to include mesh sizes for freshwater species,,,,,,,,,,,,,,,,,,
BALT,PTM_FWS_16-31_0_0,,,,,PTM_FWS,"Midwater otter trawl, Freshwater species, see the code reg. mesh size and selectivity device",,20260422,Added to include mesh sizes for freshwater species,,,,,,,,,,,,,,,,,,
BALT,PTM_FWS_32-89_0_0,,,,,PTM_FWS,"Midwater otter trawl, Freshwater species, see the code reg. mesh size and selectivity device",,20260422,Added to include mesh sizes for freshwater species,,,,,,,,,,,,,,,,,,
BALT,PTM_FWS_90-104_0_0,,,,,PTM_FWS,"Midwater otter trawl, Freshwater species, see the code reg. mesh size and selectivity device",,20260422,Added to include mesh sizes for freshwater species,,,,,,,,,,,,,,,,,,
BALT,PTM_FWS_105-115_0_0,,,,,PTM_FWS,"Midwater otter trawl, Freshwater species, see the code reg. mesh size and selectivity device",,20260422,Added to include mesh sizes for freshwater species,,,,,,,,,,,,,,,,,,
BALT,PTM_FWS_115-120_0_0,,,,,PTM_FWS,"Midwater otter trawl, Freshwater species, see the code reg. mesh size and selectivity device",,20260422,Added to include mesh sizes for freshwater species,,,,,,,,,,,,,,,,,,
BALT,PTM_FWS_>=120_0_0,,,,,PTM_FWS,"Midwater otter trawl, Freshwater species, see the code reg. mesh size and selectivity device",,20260422,Added to include mesh sizes for freshwater species,,,,,,,,,,,,,,,,,,
BALT,PTM_SPF_<16_0_0,,,PTM_SPF_<16_0_0,LTU,PTM_SPF,"Midwater otter trawl, Small pelagic fish, see the code reg. mesh size and selectivity device",,,,,,,,,,,,,,,,,,,,,
BALT,PTM_SPF_>=120_3_120,,,,,PTM_SPF,"Midwater otter trawl, Small pelagic fish, see the code reg. mesh size and selectivity device",,,,,,,,,,,,,,,,,,,,,
BALT,PTM_SPF_>0_0_0,,,,,PTM_SPF,"Midwater otter trawl, Small pelagic fish, see the code reg. mesh size and selectivity device",,,,,,,,,,,,,,,,,,,,,
BALT,PTM_SPF_105-115_1_110,,2010,PTM_SPF_>=105_1_110,DNK,PTM_SPF,"Midwater otter trawl, Small pelagic fish, see the code reg. mesh size and selectivity device (ending 2010)",,,,,,,,,,,,,,,,,,,,,
BALT,PTM_SPF_105-115_1_120,2011,,PTM_SPF_>=105_1_120,POL,PTM_SPF,"Midwater otter trawl, Small pelagic fish, see the code reg. mesh size and selectivity device (starting 2011)",,,,,,,,,,,,,,,,,,,,,
BALT,PTM_SPF_115-120_0_0,,,,,PTM_SPF,"Midwater otter trawl, Small pelagic fish, see the code reg. mesh size and selectivity device",,20220909,,,,,,,,,,,,,,,,,,,
BALT,PTM_SPF_115-120_3_115,,,,,PTM_SPF,"Midwater otter trawl, Small pelagic fish, see the code reg. mesh size and selectivity device",,,,,,,,,,,,,,,,,,,,,
BALT,PTM_SPF_16-31_0_0,,,"PTM_SPF_16-31_0_0, PTM_SPF_16-104_0_0","DEU, DNK, LTU, LVA, POL, SWE",PTM_SPF,"Midwater otter trawl, Small pelagic fish, see the code reg. mesh size and selectivity device",,,,,,,,,,,,,,,,,,,,,
BALT,PTM_SPF_32-89_0_0,,,"PTM_SPF_32-89_0_0, PTM_SPF_32-69_0_0, PTM_SPF_32-104_0_0","DEU, DNK, POL, SWE",PTM_SPF,"Midwater otter trawl, Small pelagic fish, see the code reg. mesh size and selectivity device",,,,,,,,,,,,,,,,,,,,,
BALT,PTM_SPF_90-104_0_0,,,PTM_SPF_90-104_0_0,DNK ,PTM_SPF,"Midwater otter trawl, Small pelagic fish, see the code reg. mesh size and selectivity device",,,,,,,,,,,,,,,,,,,,,
BALT,SB_DEF_>0_0_0,,,,,SB_DEF,"Beach Seines, Demersal species, see the code reg. mesh size and selectivity device",,,,,,,,,,,,,,,,,,,,,
BALT,SB_FIF_>0_0_0,,,SB_FIF_>0_0_0,"POL, SWE",SB_FIF,"Beach Seines, Finfish, see the code reg. mesh size and selectivity device",,,,,,,,,,,,,,,,,,,,,
BALT,SDN_DEF_<16_0_0,,,,,SDN_DEF,"Anchored seine, Demersal species, see the code reg. mesh size and selectivity device",SDN_DMF,,,,,,,,,,,,,,,,,,,,
BALT,SDN_DEF_>=120_3_120,,,,,SDN_DEF,"Anchored seine, Demersal species, see the code reg. mesh size and selectivity device",SDN_DMF,,,,,,,,,,,,,,,,,,,,
BALT,SDN_DEF_>0_0_0,,,,,SDN_DEF,"Anchored seine, Demersal species, see the code reg. mesh size and selectivity device",SDN_DMF,,,,,,,,,,,,,,,,,,,,
BALT,SDN_DEF_105-115_1_110,,2010,SDN_DEF_>=105_1_110,"DEU, DNK, LVA",SDN_DEF,"Anchored seine, Demersal species, see the code reg. mesh size and selectivity device",SDN_DMF,,,,,,,,,,,,,,,,,,,,
BALT,SDN_DEF_105-115_1_120,2011,,SDN_DEF_>=105_1_120,"DEU, DNK, EST, POL",SDN_DEF,"Anchored seine, Demersal species, see the code reg. mesh size and selectivity device",SDN_DMF,,,,,,,,,,,,,,,,,,,,
BALT,SDN_DEF_115-120_0_0,,,,,SDN_DEF,"Anchored seine, Demersal species, see the code reg. mesh size and selectivity device",SDN_DMF,20220909,,,,,,,,,,,,,,,,,,,
BALT,SDN_DEF_115-120_3_115,,,,,SDN_DEF,"Anchored seine, Demersal species, see the code reg. mesh size and selectivity device",SDN_DMF,,,,,,,,,,,,,,,,,,,,
BALT,SDN_DEF_16-31_0_0,,,,,SDN_DEF,"Anchored seine, Demersal species, see the code reg. mesh size and selectivity device",SDN_DMF,,,,,,,,,,,,,,,,,,,,
BALT,SDN_DEF_32-89_0_0,,,SDN_SPF_32-104_0_0,"DEU, POL",SDN_DEF,"Anchored seine, Demersal species, see the code reg. mesh size and selectivity device",SDN_DMF,,,,,,,,,,,,,,,,,,,,
BALT,SDN_DEF_90-104_0_0,,,SDN_DEF_90-104_0_0,DNK ,SDN_DEF,"Anchored seine, Demersal species, see the code reg. mesh size and selectivity device",SDN_DMF,,,,,,,,,,,,,,,,,,,,
BALT,SDN_SPF_<16_0_0,,,,,SDN_SPF,"Anchored seine, Small pelagic fish, see the code reg. mesh size and selectivity device",SDN_DMF,20220909,,,,,,,,,,,,,,,,,,,
BALT,SDN_SPF_>=120_3_120,,,,,SDN_SPF,"Anchored seine, Small pelagic fish, see the code reg. mesh size and selectivity device",SDN_DMF,20220909,,,,,,,,,,,,,,,,,,,
BALT,SDN_SPF_>0_0_0,,,,,SDN_SPF,"Anchored seine, Small pelagic fish, see the code reg. mesh size and selectivity device",SDN_DMF,20220909,,,,,,,,,,,,,,,,,,,
BALT,SDN_SPF_105-115_1_110,,2010,,,SDN_SPF,"Anchored seine, Small pelagic fish, see the code reg. mesh size and selectivity device",SDN_DMF,20220909,,,,,,,,,,,,,,,,,,,
BALT,SDN_SPF_105-115_1_120,2011,,,,SDN_SPF,"Anchored seine, Small pelagic fish, see the code reg. mesh size and selectivity device",SDN_DMF,20220909,,,,,,,,,,,,,,,,,,,
BALT,SDN_SPF_115-120_0_0,,,,,SDN_SPF,"Anchored seine, Small pelagic fish, see the code reg. mesh size and selectivity device",SDN_DMF,20220909,,,,,,,,,,,,,,,,,,,
BALT,SDN_SPF_115-120_3_115,,,,,SDN_SPF,"Anchored seine, Small pelagic fish, see the code reg. mesh size and selectivity device",SDN_DMF,20220909,,,,,,,,,,,,,,,,,,,
BALT,SDN_SPF_16-31_0_0,,,,,SDN_SPF,"Anchored seine, Small pelagic fish, see the code reg. mesh size and selectivity device",SDN_DMF,20220909,,,,,,,,,,,,,,,,,,,
BALT,SDN_SPF_32-89_0_0,,,,,SDN_SPF,"Anchored seine, Small pelagic fish, see the code reg. mesh size and selectivity device",SDN_DMF,20220909,,,,,,,,,,,,,,,,,,,
BALT,SDN_SPF_90-104_0_0,,,,,SDN_SPF,"Anchored seine, Small pelagic fish, see the code reg. mesh size and selectivity device",SDN_DMF,20220909,,,,,,,,,,,,,,,,,,,
BALT,SPR_DEF_>0_0_0,,,,,SPR_DEF,"Pair seine, Demersal species, see the code reg. mesh size and selectivity device",,20220909,,,,,,,,,,,,,,,,,,,
BALT,SPR_DEF_>=120_0_0,,,,,SPR_DEF,"Pair seine, Demersal species, see the code reg. mesh size and selectivity device",SDN_DMF,20220909,,,,,,,,,,,,,,,,,,,
BALT,SSC_DEF_<16_0_0,,,SSC_DEF_<16_0_0,DNK,SSC_DEF,"Fly shooting seine, Demersal species, see the code reg. mesh size and selectivity device",SSC_DMF,,,,,,,,,,,,,,,,,,,,
BALT,SSC_DEF_>=120_3_120,,,,,SSC_DEF,"Fly shooting seine, Demersal species, see the code reg. mesh size and selectivity device",SSC_DMF,,,,,,,,,,,,,,,,,,,,
BALT,SSC_DEF_>0_0_0,,,,,SSC_DEF,"Fly shooting seine, Demersal species, see the code reg. mesh size and selectivity device",SSC_DMF,,,,,,,,,,,,,,,,,,,,
BALT,SSC_DEF_105-115_1_110,,2010,SSC_DEF_>=105_1_110,"DEU, DNK",SSC_DEF,"Fly shooting seine, Demersal species, see the code reg. mesh size and selectivity device",SSC_DMF,,,,,,,,,,,,,,,,,,,,
BALT,SSC_DEF_105-115_1_120,2011,,SSC_DEF_>=105_1_120,"DEU, DNK",SSC_DEF,"Fly shooting seine, Demersal species, see the code reg. mesh size and selectivity device",SSC_DMF,,,,,,,,,,,,,,,,,,,,
BALT,SSC_DEF_115-120_0_0,,,,,SSC_DEF,"Fly shooting seine, Demersal species, see the code reg. mesh size and selectivity device",SSC_DMF,20220909,,,,,,,,,,,,,,,,,,,
BALT,SSC_DEF_115-120_3_115,,,,,SSC_DEF,"Fly shooting seine, Demersal species, see the code reg. mesh size and selectivity device",SSC_DMF,,,,,,,,,,,,,,,,,,,,
BALT,SSC_DEF_16-31_0_0,,,,,SSC_DEF,"Fly shooting seine, Demersal species, see the code reg. mesh size and selectivity device",SSC_DMF,,,,,,,,,,,,,,,,,,,,
BALT,SSC_DEF_32-89_0_0,,,,,SSC_DEF,"Fly shooting seine, Demersal species, see the code reg. mesh size and selectivity device",SSC_DMF,,,,,,,,,,,,,,,,,,,,
BALT,SSC_DEF_90-104_0_0,,,,,SSC_DEF,"Fly shooting seine, Demersal species, see the code reg. mesh size and selectivity device",SSC_DMF,,,,,,,,,,,,,,,,,,,,
BALT,SSC_FWS_>0_0_0,,,SSC_FWS_>0_0_0,"FIN, POL",SSC_FWS,"Fly shooting seine, Freshwater species, see the code reg. mesh size and selectivity device",SSC_DMF,,,,,,,,,,,,,,,,,,,,
BALT,SSC_FWS_<16_0_0,,,,,SSC_FWS,"Fly shooting seine, Freshwater species, see the code reg. mesh size and selectivity device",SSC_DMF,20260422,Added to include mesh sizes for freshwater species,,,,,,,,,,,,,,,,,,
BALT,SSC_FWS_16-31_0_0,,,,,SSC_FWS,"Fly shooting seine, Freshwater species, see the code reg. mesh size and selectivity device",SSC_DMF,20260422,Added to include mesh sizes for freshwater species,,,,,,,,,,,,,,,,,,
BALT,SSC_FWS_32-89_0_0,,,,,SSC_FWS,"Fly shooting seine, Freshwater species, see the code reg. mesh size and selectivity device",SSC_DMF,20260422,Added to include mesh sizes for freshwater species,,,,,,,,,,,,,,,,,,
BALT,SSC_FWS_90-104_0_0,,,,,SSC_FWS,"Fly shooting seine, Freshwater species, see the code reg. mesh size and selectivity device",SSC_DMF,20260422,Added to include mesh sizes for freshwater species,,,,,,,,,,,,,,,,,,
BALT,SSC_FWS_105-115_0_0,,,,,SSC_FWS,"Fly shooting seine, Freshwater species, see the code reg. mesh size and selectivity device",SSC_DMF,20260422,Added to include mesh sizes for freshwater species,,,,,,,,,,,,,,,,,,
BALT,SSC_FWS_115-120_0_0,,,,,SSC_FWS,"Fly shooting seine, Freshwater species, see the code reg. mesh size and selectivity device",SSC_DMF,20260422,Added to include mesh sizes for freshwater species,,,,,,,,,,,,,,,,,,
BALT,SSC_FWS_>=120_0_0,,,,,SSC_FWS,"Fly shooting seine, Freshwater species, see the code reg. mesh size and selectivity device",SSC_DMF,20260422,Added to include mesh sizes for freshwater species,,,,,,,,,,,,,,,,,,
LDF,DIV_MOL_0_0_0,,,,,DIV_MOL,"Diving, Molluscs, see the code reg. mesh size and selectivity device",,20220909,,,,,,,,,,,,,,,,,,,
LDF,FPN_LPF_>0_0_0,,,,,FPN_LPF,"Stationary uncovered pound nets, Large pelagic fish, see the code reg. mesh size and selectivity device",,,,,,,,,,,,,,,,,,,,,
LDF,FPO_CRU_>0_0_0,,,,,FPO_CRU,"Pots and traps, Crustaceans, see the code reg. mesh size and selectivity device",,,,,,,,,,,,,,,,,,,,,
LDF,FPO_DEF_>0_0_0,,,,,FPO_DEF,"Pots and traps, Demersal species, see the code reg. mesh size and selectivity device",,,,,,,,,,,,,,,,,,,,,
LDF,FPO_FIF_>0_0_0,,,,,FPO_FIF,"Pots and traps, Finfish, see the code reg. mesh size and selectivity device",,,,,,,,,,,,,,,,,,,,,
LDF,LH_DEF_0_0_0,,,,,LH_DEF,"Hand and pole lines (not specified), Demersal species, see the code reg. mesh size and selectivity device",,,,,,,,,,,,,,,,,,,,,
LDF,LH_FIF_0_0_0,,,,,LH_FIF,"Hand and pole lines (not specified), Finfish, see the code reg. mesh size and selectivity device",,,,,,,,,,,,,,,,,,,,,
LDF,LH_LPF_0_0_0,,,,,LH_LPF,"Hand and pole lines (not specified), Large pelagic fish, see the code reg. mesh size and selectivity device",,,,,,,,,,,,,,,,,,,,,
LDF,LH_MOL_0_0_0,,,,,LH_MOL,"Hand and pole lines (not specified), Molluscs, see the code reg. mesh size and selectivity device",,,,,,,,,,,,,,,,,,,,,
LDF,LH_SPF_0_0_0,,,,,LH_SPF,"Hand and pole lines (not specified), Small pelagic fish, see the code reg. mesh size and selectivity device",,,,,,,,,,,,,,,,,,,,,
LDF,LHM_DEF_0_0_0,,,,,LHM_DEF,"Hand and pole lines (mechanized), Demersal species, see the code reg. mesh size and selectivity device",,,,,,,,,,,,,,,,,,,,,
LDF,LHM_FIF_0_0_0,,,,,LHM_FIF,"Hand and pole lines (mechanized), Finfish, see the code reg. mesh size and selectivity device",,,,,,,,,,,,,,,,,,,,,
LDF,LHM_LPF_0_0_0,,,,,LHM_LPF,"Hand and pole lines (mechanized), Large pelagic fish, see the code reg. mesh size and selectivity device",,,,,,,,,,,,,,,,,,,,,
LDF,LHM_MOL_0_0_0,,,,,LHM_MOL,"Hand and pole lines (mechanized), Molluscs, see the code reg. mesh size and selectivity device",,,,,,,,,,,,,,,,,,,,,
LDF,LHM_SPF_0_0_0,,,,,LHM_SPF,"Hand and pole lines (mechanized), Small pelagic fish, see the code reg. mesh size and selectivity device",,,,,,,,,,,,,,,,,,,,,
LDF,LHP_DEF_0_0_0,,,,,LHP_DEF,"Hand and pole lines (hand-operated), Demersal species, see the code reg. mesh size and selectivity device",,,,,,,,,,,,,,,,,,,,,
LDF,LHP_FIF_0_0_0,,,,,LHP_FIF,"Hand and pole lines (hand-operated), Finfish, see the code reg. mesh size and selectivity device",,,,,,,,,,,,,,,,,,,,,
LDF,LHP_LPF_0_0_0,,,,,LHP_LPF,"Hand and pole lines (hand-operated), Large pelagic fish, see the code reg. mesh size and selectivity device",,,,,,,,,,,,,,,,,,,,,
LDF,LHP_MOL_0_0_0,,,,,LHP_MOL,"Hand and pole lines (hand-operated), Molluscs, see the code reg. mesh size and selectivity device",,,,,,,,,,,,,,,,,,,,,
LDF,LHP_SPF_0_0_0,,,,,LHP_SPF,"Hand and pole lines (hand-operated), Small pelagic fish, see the code reg. mesh size and selectivity device",,,,,,,,,,,,,,,,,,,,,
LDF,LLD_DWF_0_0_0,,,,,LLD_DWF,Drifting long lines,,,,,,,,,,,,,,,,,,,,,
LDF,LLD_LPF_0_0_0,,,,,LLD_LPF,"Drifting long lines, Large pelagic fish, see the code reg. mesh size and selectivity device",,,,,,,,,,,,,,,,,,,,,
LDF,LLS_DEF_0_0_0,,,,,LLS_DEF,"Set longlines, Demersal species, see the code reg. mesh size and selectivity device",,,,,,,,,,,,,,,,,,,,,
LDF,LLS_FIF_0_0_0,,,,,LLS_FIF,"Set longlines, Finfish, see the code reg. mesh size and selectivity device",,,,,,,,,,,,,,,,,,,,,
LDF,LLS_MOL_0_0_0,,,,,LLS_MOL,"Set longlines, Molluscs, see the code reg. mesh size and selectivity device",,,,,,,,,,,,,,,,,,,,,
LDF,LLS_SPF_0_0_0,,,,,LLS_SPF,"Set longlines, Small pelagic fish, see the code reg. mesh size and selectivity device",,,,,,,,,,,,,,,,,,,,,
LDF,LTL_LPF_0_0_0,,,,,LTL_LPF,"Trolling lines, Large pelagic fish, see the code reg. mesh size and selectivity device",,,,,,,,,,,,,,,,,,,,,
LDF,MIS_CEP_0_0_0,,,,,MIS_CEP,"Miscellanous gear, Cephalopods, see the code reg. mesh size and selectivity device",,,,,,,,,,,,,,,,,,,,,
LDF,MIS_CRU_0_0_0,,,,,MIS_CRU,"Miscellanous gear, Crustaceans, see the code reg. mesh size and selectivity device",,,,,,,,,,,,,,,,,,,,,
LDF,MIS_DEF_0_0_0,,,,,MIS_DEF,"Miscellanous gear, Demersal species, see the code reg. mesh size and selectivity device",,,,,,,,,,,,,,,,,,,,,
LDF,MIS_DWF_0_0_0,,,,,MIS_DWF,Miscellanous gear,,,,,,,,,,,,,,,,,,,,,
LDF,MIS_LPF_0_0_0,,,,,MIS_LPF,"Miscellanous gear, Large pelagic fish, see the code reg. mesh size and selectivity device",,,,,,,,,,,,,,,,,,,,,
LDF,MIS_MCF_0_0_0,,,,,MIS_MCF,"Miscellanous gear, Mixed cephalopod and demersal species, see the code reg. mesh size and selectivity device",,,,,,,,,,,,,,,,,,,,,
LDF,MIS_MIS_0_0_0,,,,,MIS_MIS,"Miscellanous gear, Miscellaneous species, see the code reg. mesh size and selectivity device",,,,,,,,,,,,,,,,,,,,,
LDF,MIS_MOL_0_0_0,,,,,MIS_MOL,"Miscellanous gear, Molluscs, see the code reg. mesh size and selectivity device",,,,,,,,,,,,,,,,,,,,,
LDF,MIS_SPF_0_0_0,,,,,MIS_SPF,"Miscellanous gear, Small pelagic fish, see the code reg. mesh size and selectivity device",,,,,,,,,,,,,,,,,,,,,
LDF,OTB_CEP_>=120_0_0,,,,,OTB_CEP,"Bottom otter trawl, Cephalopods, see the code reg. mesh size and selectivity device ",OT_MIX,,,,,,,,,,,,,,,,,,,,
LDF,OTB_CEP_>0_0_0,,,,,OTB_CEP,"Bottom otter trawl, Cephalopods, see the code reg. mesh size and selectivity device",OT_MIX,,,,,,,,,,,,,,,,,,,,
LDF,OTB_CEP_70-119_0_0,,,,,OTB_CEP,"Bottom otter trawl, Cephalopods, see the code reg. mesh size and selectivity device",OT_MIX,,,,,,,,,,,,,,,,,,,,
LDF,OTB_CRU_>=120_0_0,,,,,OTB_CRU,"Bottom otter trawl, Crustaceans, see the code reg. mesh size and selectivity device",OT_CRU,,,,,,,,,,,,,,,,,,,,
LDF,OTB_CRU_>0_0_0,,,,,OTB_CRU,"Bottom otter trawl, Crustaceans, see the code reg. mesh size and selectivity device",OT_CRU,,,,,,,,,,,,,,,,,,,,
LDF,OTB_CRU_32-69_0_0,,,,,OTB_CRU,"Bottom otter trawl, Crustaceans, see the code reg. mesh size and selectivity device",OT_CRU,,,,,,,,,,,,,,,,,,,,
LDF,OTB_CRU_70-119_0_0,,,,,OTB_CRU,"Bottom otter trawl, Crustaceans, see the code reg. mesh size and selectivity device",OT_CRU,,,,,,,,,,,,,,,,,,,,
LDF,OTB_DEF_>=120_0_0,,,,,OTB_DEF,"Bottom otter trawl, Demersal species, see the code reg. mesh size and selectivity device",OT_DMF,,,,,,,,,,,,,,,,,,,,
LDF,OTB_DEF_>0_0_0,,,,,OTB_DEF,"Bottom otter trawl, Demersal species, see the code reg. mesh size and selectivity device",OT_DMF,,,,,,,,,,,,,,,,,,,,
LDF,OTB_DEF_70-119_0_0,,,,,OTB_DEF,"Bottom otter trawl, Demersal species, see the code reg. mesh size and selectivity device",OT_DMF,,,,,,,,,,,,,,,,,,,,
LDF,OTB_MCF_>=120_0_0,,,,,OTB_MCF,"Bottom otter trawl, Mixed cephalopod and demersal species, see the code reg. mesh size and selectivity device",OT_MIX_DMF_BEN,,,,,,,,,,,,,,,,,,,,
LDF,OTB_MCF_>0_0_0,,,,,OTB_MCF,"Bottom otter trawl, Mixed cephalopod and demersal species, see the code reg. mesh size and selectivity device",OT_MIX_DMF_BEN,,,,,,,,,,,,,,,,,,,,
LDF,OTB_MCF_70-119_0_0,,,OTB_MCF,"Bottom otter trawl, Mixed cephalopod and demersal species, see the code reg. mesh size and selectivity device",OTB_MCF,"Bottom otter trawl, Mixed cephalopod and demersal species, see the code reg. mesh size and selectivity device",OT_MIX_DMF_BEN,,,,,,,,,,,,,,,,,,,,
LDF,OTB_MDD_>0_0_0,,,,,OTB_MDD,"Bottom otter trawl, Mixed deep-water species and demersal species, see the code reg. mesh size and selectivity device",OT_MIX_DMF_BEN,20221214,To follow ISSG principles,,,,,,,,,,,,,,,,,,
LDF,OTB_MDD_70-119_0_0,,,,,OTB_MDD,"Bottom otter trawl, Mixed deep-water species and demersal species, see the code reg. mesh size and selectivity device",OT_MIX_DMF_BEN,20221214,To follow ISSG principles,,,,,,,,,,,,,,,,,,
LDF,OTB_MDD_>=120_0_0,,,,,OTB_MDD,"Bottom otter trawl, Mixed deep-water species and demersal species, see the code reg. mesh size and selectivity device",OT_MIX_DMF_BEN,20221214,Suggestion from Spain,,,,,,,,,,,,,,,,,,
LDF,OTM_CRU_>0_0_0,,,,,OTM_CRU,"Midwater otter trawl, Crustaceans, see the code reg. mesh size and selectivity device",,20240423,Suggestion from Norway,,,,,,,,,,,,,,,,,,
LDF,OTM_CRU_16-31_0_0,,,,,OTM_CRU,"Midwater otter trawl, Crustaceans, see the code reg. mesh size and selectivity device",,20240423,Suggestion from Norway,,,,,,,,,,,,,,,,,,
LDF,OTM_LPF_>=120_0_0,,,,,OTM_LPF,"Midwater otter trawl, Large pelagic fish, see the code reg. mesh size and selectivity device",,,,,,,,,,,,,,,,,,,,,
LDF,OTM_LPF_>0_0_0,,,,,OTM_LPF,"Midwater otter trawl, Large pelagic fish, see the code reg. mesh size and selectivity device",,,,,,,,,,,,,,,,,,,,,
LDF,OTM_LPF_70-119_0_0,,,,,OTM_LPF,"Midwater otter trawl, Large pelagic fish, see the code reg. mesh size and selectivity device",,,,,,,,,,,,,,,,,,,,,
LDF,OTM_DEF_>=120_0_0,,,,,OTM_DEF,"Midwater otter trawl, Demersal species, see the code reg. Mesh size and selectivity device",,20221214,Suggestion from Spain,,,,,,,,,,,,,,,,,,
LDF,OTM_DEF_>0_0_0,,,,,OTM_DEF,"Midwater otter trawl, Demersal species, see the code reg. Mesh size and selectivity device",,20221214,To follow ISSG principles,,,,,,,,,,,,,,,,,,
LDF,OTM_DEF_70-119_0_0,,,,,OTM_DEF,"Midwater otter trawl, Demersal species, see the code reg. Mesh size and selectivity device",,20221214,To follow ISSG principles,,,,,,,,,,,,,,,,,,
LDF,OTM_MCF_>=120_0_0,,,,,OTM_MCF,"Midwater otter trawl, Mixed cephalopod and demersal species, see the code reg. mesh size and selectivity device",,,,,,,,,,,,,,,,,,,,,
LDF,OTM_MCF_>0_0_0,,,,,OTM_MCF,"Midwater otter trawl, Mixed cephalopod and demersal species, see the code reg. mesh size and selectivity device",,,,,,,,,,,,,,,,,,,,,
LDF,OTM_MCF_70-119_0_0,,,,,OTM_MCF,"Midwater otter trawl, Mixed cephalopod and demersal species, see the code reg. mesh size and selectivity device",,,,,,,,,,,,,,,,,,,,,
LDF,OTM_SPF_>=120_0_0,,,,,OTM_SPF,"Midwater otter trawl, Small pelagic fish, see the code reg. mesh size and selectivity device",,,,,,,,,,,,,,,,,,,,,
LDF,OTM_SPF_>0_0_0,,,,,OTM_SPF,"Midwater otter trawl, Small pelagic fish, see the code reg. mesh size and selectivity device",,,,,,,,,,,,,,,,,,,,,
LDF,OTM_SPF_32-69_0_0,,,,,OTM_SPF,"Midwater otter trawl, Small pelagic fish, see the code reg. mesh size and selectivity device",,,,,,,,,,,,,,,,,,,,,
LDF,OTM_SPF_70-119_0_0,,,,,OTM_SPF,"Midwater otter trawl, Small pelagic fish, see the code reg. mesh size and selectivity device",,,,,,,,,,,,,,,,,,,,,
LDF,PS_LPF_>=120_0_0,,,,,PS_LPF,"Purse seine, Large pelagic fish, see the code reg. mesh size and selectivity device",,,,,,,,,,,,,,,,,,,,,
LDF,PS_LPF_>0_0_0,,,,,PS_LPF,"Purse seine, Large pelagic fish, see the code reg. mesh size and selectivity device",,,,,,,,,,,,,,,,,,,,,
LDF,PS_LPF_10-31_0_0,,,,,PS_LPF,"Purse seine, Large pelagic fish, see the code reg. mesh size and selectivity device",,,,,,,,,,,,,,,,,,,,,
LDF,PS_LPF_32-69_0_0,,,,,PS_LPF,"Purse seine, Large pelagic fish, see the code reg. mesh size and selectivity device",,,,,,,,,,,,,,,,,,,,,
LDF,PS_LPF_70-119_0_0,,,,,PS_LPF,"Purse seine, Large pelagic fish, see the code reg. mesh size and selectivity device",,,,,,,,,,,,,,,,,,,,,
LDF,PS_SPF_>=120_0_0,,,,,PS_SPF,"Purse seine, Small pelagic fish, see the code reg. mesh size and selectivity device",,,,,,,,,,,,,,,,,,,,,
LDF,PS_SPF_>0_0_0,,,,,PS_SPF,"Purse seine, Small pelagic fish, see the code reg. mesh size and selectivity device",,,,,,,,,,,,,,,,,,,,,
LDF,PS_SPF_10-31_0_0,,,,,PS_SPF,"Purse seine, Small pelagic fish, see the code reg. mesh size and selectivity device",,,,,,,,,,,,,,,,,,,,,
LDF,PS_SPF_32-69_0_0,,,,,PS_SPF,"Purse seine, Small pelagic fish, see the code reg. mesh size and selectivity device",,,,,,,,,,,,,,,,,,,,,
LDF,PS_SPF_70-119_0_0,,,,,PS_SPF,"Purse seine, Small pelagic fish, see the code reg. mesh size and selectivity device",,,,,,,,,,,,,,,,,,,,,
LDF,PTM_LPF_>=120_0_0,,,,,PTM_LPF,"Midwater otter trawl, Large pelagic fish, see the code reg. mesh size and selectivity device",,,,,,,,,,,,,,,,,,,,,
LDF,PTM_LPF_>0_0_0,,,,,PTM_LPF,"Midwater otter trawl, Large pelagic fish, see the code reg. mesh size and selectivity device",,,,,,,,,,,,,,,,,,,,,
LDF,PTM_LPF_32-69_0_0,,,,,PTM_LPF,"Midwater otter trawl, Large pelagic fish, see the code reg. mesh size and selectivity device",,,,,,,,,,,,,,,,,,,,,
LDF,PTM_LPF_70-119_0_0,,,,,PTM_LPF,"Midwater otter trawl, Large pelagic fish, see the code reg. mesh size and selectivity device",,,,,,,,,,,,,,,,,,,,,
MBS,DIV_CEP_0_0_0,,,,,DIV_CEP,"Diving, Cephalopods, see the code reg. mesh size and selectivity device",,,,,,,,,,,,,,,,,,,,,
MBS,DIV_DEF_0_0_0,,,,,DIV_DEF,"Diving, Demersal species, see the code reg. mesh size and selectivity device",,20260311,Added by request from France,,,,,,,,,,,,,,,,,,
MBS,DIV_DES_0_0_0,,,,,DIV_DES,"Diving, Benthic species, see the code reg. mesh size and selectivity device",,,,,,,,,,,,,,,,,,,,,
MBS,DIV_MOL_0_0_0,,,,,DIV_MOL,"Diving, Molluscs, see the code reg. mesh size and selectivity device",,,,,,,,,,,,,,,,,,,,,
MBS,DRB_DES_>0_0_0,,,,,DRB_DES,"Boat dredge, Benthic species, see the code reg. mesh size and selectivity device",DRB_MOL,,,,,,,,,,,,,,,,,,,,
MBS,DRB_MOL_>0_0_0,,,,,DRB_MOL,"Boat dredge, Molluscs, see the code reg. mesh size and selectivity device",DRB_MOL,,,,,,,,,,,,,,,,,,,,
MBS,FOO_MOL_0_0_0,,,,,FOO_MOL,"Fishing on foot, Molluscs, see the code reg. mesh size and selectivity device",,,,,,,,,,,,,,,,,,,,,
MBS,FPN_LPF_>0_0_0,,,,,FPN_LPF,"Stationary uncovered pound nets, Large pelagic fish, see the code reg. mesh size and selectivity device",,,,,,,,,,,,,,,,,,,,,
MBS,FPO_CEP_>0_0_0,,,,,FPO_CEP,"Pots and traps, Cephalopods, see the code reg. mesh size and selectivity device",,,,,,,,,,,,,,,,,,,,,
MBS,FPO_CRU_>0_0_0,,,,,FPO_CRU,"Pots and traps, Crustaceans, see the code reg. mesh size and selectivity device",,,,,,,,,,,,,,,,,,,,,
MBS,FPO_DEF_>0_0_0,,,,,FPO_DEF,"Pots and traps, Demersal species, see the code reg. mesh size and selectivity device",,,,,,,,,,,,,,,,,,,,,
MBS,FPO_MOL_>0_0_0,,,,,FPO_MOL,"Pots and traps, Molluscs, see the code reg. mesh size and selectivity device",,20260311,Added by request from France,,,,,,,,,,,,,,,,,,
MBS,FWR_DEF_0_0_0,,,,,FWR_DEF,"Fixed installations for fences and weirs, Demersal species, see the code reg. mesh size and selectivity device",,,,,,,,,,,,,,,,,,,,,
MBS,FYK_CAT_>0_0_0,,,,,FYK_CAT,"Fyke nets, Catadromous species, see the code reg. mesh size and selectivity device",,,,,,,,,,,,,,,,,,,,,
MBS,FYK_DEF_>0_0_0,,,,,FYK_DEF,"Fyke nets, Demersal species, see the code reg. mesh size and selectivity device",,,,,,,,,,,,,,,,,,,,,
MBS,FYK_SPF_>0_0_0,,,,,FYK_SPF,"Fyke nets, Small pelagic fish, see the code reg. mesh size and selectivity device",,,,,,,,,,,,,,,,,,,,,
MBS,GNC_DEF_<16_0_0,,,,,GNC_DEF,"Encircling gillnets, Demersal species, see the code reg. mesh size and selectivity device",,20221214,Request from RCG Med & BS,,,,,,,,,,,,,,,,,,
MBS,GNC_DEF_>=16_0_0,,,,,GNC_DEF,"Encircling gillnets, Demersal species, see the code reg. mesh size and selectivity device",,20221214,Request from RCG Med & BS,,,,,,,,,,,,,,,,,,
MBS,GNC_DEF_>0_0_0,,,,,GNC_DEF,"Encircling gillnets, Demersal species, see the code reg. mesh size and selectivity device",,20221214,Request from RCG Med & BS,,,,,,,,,,,,,,,,,,
MBS,GND_DEF_<16_0_0,,,,,GND_DEF,"Drift gillnets, Demersal species, see the code reg. mesh size and selectivity device",,,,,,,,,,,,,,,,,,,,,
MBS,GND_DEF_>=16_0_0,,,,,GND_DEF,"Drift gillnets, Demersal species, see the code reg. mesh size and selectivity device",,,,,,,,,,,,,,,,,,,,,
MBS,GND_DEF_>0_0_0,,,,,GND_DEF,"Drift gillnets, Demersal species, see the code reg. mesh size and selectivity device",,,,,,,,,,,,,,,,,,,,,
MBS,GND_SPF_<16_0_0,,,,,GND_SPF,"Drift gillnets, Small pelagic fish, see the code reg. mesh size and selectivity device",,,,,,,,,,,,,,,,,,,,,
MBS,GND_SPF_>=16_0_0,,,,,GND_SPF,"Drift gillnets, Small pelagic fish, see the code reg. mesh size and selectivity device",,,,,,,,,,,,,,,,,,,,,
MBS,GND_SPF_>0_0_0,,,,,GND_SPF,"Drift gillnets, Small pelagic fish, see the code reg. mesh size and selectivity device",,,,,,,,,,,,,,,,,,,,,
MBS,GNS_CRU_<16_0_0,,,,,GNS_CRU,"Set gillnets, Crustaceans, see the code reg. mesh size and selectivity device",,,,,,,,,,,,,,,,,,,,,
MBS,GNS_CRU_>=16_0_0,,,,,GNS_CRU,"Set gillnets, Crustaceans, see the code reg. mesh size and selectivity device",,,,,,,,,,,,,,,,,,,,,
MBS,GNS_CRU_>0_0_0,,,,,GNS_CRU,"Set gillnets, Crustaceans, see the code reg. mesh size and selectivity device",,,,,,,,,,,,,,,,,,,,,
MBS,GNS_DEF_<16_0_0,,,,,GNS_DEF,"Set gillnets, Demersal species, see the code reg. mesh size and selectivity device",,,,,,,,,,,,,,,,,,,,,
MBS,GNS_DEF_>=16_0_0,,,,,GNS_DEF,"Set gillnets, Demersal species, see the code reg. mesh size and selectivity device",,,,,,,,,,,,,,,,,,,,,
MBS,GNS_DEF_>0_0_0,,,,,GNS_DEF,"Set gillnets, Demersal species, see the code reg. mesh size and selectivity device",,,,,,,,,,,,,,,,,,,,,
MBS,GNS_DWS_>0_0_0,,,,,GNS_DWS,"Set gillnets, Deep water species, see the code reg. mesh size and selectivity device",,20260311,Added by request from France,,,,,,,,,,,,,,,,,,
MBS,GNS_DWS_<16_0_0,,,,,GNS_DWS,"Set gillnets, Deep water species, see the code reg. mesh size and selectivity device",,20260311,Added by request from France,,,,,,,,,,,,,,,,,,
MBS,GNS_DWS_>=16_0_0,,,,,GNS_DWS,"Set gillnets, Deep water species, see the code reg. mesh size and selectivity device",,20260311,Added by request from France,,,,,,,,,,,,,,,,,,
MBS,GNS_LPF_<16_0_0,,,,,GNS_LPF,"Set gillnets, Large pelagic fish, see the code reg. mesh size and selectivity device",,,,,,,,,,,,,,,,,,,,,
MBS,GNS_LPF_>=16_0_0,,,,,GNS_LPF,"Set gillnets, Large pelagic fish, see the code reg. mesh size and selectivity device",,,,,,,,,,,,,,,,,,,,,
MBS,GNS_LPF_>0_0_0,,,,,GNS_LPF,"Set gillnets, Large pelagic fish, see the code reg. mesh size and selectivity device",,,,,,,,,,,,,,,,,,,,,
MBS,GNS_SLP_<16_0_0,,,,,GNS_SLP,"Set gillnets, Small and large pelagic species, see the code reg. mesh size and selectivity device",,,,,,,,,,,,,,,,,,,,,
MBS,GNS_SLP_>=16_0_0,,,,,GNS_SLP,"Set gillnets, Small and large pelagic species, see the code reg. mesh size and selectivity device",,,,,,,,,,,,,,,,,,,,,
MBS,GNS_SLP_>0_0_0,,,,,GNS_SLP,"Set gillnets, Small and large pelagic species, see the code reg. mesh size and selectivity device",,,,,,,,,,,,,,,,,,,,,
MBS,GNS_SPF_<16_0_0,,,,,GNS_SPF,"Set gillnets, Small pelagic fish, see the code reg. mesh size and selectivity device",,,,,,,,,,,,,,,,,,,,,
MBS,GNS_SPF_>=16_0_0,,,,,GNS_SPF,"Set gillnets, Small pelagic fish, see the code reg. mesh size and selectivity device",,,,,,,,,,,,,,,,,,,,,
MBS,GNS_SPF_>0_0_0,,,,,GNS_SPF,"Set gillnets, Small pelagic fish, see the code reg. mesh size and selectivity device",,,,,,,,,,,,,,,,,,,,,
MBS,GTN_DEF_<16_0_0,,,,,GTN_DEF,"Combined gillnets-trammel nets, Demersal species, see the code reg. mesh size and selectivity device",,20221214,Request from RCG Med & BS,,,,,,,,,,,,,,,,,,
MBS,GTN_DEF_>=16_0_0,,,,,GTN_DEF,"Combined gillnets-trammel nets, Demersal species, see the code reg. mesh size and selectivity device",,20221214,Request from RCG Med & BS,,,,,,,,,,,,,,,,,,
MBS,GTN_DEF_>0_0_0,,,,,GTN_DEF,"Combined gillnets-trammel nets, Demersal species, see the code reg. mesh size and selectivity device",,20221214,Request from RCG Med & BS,,,,,,,,,,,,,,,,,,
MBS,GTN_LPF_>0_0_0,,,,,GTN_LPF,"Combined gillnets-trammel nets, Large pelagic fish, see the code reg. mesh size and selectivity device",,20260311,Added by request from France,,,,,,,,,,,,,,,,,,
MBS,GTN_LPF_<16_0_0,,,,,GTN_LPF,"Combined gillnets-trammel nets, Large pelagic fish, see the code reg. mesh size and selectivity device",,20260311,Added by request from France,,,,,,,,,,,,,,,,,,
MBS,GTN_LPF_>=16_0_0,,,,,GTN_LPF,"Combined gillnets-trammel nets, Large pelagic fish, see the code reg. mesh size and selectivity device",,20260311,Added by request from France,,,,,,,,,,,,,,,,,,
MBS,GTR_CEP_<16_0_0,,,,,GTR_CEP,"Trammel nets, Cephalopods, see the code reg. mesh size and selectivity device",,,,,,,,,,,,,,,,,,,,,
MBS,GTR_CEP_>=16_0_0,,,,,GTR_CEP,"Trammel nets, Cephalopods, see the code reg. mesh size and selectivity device",,,,,,,,,,,,,,,,,,,,,
MBS,GTR_CEP_>0_0_0,,,,,GTR_CEP,"Trammel nets, Cephalopods, see the code reg. mesh size and selectivity device",,,,,,,,,,,,,,,,,,,,,
MBS,GTR_CRU_<16_0_0,,,,,GTR_CRU,"Trammel nets, Crustaceans, see the code reg. mesh size and selectivity device",,,,,,,,,,,,,,,,,,,,,
MBS,GTR_CRU_>=16_0_0,,,,,GTR_CRU,"Trammel nets, Crustaceans, see the code reg. mesh size and selectivity device",,,,,,,,,,,,,,,,,,,,,
MBS,GTR_CRU_>0_0_0,,,,,GTR_CRU,"Trammel nets, Crustaceans, see the code reg. mesh size and selectivity device",,,,,,,,,,,,,,,,,,,,,
MBS,GTR_DEF_<16_0_0,,,,,GTR_DEF,"Trammel nets, Demersal species, see the code reg. mesh size and selectivity device",,,,,,,,,,,,,,,,,,,,,
MBS,GTR_DEF_>=16_0_0,,,,,GTR_DEF,"Trammel nets, Demersal species, see the code reg. mesh size and selectivity device",,,,,,,,,,,,,,,,,,,,,
MBS,GTR_DEF_>0_0_0,,,,,GTR_DEF,"Trammel nets, Demersal species, see the code reg. mesh size and selectivity device",,,,,,,,,,,,,,,,,,,,,
MBS,GTR_MOL_<16_0_0,,,,,GTR_MOL,"Trammel nets, Molluscs, see the code reg. mesh size and selectivity device",,,,,,,,,,,,,,,,,,,,,
MBS,GTR_MOL_>=16_0_0,,,,,GTR_MOL,"Trammel nets, Molluscs, see the code reg. mesh size and selectivity device",,,,,,,,,,,,,,,,,,,,,
MBS,GTR_MOL_>0_0_0,,,,,GTR_MOL,"Trammel nets, Molluscs, see the code reg. mesh size and selectivity device",,,,,,,,,,,,,,,,,,,,,
MBS,LA_LPF_>0_0_0,,,,,LA_LPF,"Lamprette, Large pelagic fish, see the code reg. mesh size and selectivity device",,20221214,To follow ISSG principles,,,,,,,,,,,,,,,,,,
MBS,LA_LPF_<14_0_0,,,,,LA_LPF,"Lamprette, Large pelagic fish, see the code reg. mesh size and selectivity device",,20240311,Removed extra _0,,,,,,,,,,,,,,,,,,
MBS,LA_LPF_>=14_0_0,,,,,LA_LPF,"Lamprette, Large pelagic fish, see the code reg. mesh size and selectivity device",,20221214,To follow ISSG principles,,,,,,,,,,,,,,,,,,
MBS,LA_SLP_>0_0_0,,,,,LA_SLP,"Lamprette, Small and large pelagic species, see the code reg. mesh size and selectivity device",,20221214,To follow ISSG principles,,,,,,,,,,,,,,,,,,
MBS,LA_SLP_<14_0_0,,,,,LA_SLP,"Lamprette, Small and large pelagic species, see the code reg. mesh size and selectivity device",,20240311,Removed extra _0,,,,,,,,,,,,,,,,,,
MBS,LA_SLP_>=14_0_0,,,,,LA_SLP,"Lamprette, Small and large pelagic species, see the code reg. mesh size and selectivity device",,20221214,To follow ISSG principles,,,,,,,,,,,,,,,,,,
MBS,LA_SPF_>0_0_0,,,,,LA_SPF,"Lamprette, Small pelagic fish, see the code reg. mesh size and selectivity device",,20221214,To follow ISSG principles,,,,,,,,,,,,,,,,,,
MBS,LA_SPF_<14_0_0,,,,,LA_SPF,"Lamprette, Small pelagic fish, see the code reg. mesh size and selectivity device",,20240311,Removed extra _0,,,,,,,,,,,,,,,,,,
MBS,LA_SPF_>=14_0_0,,,,,LA_SPF,"Lamprette, Small pelagic fish, see the code reg. mesh size and selectivity device",,20221214,Request from Spain,,,,,,,,,,,,,,,,,,
MBS,LH_CEP_0_0_0,,,,,LH_CEP,"Hand and pole lines (not specified), Cephalopods, see the code reg. mesh size and selectivity device",,,,,,,,,,,,,,,,,,,,,
MBS,LH_DEF_0_0_0,,,,,LH_DEF,"Hand and pole lines (not specified), Demersal species, see the code reg. mesh size and selectivity device",,,,,,,,,,,,,,,,,,,,,
MBS,LH_FIF_0_0_0,,,,,LH_FIF,"Hand and pole lines (not specified), Finfish, see the code reg. mesh size and selectivity device",,,,,,,,,,,,,,,,,,,,,
MBS,LH_LPF_0_0_0,,,,,LH_LPF,"Hand and pole lines (not specified), Large pelagic fish, see the code reg. mesh size and selectivity device",,,,,,,,,,,,,,,,,,,,,
MBS,LH_SPF_0_0_0,,,,,LH_SPF,"Hand and pole lines (not specified), Small pelagic fish, see the code reg. mesh size and selectivity device",,20221214,To follow ISSG principles,,,,,,,,,,,,,,,,,,
MBS,LHM_CEP_0_0_0,,,,,LHM_CEP,"Hand and pole lines (mechanized), Cephalopods, see the code reg. mesh size and selectivity device",,,,,,,,,,,,,,,,,,,,,
MBS,LHM_DEF_0_0_0,,,,,LHM_DEF,"Hand and pole lines (mechanized), Demersal species, see the code reg. mesh size and selectivity device",,,,,,,,,,,,,,,,,,,,,
MBS,LHM_FIF_0_0_0,,,,,LHM_FIF,"Hand and pole lines (mechanized), Finfish, see the code reg. mesh size and selectivity device",,,,,,,,,,,,,,,,,,,,,
MBS,LHM_LPF_0_0_0,,,,,LHM_LPF,"Hand and pole lines (mechanized), Large pelagic fish, see the code reg. mesh size and selectivity device",,,,,,,,,,,,,,,,,,,,,
MBS,LHM_SPF_0_0_0,,,,,LHM_SPF,"Hand and pole lines (mechanized), Small pelagic fish, see the code reg. mesh size and selectivity device",,20221214,To follow ISSG principles,,,,,,,,,,,,,,,,,,
MBS,LHP_CEP_0_0_0,,,,,LHP_CEP,"Hand and pole lines (hand-operated), Cephalopods, see the code reg. mesh size and selectivity device",,,,,,,,,,,,,,,,,,,,,
MBS,LHP_DEF_0_0_0,,,,,LHP_DEF,"Hand and pole lines (hand-operated), Demersal species, see the code reg. mesh size and selectivity device",,,,,,,,,,,,,,,,,,,,,
MBS,LHP_FIF_0_0_0,,,,,LHP_FIF,"Hand and pole lines (hand-operated), Finfish, see the code reg. mesh size and selectivity device",,,,,,,,,,,,,,,,,,,,,
MBS,LHP_LPF_0_0_0,,,,,LHP_LPF,"Hand and pole lines (hand-operated), Large pelagic fish, see the code reg. mesh size and selectivity device",,,,,,,,,,,,,,,,,,,,,
MBS,LHP_SPF_0_0_0,,,,,LHP_SPF,"Hand and pole lines (hand-operated), Small pelagic fish, see the code reg. mesh size and selectivity device",,20221214,Request from RCG Med & BS,,,,,,,,,,,,,,,,,,
MBS,LLD_DEF_0_0_0,,,,,LLD_DEF,"Drifting long lines, Demersal fish, see the code reg. mesh size and selectivity device",,20221214,Request from RCG Med & BS,,,,,,,,,,,,,,,,,,
MBS,LLD_LPF_0_0_0,,,,,LLD_LPF,"Drifting long lines, Large pelagic fish, see the code reg. mesh size and selectivity device",,,,,,,,,,,,,,,,,,,,,
MBS,LLS_CAT_0_0_0,,,,,LLS_CAT,"Set longlines, Catadromous species, see the code reg. mesh size and selectivity device",,,,,,,,,,,,,,,,,,,,,
MBS,LLS_DEF_0_0_0,,,,,LLS_DEF,"Set longlines, Demersal species, see the code reg. mesh size and selectivity device",,,,,,,,,,,,,,,,,,,,,
MBS,LLS_DWS_0_0_0,,,,,LLS_DWS,"Set longlines, Deepwater species, see the code reg. mesh size and selectivity device",,20260311,Added by request from France,,,,,,,,,,,,,,,,,,
MBS,LLS_FIF_0_0_0,,,,,LLS_FIF,"Set longlines, Finfish, see the code reg. mesh size and selectivity device",,,,,,,,,,,,,,,,,,,,,
MBS,LLS_LPF_0_0_0,,,,,LLS_LPF,"Set longlines, Large pelagic fish, see the code reg. mesh size and selectivity device",,20240311,Request from Malta,,,,,,,,,,,,,,,,,,
MBS,LN_DEF_0_0_0,,,,,LN_DEF,"Lift nets (not specified), Demersal species, see the code reg. mesh size and selectivity device",,,,,,,,,,,,,,,,,,,,,
MBS,LN_SPF_0_0_0,,,,,LN_SPF,"Lift nets (not specified), Small pelagic fish, see the code reg. mesh size and selectivity device",,,,,,,,,,,,,,,,,,,,,
MBS,LTL_DEF_0_0_0,,,,,LTL_DEF,"Trolling lines, Demersal fish, see the code reg. mesh size and selectivity device",,20221214,To follow ISSG principles,,,,,,,,,,,,,,,,,,
MBS,LTL_FIF_0_0_0,,,,,LTL_FIF,"Trolling lines, Finfish, see the code reg. mesh size and selectivity device",,20221214,Request from RCG Med & BS,,,,,,,,,,,,,,,,,,
MBS,LTL_LPF_0_0_0,,,,,LTL_LPF,"Trolling lines, Large pelagic fish, see the code reg. mesh size and selectivity device",,,,,,,,,,,,,,,,,,,,,
MBS,MIS_CAT_0_0_0,,,,,MIS_CAT,"Miscellanous gear, Catadromous species, see the code reg. mesh size and selectivity device",,,,,,,,,,,,,,,,,,,,,
MBS,MIS_CEP_0_0_0,,,,,MIS_CEP,"Miscellanous gear, Cephalopods, see the code reg. mesh size and selectivity device",,,,,,,,,,,,,,,,,,,,,
MBS,MIS_CRU_0_0_0,,,,,MIS_CRU,"Miscellanous gear, Crustaceans, see the code reg. mesh size and selectivity device",,,,,,,,,,,,,,,,,,,,,
MBS,MIS_DEF_0_0_0,,,,,MIS_DEF,"Miscellanous gear, Demersal species, see the code reg. mesh size and selectivity device",,,,,,,,,,,,,,,,,,,,,
MBS,MIS_DES_0_0_0,,,,,MIS_DES,"Miscellanous gear, Benthic species, see the code reg. mesh size and selectivity device",,,,,,,,,,,,,,,,,,,,,
MBS,MIS_DWS_0_0_0,,,,,MIS_DWS,"Miscellanous gear, Deep-water species, see the code reg. mesh size and selectivity device",,,,,,,,,,,,,,,,,,,,,
MBS,MIS_LPF_0_0_0,,,,,MIS_LPF,"Miscellanous gear, Large pelagic fish, see the code reg. mesh size and selectivity device",,,,,,,,,,,,,,,,,,,,,
MBS,MIS_MDD_0_0_0,,,,,MIS_MDD,"Miscellanous gear, Mixed deep-water species and demersal species, see the code reg. mesh size and selectivity device",,,,,,,,,,,,,,,,,,,,,
MBS,MIS_MIS_0_0_0,,,,,MIS_MIS,"Miscellanous gear, Miscellaneous species, see the code reg. mesh size and selectivity device",,,,,,,,,,,,,,,,,,,,,
MBS,MIS_MOL_0_0_0,,,,,MIS_MOL,"Miscellanous gear, Molluscs, see the code reg. mesh size and selectivity device",,,,,,,,,,,,,,,,,,,,,
MBS,MIS_MPD_0_0_0,,,,,MIS_MPD,"Miscellanous gear, Mixed pelagic and demersal species, see the code reg. mesh size and selectivity device",,,,,,,,,,,,,,,,,,,,,
MBS,MIS_SPF_0_0_0,,,,,MIS_SPF,"Miscellanous gear, Small pelagic fish, see the code reg. mesh size and selectivity device",,,,,,,,,,,,,,,,,,,,,
MBS,OTB_CEP_<40_0_0,,,,,OTB_CEP,"Bottom otter trawl, Cephalopods, see the code reg. mesh size and selectivity device",OT_MIX,,,,,,,,,,,,,,,,,,,,
MBS,OTB_CEP_>=40_0_0,,,,,OTB_CEP,"Bottom otter trawl, Cephalopods, see the code reg. mesh size and selectivity device",OT_MIX,,,,,,,,,,,,,,,,,,,,
MBS,OTB_CEP_>0_0_0,,,,,OTB_CEP,"Bottom otter trawl, Cephalopods, see the code reg. mesh size and selectivity device",OT_MIX,,,,,,,,,,,,,,,,,,,,
MBS,OTB_CRU_<40_0_0,,,,,OTB_CRU,"Bottom otter trawl, Crustaceans, see the code reg. mesh size and selectivity device",OT_CRU,,,,,,,,,,,,,,,,,,,,
MBS,OTB_CRU_>=40_0_0,,,,,OTB_CRU,"Bottom otter trawl, Crustaceans, see the code reg. mesh size and selectivity device",OT_CRU,,,,,,,,,,,,,,,,,,,,
MBS,OTB_CRU_>0_0_0,,,,,OTB_CRU,"Bottom otter trawl, Crustaceans, see the code reg. mesh size and selectivity device",OT_CRU,,,,,,,,,,,,,,,,,,,,
MBS,OTB_DEF_<40_0_0,,,,,OTB_DEF,"Bottom otter trawl, Demersal species, see the code reg. mesh size and selectivity device",OT_DMF,,,,,,,,,,,,,,,,,,,,
MBS,OTB_DEF_>=40_0_0,,,,,OTB_DEF,"Bottom otter trawl, Demersal species, see the code reg. mesh size and selectivity device",OT_DMF,,,,,,,,,,,,,,,,,,,,
MBS,OTB_DEF_>0_0_0,,,,,OTB_DEF,"Bottom otter trawl, Demersal species, see the code reg. mesh size and selectivity device",OT_DMF,,,,,,,,,,,,,,,,,,,,
MBS,OTB_DWS_<40_0_0,,,,,OTB_DWS,"Bottom otter trawl, Deep-water species, see the code reg. mesh size and selectivity device",OT_MIX_DMF_BEN,,,,,,,,,,,,,,,,,,,,
MBS,OTB_DWS_>=40_0_0,,,,,OTB_DWS,"Bottom otter trawl, Deep-water species, see the code reg. mesh size and selectivity device",OT_MIX_DMF_BEN,,,,,,,,,,,,,,,,,,,,
MBS,OTB_DWS_>0_0_0,,,,,OTB_DWS,"Bottom otter trawl, Deep-water species, see the code reg. mesh size and selectivity device",OT_MIX_DMF_BEN,,,,,,,,,,,,,,,,,,,,
MBS,OTB_MDD_<40_0_0,,,,,OTB_MDD,"Bottom otter trawl, Mixed deep-water species and demersal species, see the code reg. mesh size and selectivity device",OT_MIX_DMF_BEN,,,,,,,,,,,,,,,,,,,,
MBS,OTB_MDD_>=40_0_0,,,,,OTB_MDD,"Bottom otter trawl, Mixed deep-water species and demersal species, see the code reg. mesh size and selectivity device",OT_MIX_DMF_BEN,,,,,,,,,,,,,,,,,,,,
MBS,OTB_MDD_>0_0_0,,,,,OTB_MDD,"Bottom otter trawl, Mixed deep-water species and demersal species, see the code reg. mesh size and selectivity device",OT_MIX_DMF_BEN,,,,,,,,,,,,,,,,,,,,
MBS,OTM_DEF_<14_0_0,,,,,OTM_DEF,"Midwater otter trawl, Demersal species, see the code reg. mesh size and selectivity device",,,,,,,,,,,,,,,,,,,,,
MBS,OTM_DEF_>=20_0_0,,,,,OTM_DEF,"Midwater otter trawl, Demersal species, see the code reg. mesh size and selectivity device",,,,,,,,,,,,,,,,,,,,,
MBS,OTM_DEF_>0_0_0,,,,,OTM_DEF,"Midwater otter trawl, Demersal species, see the code reg. mesh size and selectivity device",,,,,,,,,,,,,,,,,,,,,
MBS,OTM_DEF_14-19_0_0,,,,,OTM_DEF,"Midwater otter trawl, Demersal species, see the code reg. mesh size and selectivity device",,,,,,,,,,,,,,,,,,,,,
MBS,OTM_MPD_<14_0_0,,,,,OTM_MPD,"Midwater otter trawl, Mixed pelagic and demersal species, see the code reg. mesh size and selectivity device",,,,,,,,,,,,,,,,,,,,,
MBS,OTM_MPD_>=20_0_0,,,,,OTM_MPD,"Midwater otter trawl, Mixed pelagic and demersal species, see the code reg. mesh size and selectivity device",,,,,,,,,,,,,,,,,,,,,
MBS,OTM_MPD_>0_0_0,,,,,OTM_MPD,"Midwater otter trawl, Mixed pelagic and demersal species, see the code reg. mesh size and selectivity device",,,,,,,,,,,,,,,,,,,,,
MBS,OTM_MPD_14-19_0_0,,,,,OTM_MPD,"Midwater otter trawl, Mixed pelagic and demersal species, see the code reg. mesh size and selectivity device",,,,,,,,,,,,,,,,,,,,,
MBS,OTM_SPF_<14_0_0,,,,,OTM_SPF,"Midwater otter trawl, Small pelagic fish, see the code reg. mesh size and selectivity device",,,,,,,,,,,,,,,,,,,,,
MBS,OTM_SPF_>=20_0_0,,,,,OTM_SPF,"Midwater otter trawl, Small pelagic fish, see the code reg. mesh size and selectivity device",,,,,,,,,,,,,,,,,,,,,
MBS,OTM_SPF_>0_0_0,,,,,OTM_SPF,"Midwater otter trawl, Small pelagic fish, see the code reg. mesh size and selectivity device",,,,,,,,,,,,,,,,,,,,,
MBS,OTM_SPF_14-19_0_0,,,,,OTM_SPF,"Midwater otter trawl, Small pelagic fish, see the code reg. mesh size and selectivity device",,,,,,,,,,,,,,,,,,,,,
MBS,OTT_DEF_<40_0_0,,,,,OTT_DEF,"Otter twin trawls, Demersal species, see the code reg. mesh size and selectivity device",OT_DMF,,,,,,,,,,,,,,,,,,,,
MBS,OTT_DEF_>=40_0_0,,,,,OTT_DEF,"Otter twin trawls, Demersal species, see the code reg. mesh size and selectivity device",OT_DMF,,,,,,,,,,,,,,,,,,,,
MBS,OTT_DEF_>0_0_0,,,,,OTT_DEF,"Otter twin trawls, Demersal species, see the code reg. mesh size and selectivity device",OT_DMF,,,,,,,,,,,,,,,,,,,,
MBS,PS_DEF_<14_0_0,,,,,PS_DEF,"Purse seine, Demersal species, see the code reg. mesh size and selectivity device",,,,,,,,,,,,,,,,,,,,,
MBS,PS_DEF_>=14_0_0,,,,,PS_DEF,"Purse seine, Demersal species, see the code reg. mesh size and selectivity device",,,,,,,,,,,,,,,,,,,,,
MBS,PS_DEF_>0_0_0,,,,,PS_DEF,"Purse seine, Demersal species, see the code reg. mesh size and selectivity device",,,,,,,,,,,,,,,,,,,,,
MBS,PS_LPF_<14_0_0,,,,,PS_LPF,"Purse seine, Large pelagic fish, see the code reg. mesh size and selectivity device",,,,,,,,,,,,,,,,,,,,,
MBS,PS_LPF_>=14_0_0,,,,,PS_LPF,"Purse seine, Large pelagic fish, see the code reg. mesh size and selectivity device",,,,,,,,,,,,,,,,,,,,,
MBS,PS_LPF_>0_0_0,,,,,PS_LPF,"Purse seine, Large pelagic fish, see the code reg. mesh size and selectivity device",,,,,,,,,,,,,,,,,,,,,
MBS,PS_SPF_<14_0_0,,,,,PS_SPF,"Purse seine, Small pelagic fish, see the code reg. mesh size and selectivity device",,,,,,,,,,,,,,,,,,,,,
MBS,PS_SPF_>=14_0_0,,,,,PS_SPF,"Purse seine, Small pelagic fish, see the code reg. mesh size and selectivity device",,,,,,,,,,,,,,,,,,,,,
MBS,PS_SPF_>0_0_0,,,,,PS_SPF,"Purse seine, Small pelagic fish, see the code reg. mesh size and selectivity device",,,,,,,,,,,,,,,,,,,,,
MBS,PTM_SPF_<14_0_0,,,,,PTM_SPF,"Midwater otter trawl, Small pelagic fish, see the code reg. mesh size and selectivity device",,,,,,,,,,,,,,,,,,,,,
MBS,PTM_SPF_>=20_0_0,,,,,PTM_SPF,"Midwater otter trawl, Small pelagic fish, see the code reg. mesh size and selectivity device",,,,,,,,,,,,,,,,,,,,,
MBS,PTM_SPF_>0_0_0,,,,,PTM_SPF,"Midwater otter trawl, Small pelagic fish, see the code reg. mesh size and selectivity device",,,,,,,,,,,,,,,,,,,,,
MBS,PTM_SPF_14-19_0_0,,,,,PTM_SPF,"Midwater otter trawl, Small pelagic fish, see the code reg. mesh size and selectivity device",,,,,,,,,,,,,,,,,,,,,
MBS,SB_DEF_>0_0_0,,,,,SB_DEF,"Beach Seines, Demersal species, see the code reg. mesh size and selectivity device",,,,,,,,,,,,,,,,,,,,,
MBS,SB_FIF_>0_0_0,,,,,SB_FIF,"Beach Seines, Finfish, see the code reg. mesh size and selectivity device",,,,,,,,,,,,,,,,,,,,,
MBS,SB_SPF_>0_0_0,,,,,SB_SPF,"Beach Seines, Small pelagic fish, see the code reg. mesh size and selectivity device",,,,,,,,,,,,,,,,,,,,,
MBS,SV_DEF_>0_0_0,,,,,SV_DEF,"Boat or vessel seines, Demersal species, see the code reg. mesh size and selectivity device",,,,,,,,,,,,,,,,,,,,,
MBS,SV_FIF_>0_0_0,,,,,SV_FIF,"Boat or vessel seines, Finfish, see the code reg. mesh size and selectivity device",,,,,,,,,,,,,,,,,,,,,
MBS,SX_DEF_0_0_0,,,,,SX_DEF,"Beach and boat seines, Demersal species, see the code reg. mesh size and selectivity device",,20221214,Request from Spain,,,,,,,,,,,,,,,,,,
MBS,TBB_DEF_<40_0_0,,,,,TBB_DEF,"Beam trawl, Demersal species, see the code reg. mesh size and selectivity device",TBB_DMF,,,,,,,,,,,,,,,,,,,,
MBS,TBB_DEF_>=40_0_0,,,,,TBB_DEF,"Beam trawl, Demersal species, see the code reg. mesh size and selectivity device",TBB_DMF,,,,,,,,,,,,,,,,,,,,
MBS,TBB_DEF_>0_0_0,,,,,TBB_DEF,"Beam trawl, Demersal species, see the code reg. mesh size and selectivity device",TBB_DMF,,,,,,,,,,,,,,,,,,,,
NAtl,DIV_DES_0_0_0,,,,,DIV_DES,"Diving, Benthic species, see the code reg. mesh size and selectivity device",,20260311,Added by request from France,,,,,,,,,,,,,,,,,,
NAtl,DIV_MOL_0_0_0,,,,,DIV_MOL,"Diving, Molluscs, see the code reg. mesh size and selectivity device",,,,,,,,,,,,,,,,,,,,,
NAtl,DRB_CRU_>0_0_0,,,,,DRB_CRU,"Boat dredge, Crustaceans, see the code reg. mesh size and selectivity device",DRB_MOL,,,,,,,,,,,,,,,,,,,,
NAtl,DRB_DES_>0_0_0,,,,,DRB_DES,"Boat dredge, Benthic species, see the code reg. mesh size and selectivity device",DRB_MOL,,,,,,,,,,,,,,,,,,,,
NAtl,DRB_MOL_>0_0_0,,,"DRB_MOL_>0_0_0, DRB_MOL_0_0_0, DRB_MOL_30_0_0","BEL, CHA, ENG, ESP, FRA, IRL, NIR, NLD, PRT, SCT, WLS",DRB_MOL,"Boat dredge, Molluscs, see the code reg. mesh size and selectivity device",DRB_MOL,,,,,,,,,,,,,,,,,,,,
NAtl,DRB_SWD_>0_0_0,,,,,DRB_SWD,Boat dredge,DRB_MOL,,,,,,,,,,,,,,,,,,,,
NAtl,DRH_MOL_>0_0_0,,,,,DRH_MOL,"Hand dredge, Molluscs, see the code reg. mesh size and selectivity device",,,,,,,,,,,,,,,,,,,,,
NAtl,FOO_CRU_0_0_0,,,,,FOO_CRU,"Fishing on foot, Crustaceans, see the code reg. mesh size and selectivity device",,,,,,,,,,,,,,,,,,,,,
NAtl,FOO_DES_0_0_0,,,,,FOO_DES,"Fishing on foot, Benthic species, see the code reg. mesh size and selectivity device",,20260311,Added by request from France,,,,,,,,,,,,,,,,,,
NAtl,FOO_MOL_0_0_0,,,,,FOO_MOL,"Fishing on foot, Molluscs, see the code reg. mesh size and selectivity device",,,,,,,,,,,,,,,,,,,,,
NAtl,FPO_ANA_>0_0_0,,,,,FPO_ANA,"Pots and traps, Anadromous species, see the code reg. mesh size and selectivity device",,20260311,Added by request from France,,,,,,,,,,,,,,,,,,
NAtl,FPO_CAT_>0_0_0,,,FPO_CAT_>0_0_0,FRA,FPO_CAT,"Pots and traps, Catadromous species, see the code reg. mesh size and selectivity device",,,,,,,,,,,,,,,,,,,,,
NAtl,FPO_CEP_>0_0_0,,,,,FPO_CEP,"Pots and traps, Cephalopods, see the code reg. mesh size and selectivity device",,,,,,,,,,,,,,,,,,,,,
NAtl,FPO_CRU_>0_0_0,,,"FPO_CRU_>0_0_0, FPO_CRU_0_0_0, FPO_CRU_ALL_0_0","CHA, DEU, ENG, ESP, FRA, IRL, NIR, PRT, SCT, WLS",FPO_CRU,"Pots and traps, Crustaceans, see the code reg. mesh size and selectivity device",,,,,,,,,,,,,,,,,,,,,
NAtl,FPO_DEF_>0_0_0,,,FPO_DEF_>0_0_0,FRA,FPO_DEF,"Pots and traps, Demersal species, see the code reg. mesh size and selectivity device",,,,,,,,,,,,,,,,,,,,,
NAtl,FPO_FIF_>0_0_0,,,"FPO_FIF_>0_0_0, FPO_FIF_0_0_0","ENG, ESP, FRA, NIR, SCT, WLS",FPO_FIF,"Pots and traps, Finfish, see the code reg. mesh size and selectivity device",,,,,,,,,,,,,,,,,,,,,
NAtl,FPO_MOL_>0_0_0,,,"FPO_MOL_>0_0_0, FPO_MOL_0_0_0, FPO_MOL_>=29_0_0","CHA, ENG, ESP, FRA, IRL, NIR, PRT, SCT, WLS",FPO_MOL,"Pots and traps, Molluscs, see the code reg. mesh size and selectivity device",,,,,,,,,,,,,,,,,,,,,
NAtl,FYK_CAT_>0_0_0,,,FYK_CAT_0_0_0,FRA,FYK_CAT,"Fyke nets, Catadromous species, see the code reg. mesh size and selectivity device",,,,,,,,,,,,,,,,,,,,,
NAtl,FYK_CRU_>0_0_0,,,,,FYK_CRU,"Fyke nets, Crustaceans, see the code reg. mesh size and selectivity device",,20220909,,,,,,,,,,,,,,,,,,,
NAtl,FYK_DEF_>0_0_0,,,FYK_DEF_0_0_0,"ENG, FRA",FYK_DEF,"Fyke nets, Demersal species, see the code reg. mesh size and selectivity device",,,,,,,,,,,,,,,,,,,,,
NAtl,GES_CAT_0_0_0,,,,,GES_CAT,"Glass eel Fishing, Catadromous species, see the code reg. mesh size and selectivity device",,,,,,,,,,,,,,,,,,,,,
NAtl,GNC_DEF_>0_0_0,,,,,GNC_DEF,"Encircling gillnets, Demersal species, see the code reg. mesh size and selectivity device",,,,,,,,,,,,,,,,,,,,,
NAtl,GND_ANA_>=220_0_0,,,,,GND_ANA,"Drift gillnets, Anadromous species, see the code reg. mesh size and selectivity device",,,,,,,,,,,,,,,,,,,,,
NAtl,GND_ANA_>0_0_0,,,,,GND_ANA,"Drift gillnets, Anadromous species, see the code reg. mesh size and selectivity device",,,,,,,,,,,,,,,,,,,,,
NAtl,GND_ANA_100-119_0_0,,,,,GND_ANA,"Drift gillnets, Anadromous species, see the code reg. mesh size and selectivity device",,,,,,,,,,,,,,,,,,,,,
NAtl,GND_ANA_10-30_0_0,,,,,GND_ANA,"Drift gillnets, Anadromous species, see the code reg. mesh size and selectivity device",,,,,,,,,,,,,,,,,,,,,
NAtl,GND_ANA_120-219_0_0,,,,,GND_ANA,"Drift gillnets, Anadromous species, see the code reg. mesh size and selectivity device",,,,,,,,,,,,,,,,,,,,,
NAtl,GND_ANA_31-39_0_0,,,,,GND_ANA,"Drift gillnets, Anadromous species, see the code reg. mesh size and selectivity device",,,,,,,,,,,,,,,,,,,,,
NAtl,GND_ANA_40-49_0_0,,,,,GND_ANA,"Drift gillnets, Anadromous species, see the code reg. mesh size and selectivity device",,,,,,,,,,,,,,,,,,,,,
NAtl,GND_ANA_50-59_0_0,,,,,GND_ANA,"Drift gillnets, Anadromous species, see the code reg. mesh size and selectivity device",,,,,,,,,,,,,,,,,,,,,
NAtl,GND_ANA_60-69_0_0,,,,,GND_ANA,"Drift gillnets, Anadromous species, see the code reg. mesh size and selectivity device",,,,,,,,,,,,,,,,,,,,,
NAtl,GND_ANA_70-79_0_0,,,,,GND_ANA,"Drift gillnets, Anadromous species, see the code reg. mesh size and selectivity device",,,,,,,,,,,,,,,,,,,,,
NAtl,GND_ANA_80-89_0_0,,,,,GND_ANA,"Drift gillnets, Anadromous species, see the code reg. mesh size and selectivity device",,,,,,,,,,,,,,,,,,,,,
NAtl,GND_ANA_90-99_0_0,,,,,GND_ANA,"Drift gillnets, Anadromous species, see the code reg. mesh size and selectivity device",,,,,,,,,,,,,,,,,,,,,
NAtl,GND_CAT_>=220_0_0,,,,,GND_CAT,"Drift gillnets, Catadromous species, see the code reg. mesh size and selectivity device",,,,,,,,,,,,,,,,,,,,,
NAtl,GND_CAT_>0_0_0,,,,,GND_CAT,"Drift gillnets, Catadromous species, see the code reg. mesh size and selectivity device",,,,,,,,,,,,,,,,,,,,,
NAtl,GND_CAT_100-119_0_0,,,,,GND_CAT,"Drift gillnets, Catadromous species, see the code reg. mesh size and selectivity device",,,,,,,,,,,,,,,,,,,,,
NAtl,GND_CAT_10-30_0_0,,,,,GND_CAT,"Drift gillnets, Catadromous species, see the code reg. mesh size and selectivity device",,,,,,,,,,,,,,,,,,,,,
NAtl,GND_CAT_120-219_0_0,,,,,GND_CAT,"Drift gillnets, Catadromous species, see the code reg. mesh size and selectivity device",,,,,,,,,,,,,,,,,,,,,
NAtl,GND_CAT_31-39_0_0,,,,,GND_CAT,"Drift gillnets, Catadromous species, see the code reg. mesh size and selectivity device",,,,,,,,,,,,,,,,,,,,,
NAtl,GND_CAT_40-49_0_0,,,,,GND_CAT,"Drift gillnets, Catadromous species, see the code reg. mesh size and selectivity device",,,,,,,,,,,,,,,,,,,,,
NAtl,GND_CAT_50-59_0_0,,,,,GND_CAT,"Drift gillnets, Catadromous species, see the code reg. mesh size and selectivity device",,,,,,,,,,,,,,,,,,,,,
NAtl,GND_CAT_60-69_0_0,,,,,GND_CAT,"Drift gillnets, Catadromous species, see the code reg. mesh size and selectivity device",,,,,,,,,,,,,,,,,,,,,
NAtl,GND_CAT_70-79_0_0,,,,,GND_CAT,"Drift gillnets, Catadromous species, see the code reg. mesh size and selectivity device",,,,,,,,,,,,,,,,,,,,,
NAtl,GND_CAT_80-89_0_0,,,,,GND_CAT,"Drift gillnets, Catadromous species, see the code reg. mesh size and selectivity device",,,,,,,,,,,,,,,,,,,,,
NAtl,GND_CAT_90-99_0_0,,,,,GND_CAT,"Drift gillnets, Catadromous species, see the code reg. mesh size and selectivity device",,,,,,,,,,,,,,,,,,,,,
NAtl,GND_DEF_>=220_0_0,,,,,GND_DEF,"Drift gillnets, Demersal species, see the code reg. mesh size and selectivity device",,,,,,,,,,,,,,,,,,,,,
NAtl,GND_DEF_>0_0_0,,,GND_DEF_0_0_0,"ENG, FRA",GND_DEF,"Drift gillnets, Demersal species, see the code reg. mesh size and selectivity device",,,,,,,,,,,,,,,,,,,,,
NAtl,GND_DEF_100-119_0_0,,,"GND_DEF_100-119_0_0, GND_DEF_>=100_0_0","ENG, FRA",GND_DEF,"Drift gillnets, Demersal species, see the code reg. mesh size and selectivity device",,,,,,,,,,,,,,,,,,,,,
NAtl,GND_DEF_10-30_0_0,,,"GND_DEF_10-30_0_0, GND_DEF_<40_0_0","ENG, FRA, SCT",GND_DEF,"Drift gillnets, Demersal species, see the code reg. mesh size and selectivity device",,,,,,,,,,,,,,,,,,,,,
NAtl,GND_DEF_120-219_0_0,,,GND_DEF_120-219_0_0,"ENG, FRA",GND_DEF,"Drift gillnets, Demersal species, see the code reg. mesh size and selectivity device",,,,,,,,,,,,,,,,,,,,,
NAtl,GND_DEF_31-39_0_0,,,GND_DEF_31-49_0_0,ENG,GND_DEF,"Drift gillnets, Demersal species, see the code reg. mesh size and selectivity device",,,,,,,,,,,,,,,,,,,,,
NAtl,GND_DEF_40-49_0_0,,,GND_DEF_40-49_0_0,FRA,GND_DEF,"Drift gillnets, Demersal species, see the code reg. mesh size and selectivity device",,,,,,,,,,,,,,,,,,,,,
NAtl,GND_DEF_50-59_0_0,,,"GND_DEF_50-59_0_0, GND_DEF_50-70_0_0","ENG, FRA",GND_DEF,"Drift gillnets, Demersal species, see the code reg. mesh size and selectivity device",,,,,,,,,,,,,,,,,,,,,
NAtl,GND_DEF_60-69_0_0,,,GND_DEF_60-79_0_0,FRA,GND_DEF,"Drift gillnets, Demersal species, see the code reg. mesh size and selectivity device",,,,,,,,,,,,,,,,,,,,,
NAtl,GND_DEF_70-79_0_0,,,GND_DEF_71-89_0_0,ENG,GND_DEF,"Drift gillnets, Demersal species, see the code reg. mesh size and selectivity device",,,,,,,,,,,,,,,,,,,,,
NAtl,GND_DEF_80-89_0_0,,,GND_DEF_80-99_0_0,FRA,GND_DEF,"Drift gillnets, Demersal species, see the code reg. mesh size and selectivity device",,,,,,,,,,,,,,,,,,,,,
NAtl,GND_DEF_90-99_0_0,,,,,GND_DEF,"Drift gillnets, Demersal species, see the code reg. mesh size and selectivity device",,,,,,,,,,,,,,,,,,,,,
NAtl,GND_SPF_>=220_0_0,,,,,GND_SPF,"Drift gillnets, Small pelagic fish, see the code reg. mesh size and selectivity device",,,,,,,,,,,,,,,,,,,,,
NAtl,GND_SPF_>0_0_0,,,GND_SPF_0_0_0,ENG,GND_SPF,"Drift gillnets, Small pelagic fish, see the code reg. mesh size and selectivity device",,,,,,,,,,,,,,,,,,,,,
NAtl,GND_SPF_100-119_0_0,,,"GND_SPF_100-119_0_0, GND_SPF_>=100_0_0","ENG, FRA",GND_SPF,"Drift gillnets, Small pelagic fish, see the code reg. mesh size and selectivity device",,,,,,,,,,,,,,,,,,,,,
NAtl,GND_SPF_10-30_0_0,,,GND_SPF_10-30_0_0,ENG,GND_SPF,"Drift gillnets, Small pelagic fish, see the code reg. mesh size and selectivity device",,,,,,,,,,,,,,,,,,,,,
NAtl,GND_SPF_120-219_0_0,,,GND_SPF_120-219_0_0,ENG,GND_SPF,"Drift gillnets, Small pelagic fish, see the code reg. mesh size and selectivity device",,,,,,,,,,,,,,,,,,,,,
NAtl,GND_SPF_31-39_0_0,,,"GND_SPF_31-49_0_0, GND_SPF_<40_0_0","ENG, ESP, FRA",GND_SPF,"Drift gillnets, Small pelagic fish, see the code reg. mesh size and selectivity device",,,,,,,,,,,,,,,,,,,,,
NAtl,GND_SPF_40-49_0_0,,,GND_SPF_40-49_0_0,FRA,GND_SPF,"Drift gillnets, Small pelagic fish, see the code reg. mesh size and selectivity device",,,,,,,,,,,,,,,,,,,,,
NAtl,GND_SPF_50-59_0_0,,,"GND_SPF_50-59_0_0, GND_SPF_50-70_0_0","ENG, FRA",GND_SPF,"Drift gillnets, Small pelagic fish, see the code reg. mesh size and selectivity device",,,,,,,,,,,,,,,,,,,,,
NAtl,GND_SPF_60-69_0_0,,,,,GND_SPF,"Drift gillnets, Small pelagic fish, see the code reg. mesh size and selectivity device",,,,,,,,,,,,,,,,,,,,,
NAtl,GND_SPF_70-79_0_0,,,GND_SPF_71-89_0_0,ENG,GND_SPF,"Drift gillnets, Small pelagic fish, see the code reg. mesh size and selectivity device",,,,,,,,,,,,,,,,,,,,,
NAtl,GND_SPF_80-89_0_0,,,,,GND_SPF,"Drift gillnets, Small pelagic fish, see the code reg. mesh size and selectivity device",,,,,,,,,,,,,,,,,,,,,
NAtl,GND_SPF_90-99_0_0,,,GND_SPF_90-99_0_0,ENG,GND_SPF,"Drift gillnets, Small pelagic fish, see the code reg. mesh size and selectivity device",,,,,,,,,,,,,,,,,,,,,
NAtl,GNS_CAT_>0_0_0,,,GNS_CAT_>0_0_0,FRA,GNS_CAT,"Set gillnets, Catadromous species, see the code reg. mesh size and selectivity device",,,,,,,,,,,,,,,,,,,,,
NAtl,GNS_CEP_>=220_0_0,,,,,GNS_CEP,"Set gillnets, Cephalopods, see the code reg. mesh size and selectivity device",,20260311,Added by request from France,,,,,,,,,,,,,,,,,,
NAtl,GNS_CEP_>0_0_0,,,,,GNS_CEP,"Set gillnets, Cephalopods, see the code reg. mesh size and selectivity device",,20260311,Added by request from France,,,,,,,,,,,,,,,,,,
NAtl,GNS_CEP_100-119_0_0,,,,,GNS_CEP,"Set gillnets, Cephalopods, see the code reg. mesh size and selectivity device",,20260311,Added by request from France,,,,,,,,,,,,,,,,,,
NAtl,GNS_CEP_10-30_0_0,,,,,GNS_CEP,"Set gillnets, Cephalopods, see the code reg. mesh size and selectivity device",,20260311,Added by request from France,,,,,,,,,,,,,,,,,,
NAtl,GNS_CEP_120-219_0_0,,,,,GNS_CEP,"Set gillnets, Cephalopods, see the code reg. mesh size and selectivity device",,20260311,Added by request from France,,,,,,,,,,,,,,,,,,
NAtl,GNS_CEP_31-39_0_0,,,,,GNS_CEP,"Set gillnets, Cephalopods, see the code reg. mesh size and selectivity device",,20260311,Added by request from France,,,,,,,,,,,,,,,,,,
NAtl,GNS_CEP_40-49_0_0,,,,,GNS_CEP,"Set gillnets, Cephalopods, see the code reg. mesh size and selectivity device",,20260311,Added by request from France,,,,,,,,,,,,,,,,,,
NAtl,GNS_CEP_50-59_0_0,,,,,GNS_CEP,"Set gillnets, Cephalopods, see the code reg. mesh size and selectivity device",,20260311,Added by request from France,,,,,,,,,,,,,,,,,,
NAtl,GNS_CEP_60-69_0_0,,,,,GNS_CEP,"Set gillnets, Cephalopods, see the code reg. mesh size and selectivity device",,20260311,Added by request from France,,,,,,,,,,,,,,,,,,
NAtl,GNS_CEP_70-79_0_0,,,,,GNS_CEP,"Set gillnets, Cephalopods, see the code reg. mesh size and selectivity device",,20260311,Added by request from France,,,,,,,,,,,,,,,,,,
NAtl,GNS_CEP_80-89_0_0,,,,,GNS_CEP,"Set gillnets, Cephalopods, see the code reg. mesh size and selectivity device",,20260311,Added by request from France,,,,,,,,,,,,,,,,,,
NAtl,GNS_CEP_90-99_0_0,,,,,GNS_CEP,"Set gillnets, Cephalopods, see the code reg. mesh size and selectivity device",,20260311,Added by request from France,,,,,,,,,,,,,,,,,,
NAtl,GNS_CRU_>=220_0_0,,,GNS_CRU_>=220_0_0,"DEU, ENG, FRA, NIR, SCT, WLS",GNS_CRU,"Set gillnets, Crustaceans, see the code reg. mesh size and selectivity device",,,,,,,,,,,,,,,,,,,,,
NAtl,GNS_CRU_>0_0_0,,,"GNS_CRU_>0_0_0, GNS_CRU_0_0_0, GNS_CRU_<10_0_0","ENG, FRA, WLS",GNS_CRU,"Set gillnets, Crustaceans, see the code reg. mesh size and selectivity device",,,,,,,,,,,,,,,,,,,,,
NAtl,GNS_CRU_100-119_0_0,,,"GNS_CRU_100-119_0_0, GNS_CRU_>=100_0_0","ENG, FRA, NIR, SCT, WLS",GNS_CRU,"Set gillnets, Crustaceans, see the code reg. mesh size and selectivity device",,,,,,,,,,,,,,,,,,,,,
NAtl,GNS_CRU_10-30_0_0,,,GNS_CRU_10-30_0_0,ENG_FRA,GNS_CRU,"Set gillnets, Crustaceans, see the code reg. mesh size and selectivity device",,,,,,,,,,,,,,,,,,,,,
NAtl,GNS_CRU_120-219_0_0,,,GNS_CRU_120-219_0_0,"CHA, ENG, FRA, NIR, SCT, WLS",GNS_CRU,"Set gillnets, Crustaceans, see the code reg. mesh size and selectivity device",,,,,,,,,,,,,,,,,,,,,
NAtl,GNS_CRU_31-39_0_0,,,"GNS_CRU_31-49_0_0, GNS_CRU_<40_0_0","ENG, FRA, WLS",GNS_CRU,"Set gillnets, Crustaceans, see the code reg. mesh size and selectivity device",,,,,,,,,,,,,,,,,,,,,
NAtl,GNS_CRU_40-49_0_0,,,GNS_CRU_40-49_0_0,FRA,GNS_CRU,"Set gillnets, Crustaceans, see the code reg. mesh size and selectivity device",,,,,,,,,,,,,,,,,,,,,
NAtl,GNS_CRU_50-59_0_0,,,"GNS_CRU_50-59_0_0, GNS_CRU_50-70_0_0","ENG, FRA, SCT",GNS_CRU,"Set gillnets, Crustaceans, see the code reg. mesh size and selectivity device",,,,,,,,,,,,,,,,,,,,,
NAtl,GNS_CRU_60-69_0_0,,,GNS_CRU_60-79_0_0,FRA,GNS_CRU,"Set gillnets, Crustaceans, see the code reg. mesh size and selectivity device",,,,,,,,,,,,,,,,,,,,,
NAtl,GNS_CRU_70-79_0_0,,,GNS_CRU_71-89_0_0,"ENG, WLS",GNS_CRU,"Set gillnets, Crustaceans, see the code reg. mesh size and selectivity device",,,,,,,,,,,,,,,,,,,,,
NAtl,GNS_CRU_80-89_0_0,,,GNS_CRU_80-99_0_0,FRA,GNS_CRU,"Set gillnets, Crustaceans, see the code reg. mesh size and selectivity device",,,,,,,,,,,,,,,,,,,,,
NAtl,GNS_CRU_90-99_0_0,,,GNS_CRU_90-99_0_0,"ENG, FRA, WLS",GNS_CRU,"Set gillnets, Crustaceans, see the code reg. mesh size and selectivity device",,,,,,,,,,,,,,,,,,,,,
NAtl,GNS_DEF_>=220_0_0,,,GNS_DEF_>=220_0_0,"CHA, DEU, ENG, FRA, IRL, NIR, SCT, WLS",GNS_DEF,"Set gillnets, Demersal species, see the code reg. mesh size and selectivity device",,,,,,,,,,,,,,,,,,,,,
NAtl,GNS_DEF_>0_0_0,,,"GNS_DEF_0_0_0, GNS_DEF_<10_0_0","ENG, FRA, NIR, SCT, WLS",GNS_DEF,"Set gillnets, Demersal species, see the code reg. mesh size and selectivity device",,,,,,,,,,,,,,,,,,,,,
NAtl,GNS_DEF_100-119_0_0,,,"GNS_DEF_100-119_0_0, GNS_DEF_>=100_0_0","CHA, ENG, ESP, FRA, NIR, PRT, SCT, WLS",GNS_DEF,"Set gillnets, Demersal species, see the code reg. mesh size and selectivity device",,,,,,,,,,,,,,,,,,,,,
NAtl,GNS_DEF_10-30_0_0,,,GNS_DEF_10-30_0_0,"ENG, FRA",GNS_DEF,"Set gillnets, Demersal species, see the code reg. mesh size and selectivity device",,,,,,,,,,,,,,,,,,,,,
NAtl,GNS_DEF_120-219_0_0,,,"GNS_DEF_120-219_0_0, GNS_DEF_>=157_0_0","CHA, ENG, ESP, FRA, IRL, NIR, SCT, WLS",GNS_DEF,"Set gillnets, Demersal species, see the code reg. mesh size and selectivity device",,,,,,,,,,,,,,,,,,,,,
NAtl,GNS_DEF_31-39_0_0,,,"GNS_DEF_31-49_0_0, GNS_DEF_<40_0_0","ENG, FRA, SCT, WLS",GNS_DEF,"Set gillnets, Demersal species, see the code reg. mesh size and selectivity device",,,,,,,,,,,,,,,,,,,,,
NAtl,GNS_DEF_40-49_0_0,,,GNS_DEF_40-49_0_0,FRA,GNS_DEF,"Set gillnets, Demersal species, see the code reg. mesh size and selectivity device",,,,,,,,,,,,,,,,,,,,,
NAtl,GNS_DEF_50-59_0_0,,,"GNS_DEF_50-59_0_0, GNS_DEF_50-70_0_0","DEU, ENG, ESP, FRA, NIR, PRT, SCT, WLS",GNS_DEF,"Set gillnets, Demersal species, see the code reg. mesh size and selectivity device",,,,,,,,,,,,,,,,,,,,,
NAtl,GNS_DEF_60-69_0_0,,,GNS_DEF_60-79_0_0,"ESP, FRA, PRT",GNS_DEF,"Set gillnets, Demersal species, see the code reg. mesh size and selectivity device",,,,,,,,,,,,,,,,,,,,,
NAtl,GNS_DEF_70-79_0_0,,,GNS_DEF_71-89_0_0,"ENG, SCT WLS",GNS_DEF,"Set gillnets, Demersal species, see the code reg. mesh size and selectivity device",,,,,,,,,,,,,,,,,,,,,
NAtl,GNS_DEF_80-89_0_0,,,GNS_DEF_80-99_0_0,"ESP, FRA, PRT",GNS_DEF,"Set gillnets, Demersal species, see the code reg. mesh size and selectivity device",,,,,,,,,,,,,,,,,,,,,
NAtl,GNS_DEF_90-99_0_0,,,GNS_DEF_90-99_0_0,"ENG, FRA, NIR, NLD, SCT, WLS",GNS_DEF,"Set gillnets, Demersal species, see the code reg. mesh size and selectivity device",,,,,,,,,,,,,,,,,,,,,
NAtl,GNS_DWS_>=220_0_0,,,GNS_DWS_>=220_0_0,"ENG, SCT",GNS_DWS,"Set gillnets, Deep-water species, see the code reg. mesh size and selectivity device",,,,,,,,,,,,,,,,,,,,,
NAtl,GNS_DWS_>0_0_0,,,GNS_DWS_<10_0_0,ENG,GNS_DWS,"Set gillnets, Deep-water species, see the code reg. mesh size and selectivity device",,,,,,,,,,,,,,,,,,,,,
NAtl,GNS_DWS_100-119_0_0,,,"GNS_DWS_100-119_0_0, GNS_DWS_>=100_0_0","ENG, SCT, WLS",GNS_DWS,"Set gillnets, Deep-water species, see the code reg. mesh size and selectivity device",,,,,,,,,,,,,,,,,,,,,
NAtl,GNS_DWS_10-30_0_0,,,GNS_DWS_10-30_0_0,ENG,GNS_DWS,"Set gillnets, Deep-water species, see the code reg. mesh size and selectivity device",,,,,,,,,,,,,,,,,,,,,
NAtl,GNS_DWS_120-219_0_0,,,GNS_DWS_120-219_0_0,ENG,GNS_DWS,"Set gillnets, Deep-water species, see the code reg. mesh size and selectivity device",,,,,,,,,,,,,,,,,,,,,
NAtl,GNS_DWS_31-39_0_0,,,GNS_DWS_31-49_0_0,ENG,GNS_DWS,"Set gillnets, Deep-water species, see the code reg. mesh size and selectivity device",,,,,,,,,,,,,,,,,,,,,
NAtl,GNS_DWS_40-49_0_0,,,,,GNS_DWS,"Set gillnets, Deep-water species, see the code reg. mesh size and selectivity device",,,,,,,,,,,,,,,,,,,,,
NAtl,GNS_DWS_50-59_0_0,,,GNS_DWS_50-70_0_0,ENG,GNS_DWS,"Set gillnets, Deep-water species, see the code reg. mesh size and selectivity device",,,,,,,,,,,,,,,,,,,,,
NAtl,GNS_DWS_60-69_0_0,,,,,GNS_DWS,"Set gillnets, Deep-water species, see the code reg. mesh size and selectivity device",,,,,,,,,,,,,,,,,,,,,
NAtl,GNS_DWS_70-79_0_0,,,GNS_DWS_71-89_0_0,ENG,GNS_DWS,"Set gillnets, Deep-water species, see the code reg. mesh size and selectivity device",,,,,,,,,,,,,,,,,,,,,
NAtl,GNS_DWS_80-89_0_0,,,,,GNS_DWS,"Set gillnets, Deep-water species, see the code reg. mesh size and selectivity device",,,,,,,,,,,,,,,,,,,,,
NAtl,GNS_DWS_90-99_0_0,,,GNS_DWS_90-99_0_0,ENG,GNS_DWS,"Set gillnets, Deep-water species, see the code reg. mesh size and selectivity device",,,,,,,,,,,,,,,,,,,,,
NAtl,GNS_LPF_>=220_0_0,,,,,GNS_LPF,"Set gillnets, Large pelagic fish, see the code reg. mesh size and selectivity device",,,,,,,,,,,,,,,,,,,,,
NAtl,GNS_LPF_>0_0_0,,,,,GNS_LPF,"Set gillnets, Large pelagic fish, see the code reg. mesh size and selectivity device",,,,,,,,,,,,,,,,,,,,,
NAtl,GNS_LPF_100-119_0_0,,,,,GNS_LPF,"Set gillnets, Large pelagic fish, see the code reg. mesh size and selectivity device",,,,,,,,,,,,,,,,,,,,,
NAtl,GNS_LPF_10-30_0_0,,,,,GNS_LPF,"Set gillnets, Large pelagic fish, see the code reg. mesh size and selectivity device",,,,,,,,,,,,,,,,,,,,,
NAtl,GNS_LPF_120-219_0_0,,,,,GNS_LPF,"Set gillnets, Large pelagic fish, see the code reg. mesh size and selectivity device",,,,,,,,,,,,,,,,,,,,,
NAtl,GNS_LPF_31-39_0_0,,,,,GNS_LPF,"Set gillnets, Large pelagic fish, see the code reg. mesh size and selectivity device",,,,,,,,,,,,,,,,,,,,,
NAtl,GNS_LPF_40-49_0_0,,,,,GNS_LPF,"Set gillnets, Large pelagic fish, see the code reg. mesh size and selectivity device",,,,,,,,,,,,,,,,,,,,,
NAtl,GNS_LPF_50-59_0_0,,,,,GNS_LPF,"Set gillnets, Large pelagic fish, see the code reg. mesh size and selectivity device",,,,,,,,,,,,,,,,,,,,,
NAtl,GNS_LPF_60-69_0_0,,,,,GNS_LPF,"Set gillnets, Large pelagic fish, see the code reg. mesh size and selectivity device",,,,,,,,,,,,,,,,,,,,,
NAtl,GNS_LPF_70-79_0_0,,,,,GNS_LPF,"Set gillnets, Large pelagic fish, see the code reg. mesh size and selectivity device",,,,,,,,,,,,,,,,,,,,,
NAtl,GNS_LPF_80-89_0_0,,,,,GNS_LPF,"Set gillnets, Large pelagic fish, see the code reg. mesh size and selectivity device",,,,,,,,,,,,,,,,,,,,,
NAtl,GNS_LPF_90-99_0_0,,,,,GNS_LPF,"Set gillnets, Large pelagic fish, see the code reg. mesh size and selectivity device",,,,,,,,,,,,,,,,,,,,,
NAtl,GNS_MPD_>0_0_0,,,,,GNS_MPD,"Set gillnets, Mixed pelagic and demersal, see the code reg. mesh size and selectivity device",,20240311,Request from Azores,,,,,,,,,,,,,,,,,,
NAtl,GNS_MPD_100-119_0_0,,,,,GNS_MPD,"Set gillnets, Mixed pelagic and demersal, see the code reg. mesh size and selectivity device",,20240311,Request from Azores,,,,,,,,,,,,,,,,,,
NAtl,GNS_MPD_120-219_0_0,,,,,GNS_MPD,"Set gillnets, Mixed pelagic and demersal, see the code reg. mesh size and selectivity device",,20240311,Request from Azores,,,,,,,,,,,,,,,,,,
NAtl,GNS_MPD_>=220_0_0,,,,,GNS_MPD,"Set gillnets, Mixed pelagic and demersal, see the code reg. mesh size and selectivity device",,20240311,Request from Azores,,,,,,,,,,,,,,,,,,
NAtl,GNS_SPF_>=220_0_0,,,GNS_SPF_>=220_0_0,"ENG, FRA, WLS",GNS_SPF,"Set gillnets, Small pelagic fish, see the code reg. mesh size and selectivity device",,,,,,,,,,,,,,,,,,,,,
NAtl,GNS_SPF_>0_0_0,,,GNS_SPF_0_0_0,"ENG, FRA",GNS_SPF,"Set gillnets, Small pelagic fish, see the code reg. mesh size and selectivity device",,,,,,,,,,,,,,,,,,,,,
NAtl,GNS_SPF_100-119_0_0,,,"GNS_SPF_100-119_0_0, GNS_SPF_>=100_0_0","ENG, FRA, SCT, WLS",GNS_SPF,"Set gillnets, Small pelagic fish, see the code reg. mesh size and selectivity device",,,,,,,,,,,,,,,,,,,,,
NAtl,GNS_SPF_10-30_0_0,,,GNS_SPF_10-30_0_0,"ENG, FRA, SCT",GNS_SPF,"Set gillnets, Small pelagic fish, see the code reg. mesh size and selectivity device",,,,,,,,,,,,,,,,,,,,,
NAtl,GNS_SPF_120-219_0_0,,,"GNS_SPF_120-219_0_0, GNS_SPF_>=157_0_0","ENG, FRA, NIR, SCT, WLS",GNS_SPF,"Set gillnets, Small pelagic fish, see the code reg. mesh size and selectivity device",,,,,,,,,,,,,,,,,,,,,
NAtl,GNS_SPF_31-39_0_0,,,"GNS_SPF_31-49_0_0, GNS_SPF_<40_0_0","ENG, FRA, WLS",GNS_SPF,"Set gillnets, Small pelagic fish, see the code reg. mesh size and selectivity device",,,,,,,,,,,,,,,,,,,,,
NAtl,GNS_SPF_40-49_0_0,,,GNS_SPF_40-49_0_0,FRA,GNS_SPF,"Set gillnets, Small pelagic fish, see the code reg. mesh size and selectivity device",,,,,,,,,,,,,,,,,,,,,
NAtl,GNS_SPF_50-59_0_0,,,"GNS_SPF_50-59_0_0, GNS_SPF_50-70_0_0","ENG, FRA, NIR, WLS",GNS_SPF,"Set gillnets, Small pelagic fish, see the code reg. mesh size and selectivity device",,,,,,,,,,,,,,,,,,,,,
NAtl,GNS_SPF_60-69_0_0,,,GNS_SPF_60-79_0_0,FRA,GNS_SPF,"Set gillnets, Small pelagic fish, see the code reg. mesh size and selectivity device",,,,,,,,,,,,,,,,,,,,,
NAtl,GNS_SPF_70-79_0_0,,,GNS_SPF_71-89_0_0,"ENG, WLS",GNS_SPF,"Set gillnets, Small pelagic fish, see the code reg. mesh size and selectivity device",,,,,,,,,,,,,,,,,,,,,
NAtl,GNS_SPF_80-89_0_0,,,GNS_SPF_80-99_0_0,FRA,GNS_SPF,"Set gillnets, Small pelagic fish, see the code reg. mesh size and selectivity device",,,,,,,,,,,,,,,,,,,,,
NAtl,GNS_SPF_90-99_0_0,,,GNS_SPF_90-99_0_0,"ENG, WLS",GNS_SPF,"Set gillnets, Small pelagic fish, see the code reg. mesh size and selectivity device",,,,,,,,,,,,,,,,,,,,,
NAtl,GTN_DEF_>0_0_0,,,,,GTN_DEF,"Combined gillnets-trammel nets, Demersal species, see the code reg. mesh size and selectivity device",,,,,,,,,,,,,,,,,,,,,
NAtl,GTN_DEF_10-30_0_0,,,,,GTN_DEF,"Combined gillnets-trammel nets, Demersal species, see the code reg. mesh size and selectivity device",,,,,,,,,,,,,,,,,,,,,
NAtl,GTN_DEF_31-39_0_0,,,,,GTN_DEF,"Combined gillnets-trammel nets, Demersal species, see the code reg. mesh size and selectivity device",,,,,,,,,,,,,,,,,,,,,
NAtl,GTN_DEF_40-49_0_0,,,,,GTN_DEF,"Combined gillnets-trammel nets, Demersal species, see the code reg. mesh size and selectivity device",,,,,,,,,,,,,,,,,,,,,
NAtl,GTN_DEF_50-59_0_0,,,,,GTN_DEF,"Combined gillnets-trammel nets, Demersal species, see the code reg. mesh size and selectivity device",,,,,,,,,,,,,,,,,,,,,
NAtl,GTN_DEF_60-69_0_0,,,,,GTN_DEF,"Combined gillnets-trammel nets, Demersal species, see the code reg. mesh size and selectivity device",,,,,,,,,,,,,,,,,,,,,
NAtl,GTN_DEF_70-79_0_0,,,,,GTN_DEF,"Combined gillnets-trammel nets, Demersal species, see the code reg. mesh size and selectivity device",,,,,,,,,,,,,,,,,,,,,
NAtl,GTN_DEF_80-89_0_0,,,,,GTN_DEF,"Combined gillnets-trammel nets, Demersal species, see the code reg. mesh size and selectivity device",,,,,,,,,,,,,,,,,,,,,
NAtl,GTN_DEF_90-99_0_0,,,,,GTN_DEF,"Combined gillnets-trammel nets, Demersal species, see the code reg. mesh size and selectivity device",,,,,,,,,,,,,,,,,,,,,
NAtl,GTN_DEF_100-119_0_0,,,,,GTN_DEF,"Combined gillnets-trammel nets, Demersal species, see the code reg. mesh size and selectivity device",,,,,,,,,,,,,,,,,,,,,
NAtl,GTN_DEF_120-219_0_0,,,,,GTN_DEF,"Combined gillnets-trammel nets, Demersal species, see the code reg. mesh size and selectivity device",,,,,,,,,,,,,,,,,,,,,
NAtl,GTN_DEF_>=220_0_0,,,,,GTN_DEF,"Combined gillnets-trammel nets, Demersal species, see the code reg. mesh size and selectivity device",,,,,,,,,,,,,,,,,,,,,
NAtl,GTR_CEP_>=220_0_0,,,,,GTR_CEP,"Trammel nets, Cephalopods, see the code reg. mesh size and selectivity device",,,,,,,,,,,,,,,,,,,,,
NAtl,GTR_CEP_>0_0_0,,,,,GTR_CEP,"Trammel nets, Cephalopods, see the code reg. mesh size and selectivity device",,,,,,,,,,,,,,,,,,,,,
NAtl,GTR_CEP_100-119_0_0,,,,,GTR_CEP,"Trammel nets, Cephalopods, see the code reg. mesh size and selectivity device",,,,,,,,,,,,,,,,,,,,,
NAtl,GTR_CEP_10-30_0_0,,,,,GTR_CEP,"Trammel nets, Cephalopods, see the code reg. mesh size and selectivity device",,,,,,,,,,,,,,,,,,,,,
NAtl,GTR_CEP_120-219_0_0,,,,,GTR_CEP,"Trammel nets, Cephalopods, see the code reg. mesh size and selectivity device",,,,,,,,,,,,,,,,,,,,,
NAtl,GTR_CEP_31-39_0_0,,,,,GTR_CEP,"Trammel nets, Cephalopods, see the code reg. mesh size and selectivity device",,,,,,,,,,,,,,,,,,,,,
NAtl,GTR_CEP_40-49_0_0,,,,,GTR_CEP,"Trammel nets, Cephalopods, see the code reg. mesh size and selectivity device",,,,,,,,,,,,,,,,,,,,,
NAtl,GTR_CEP_50-59_0_0,,,,,GTR_CEP,"Trammel nets, Cephalopods, see the code reg. mesh size and selectivity device",,,,,,,,,,,,,,,,,,,,,
NAtl,GTR_CEP_60-69_0_0,,,,,GTR_CEP,"Trammel nets, Cephalopods, see the code reg. mesh size and selectivity device",,,,,,,,,,,,,,,,,,,,,
NAtl,GTR_CEP_70-79_0_0,,,,,GTR_CEP,"Trammel nets, Cephalopods, see the code reg. mesh size and selectivity device",,,,,,,,,,,,,,,,,,,,,
NAtl,GTR_CEP_80-89_0_0,,,,,GTR_CEP,"Trammel nets, Cephalopods, see the code reg. mesh size and selectivity device",,,,,,,,,,,,,,,,,,,,,
NAtl,GTR_CEP_90-99_0_0,,,,,GTR_CEP,"Trammel nets, Cephalopods, see the code reg. mesh size and selectivity device",,,,,,,,,,,,,,,,,,,,,
NAtl,GTR_CRU_>=220_0_0,,,,,GTR_CRU,"Trammel nets, Crustaceans, see the code reg. mesh size and selectivity device",,,,,,,,,,,,,,,,,,,,,
NAtl,GTR_CRU_>0_0_0,,,,,GTR_CRU,"Trammel nets, Crustaceans, see the code reg. mesh size and selectivity device",,,,,,,,,,,,,,,,,,,,,
NAtl,GTR_CRU_100-119_0_0,,,,,GTR_CRU,"Trammel nets, Crustaceans, see the code reg. mesh size and selectivity device",,,,,,,,,,,,,,,,,,,,,
NAtl,GTR_CRU_10-30_0_0,,,,,GTR_CRU,"Trammel nets, Crustaceans, see the code reg. mesh size and selectivity device",,,,,,,,,,,,,,,,,,,,,
NAtl,GTR_CRU_120-219_0_0,,,,,GTR_CRU,"Trammel nets, Crustaceans, see the code reg. mesh size and selectivity device",,,,,,,,,,,,,,,,,,,,,
NAtl,GTR_CRU_31-39_0_0,,,,,GTR_CRU,"Trammel nets, Crustaceans, see the code reg. mesh size and selectivity device",,,,,,,,,,,,,,,,,,,,,
NAtl,GTR_CRU_40-49_0_0,,,,,GTR_CRU,"Trammel nets, Crustaceans, see the code reg. mesh size and selectivity device",,,,,,,,,,,,,,,,,,,,,
NAtl,GTR_CRU_50-59_0_0,,,,,GTR_CRU,"Trammel nets, Crustaceans, see the code reg. mesh size and selectivity device",,,,,,,,,,,,,,,,,,,,,
NAtl,GTR_CRU_60-69_0_0,,,,,GTR_CRU,"Trammel nets, Crustaceans, see the code reg. mesh size and selectivity device",,,,,,,,,,,,,,,,,,,,,
NAtl,GTR_CRU_70-79_0_0,,,,,GTR_CRU,"Trammel nets, Crustaceans, see the code reg. mesh size and selectivity device",,,,,,,,,,,,,,,,,,,,,
NAtl,GTR_CRU_80-89_0_0,,,,,GTR_CRU,"Trammel nets, Crustaceans, see the code reg. mesh size and selectivity device",,,,,,,,,,,,,,,,,,,,,
NAtl,GTR_CRU_90-99_0_0,,,,,GTR_CRU,"Trammel nets, Crustaceans, see the code reg. mesh size and selectivity device",,,,,,,,,,,,,,,,,,,,,
NAtl,GTR_DEF_>=220_0_0,,,GTR_DEF_>=220_0_0,"ENG, FRA, WLS",GTR_DEF,"Trammel nets, Demersal species, see the code reg. mesh size and selectivity device",,,,,,,,,,,,,,,,,,,,,
NAtl,GTR_DEF_>0_0_0,,,"GTR_DEF_0_0_0, GTR_DEF_<10_0_0","ENG, FRA, SCT",GTR_DEF,"Trammel nets, Demersal species, see the code reg. mesh size and selectivity device",,,,,,,,,,,,,,,,,,,,,
NAtl,GTR_DEF_100-119_0_0,,,"GTR_DEF_100-119_0_0, GTR_DEF_>=100_0_0","ENG, FRA, PRT, WLS",GTR_DEF,"Trammel nets, Demersal species, see the code reg. mesh size and selectivity device",,,,,,,,,,,,,,,,,,,,,
NAtl,GTR_DEF_10-30_0_0,,,GTR_DEF_10-30_0_0,"ENG, SCT",GTR_DEF,"Trammel nets, Demersal species, see the code reg. mesh size and selectivity device",,,,,,,,,,,,,,,,,,,,,
NAtl,GTR_DEF_120-219_0_0,,,"GTR_DEF_120-219_0_0, GTR_DEF_>=157_0_0","ENG, FRA, NIR, SCT",GTR_DEF,"Trammel nets, Demersal species, see the code reg. mesh size and selectivity device",,,,,,,,,,,,,,,,,,,,,
NAtl,GTR_DEF_31-39_0_0,,,"GTR_DEF_31-49_0_0, GTR_DEF_<40_0_0","FRA, SCT, WLS",GTR_DEF,"Trammel nets, Demersal species, see the code reg. mesh size and selectivity device",,,,,,,,,,,,,,,,,,,,,
NAtl,GTR_DEF_40-49_0_0,,,GTR_DEF_40-49_0_0,FRA,GTR_DEF,"Trammel nets, Demersal species, see the code reg. mesh size and selectivity device",,,,,,,,,,,,,,,,,,,,,
NAtl,GTR_DEF_50-59_0_0,,,"GTR_DEF_50-59_0_0, GTR_DEF_50-70_0_0","ENG, ESP, FRA",GTR_DEF,"Trammel nets, Demersal species, see the code reg. mesh size and selectivity device",,,,,,,,,,,,,,,,,,,,,
NAtl,GTR_DEF_60-69_0_0,,,GTR_DEF_60-79_0_0,"ESP, FRA",GTR_DEF,"Trammel nets, Demersal species, see the code reg. mesh size and selectivity device",,,,,,,,,,,,,,,,,,,,,
NAtl,GTR_DEF_70-79_0_0,,,"GTR_DEF_71-89_0_0, GTR_DEF_>=70_0_0","PRT, WLS",GTR_DEF,"Trammel nets, Demersal species, see the code reg. mesh size and selectivity device",,,,,,,,,,,,,,,,,,,,,
NAtl,GTR_DEF_80-89_0_0,,,"GTR_DEF_80-99_0_0, GTR_DEF_>=80_0_0","FRA, PRT",GTR_DEF,"Trammel nets, Demersal species, see the code reg. mesh size and selectivity device",,,,,,,,,,,,,,,,,,,,,
NAtl,GTR_DEF_90-99_0_0,,,GTR_DEF_90-99_0_0,"ENG, FRA, WLS",GTR_DEF,"Trammel nets, Demersal species, see the code reg. mesh size and selectivity device",,,,,,,,,,,,,,,,,,,,,
NAtl,HMD_MOL_>0_0_0,,,"HMD_MOL_>0_0_0, HMD_MOL_0_0_0","ENG, ESP, NIR, SCT, WLS",HMD_MOL,"Mechanized dredges, Molluscs, see the code reg. mesh size and selectivity device",DRB_MOL,,,,,,,,,,,,,,,,,,,,
NAtl,HMP_MOL_0_0,,,,,HMP_MOL,"Harvesting pump, see the code reg. Mesh size and selectivity device",,20250423,Request from Norway,,,,,,,,,,,,,,,,,,
NAtl,HMS_SWD_0_0_0,,,,,HMS_SWD,Harvesting gear seaweeds,,,,,,,,,,,,,,,,,,,,,
NAtl,LA_SPF_>0_0_0,,,,,LA_SPF,"Lampara nets, Small pelagic fish, see the code reg. mesh size and selectivity device",,,,,,,,,,,,,,,,,,,,,
NAtl,LH_CEP_0_0_0,,,,,LH_CEP,"Hand and pole lines (not specified), Cephalopods, see the code reg. mesh size and selectivity device",,,,,,,,,,,,,,,,,,,,,
NAtl,LH_DEF_0_0_0,,,,,LH_DEF,"Hand and pole lines (not specified), Demersal species, see the code reg. mesh size and selectivity device",,,,,,,,,,,,,,,,,,,,,
NAtl,LH_DWS_0_0_0,,,,,LH_DWS,"Hand and pole lines (not specified), Deep-water species, see the code reg. mesh size and selectivity device",,,,,,,,,,,,,,,,,,,,,
NAtl,LH_FIF_0_0_0,,,,,LH_FIF,"Hand and pole lines (not specified), Finfish, see the code reg. mesh size and selectivity device",,,,,,,,,,,,,,,,,,,,,
NAtl,LH_LPF_0_0_0,,,,,LH_LPF,"Hand and pole lines (not specified), Large pelagic fish, see the code reg. mesh size and selectivity device",,,,,,,,,,,,,,,,,,,,,
NAtl,LH_SPF_0_0_0,,,,,LH_SPF,"Hand and pole lines (not specified), Small pelagic fish, see the code reg. mesh size and selectivity device",,,,,,,,,,,,,,,,,,,,,
NAtl,LHM_CEP_0_0_0,,,LHM_CEP_0_0_0,"ESP, PRT",LHM_CEP,"Hand and pole lines (mechanized), Cephalopods, see the code reg. mesh size and selectivity device",,,,,,,,,,,,,,,,,,,,,
NAtl,LHM_DEF_0_0_0,,,LHM_DEF_0_0_0,ESP,LHM_DEF,"Hand and pole lines (mechanized), Demersal species, see the code reg. mesh size and selectivity device",,,,,,,,,,,,,,,,,,,,,
NAtl,LHM_DWS_0_0_0,,,LHM_DWS_0_0_0,ESP,LHM_DWS,"Hand and pole lines (mechanized), Deep-water species, see the code reg. mesh size and selectivity device",,,,,,,,,,,,,,,,,,,,,
NAtl,LHM_FIF_0_0_0,,,LHM_FIF_0_0_0,"FRA, NLD, PRT",LHM_FIF,"Hand and pole lines (mechanized), Finfish, see the code reg. mesh size and selectivity device",,,,,,,,,,,,,,,,,,,,,
NAtl,LHM_LPF_0_0_0,,,,,LHM_LPF,"Hand and pole lines (mechanized), Large pelagic fish, see the code reg. mesh size and selectivity device",,,,,,,,,,,,,,,,,,,,,
NAtl,LHM_SPF_0_0_0,,,LHM_SPF_0_0_0,ESP,LHM_SPF,"Hand and pole lines (mechanized), Small pelagic fish, see the code reg. mesh size and selectivity device",,,,,,,,,,,,,,,,,,,,,
NAtl,LHP_CEP_0_0_0,,,LHP_CEP_0_0_0,"ENG, FRA, NIR, SCT",LHP_CEP,"Hand and pole lines (hand-operated), Cephalopods, see the code reg. mesh size and selectivity device",,,,,,,,,,,,,,,,,,,,,
NAtl,LHP_DEF_0_0_0,,,,,LHP_DEF,"Hand and pole lines (hand-operated), Demersal species, see the code reg. mesh size and selectivity device",,,,,,,,,,,,,,,,,,,,,
NAtl,LHP_DWS_0_0_0,,,,,LHP_DWS,"Hand and pole lines (hand-operated), Deep-water species, see the code reg. mesh size and selectivity device",,,,,,,,,,,,,,,,,,,,,
NAtl,LHP_FIF_0_0_0,,,LHP_FIF_0_0_0,"ENG, FRA, IRL, NIR, NLD, SCT, WLS",LHP_FIF,"Hand and pole lines (hand-operated), Finfish, see the code reg. mesh size and selectivity device",,,,,,,,,,,,,,,,,,,,,
NAtl,LHP_LPF_0_0_0,,,,,LHP_LPF,"Hand and pole lines (hand-operated), Large pelagic fish, see the code reg. mesh size and selectivity device",,,,,,,,,,,,,,,,,,,,,
NAtl,LHP_SPF_0_0_0,,,,,LHP_SPF,"Hand and pole lines (hand-operated), Small pelagic fish, see the code reg. mesh size and selectivity device",,,,,,,,,,,,,,,,,,,,,
NAtl,LLD_DEF_0_0_0,,,LLD_DEF_0_0_0,"ENG, FRA, NIR, SCT, WLS",LLD_DEF,"Drifting long lines, Demersal species, see the code reg. mesh size and selectivity device",,,,,,,,,,,,,,,,,,,,,
NAtl,LLD_DWS_0_0_0,,,LLD_DWS_0_0_0,"ENG, SCT",LLD_DWS,"Drifting long lines, Deep-water species, see the code reg. mesh size and selectivity device",,,,,,,,,,,,,,,,,,,,,
NAtl,LLD_FIF_0_0_0,,,,,LLD_FIF,"Drifting long lines, Finfish, see the code reg. mesh size and selectivity device",,,,,,,,,,,,,,,,,,,,,
NAtl,LLD_LPF_0_0_0,,,LLD_LPF_0_0_0,"ENG, FRA, PRT",LLD_LPF,"Drifting long lines, Large pelagic fish, see the code reg. mesh size and selectivity device",,,,,,,,,,,,,,,,,,,,,
NAtl,LLD_SPF_0_0_0,,,LLD_SPF_0_0_0,FRA,LLD_SPF,"Drifting long lines, Small pelagic fish, see the code reg. mesh size and selectivity device",,,,,,,,,,,,,,,,,,,,,
NAtl,LLS_CAT_0_0_0,,,,,LLS_CAT,"Set longlines, Catadroneous species, see the code reg. mesh size and selectivity device",,20260311,Added by request from France,,,,,,,,,,,,,,,,,,
NAtl,LLS_DEF_0_0_0,,,LLS_DEF_0_0_0,"ENG, ESP, FRA, IRL, NIR, PRT, SCT, WLS",LLS_DEF,"Set longlines, Demersal species, see the code reg. mesh size and selectivity device",,,,,,,,,,,,,,,,,,,,,
NAtl,LLS_DWS_0_0_0,,,LLS_DWS_0_0_0,"ENG, ESP, FRA, PRT, SCT",LLS_DWS,"Set longlines, Deep-water species, see the code reg. mesh size and selectivity device",,,,,,,,,,,,,,,,,,,,,
NAtl,LLS_FIF_0_0_0,,,LLS_FIF_0_0_0,FRA,LLS_FIF,"Set longlines, Finfish, see the code reg. mesh size and selectivity device",,,,,,,,,,,,,,,,,,,,,
NAtl,LN_DEF_0_0_0,,,,,LN_DEF,"Lift nets (not specified), Demersal species, see the code reg. mesh size and selectivity device",,,,,,,,,,,,,,,,,,,,,
NAtl,LTL_DEF_0_0_0,,,,,LTL_DEF,"Trolling lines, Demersal species, see the code reg. mesh size and selectivity device",,,,,,,,,,,,,,,,,,,,,
NAtl,LTL_LPF_0_0_0,,,,,LTL_LPF,"Trolling lines, Large pelagic fish, see the code reg. mesh size and selectivity device",,,,,,,,,,,,,,,,,,,,,
NAtl,LTL_SPF_0_0_0,,,LTL_LPF_0_0_0,"FRA, SCT, WLS",LTL_SPF,"Trolling lines, Small pelagic fish, see the code reg. mesh size and selectivity device",,,,,,,,,,,,,,,,,,,,,
NAtl,MIS_ANA_0_0_0,,,"MIS_MIS_0_0_0, MIS_FIF_0_0_0, No_logbook6, No_Matrix6","DNK, ENG, FRA, IRL, NIR, NLD, PRT, SCT, WLS",MIS_ANA,"Miscellanous gear, Anadromous species, see the code reg. mesh size and selectivity device",,,,,,,,,,,,,,,,,,,,,
NAtl,MIS_CAT_0_0_0,,,,,MIS_CAT,"Miscellanous gear, Catadromous species, see the code reg. mesh size and selectivity device",,,,,,,,,,,,,,,,,,,,,
NAtl,MIS_CEP_0_0_0,,,,,MIS_CEP,"Miscellanous gear, Cephalopods, see the code reg. mesh size and selectivity device",,,,,,,,,,,,,,,,,,,,,
NAtl,MIS_CRU_0_0_0,,,MIS_CRU_0_0_0,,MIS_CRU,"Miscellanous gear, Crustaceans, see the code reg. mesh size and selectivity device",,,,,,,,,,,,,,,,,,,,,
NAtl,MIS_DEF_0_0_0,,,MIS_DEF_0_0_0,,MIS_DEF,"Miscellanous gear, Demersal species, see the code reg. mesh size and selectivity device",,,,,,,,,,,,,,,,,,,,,
NAtl,MIS_DES_0_0_0,,,,,MIS_DES,"Miscellanous gear, Benthic species, see the code reg. mesh size and selectivity device",,,,,,,,,,,,,,,,,,,,,
NAtl,MIS_DWS_0_0_0,,,,,MIS_DWS,"Miscellanous gear, Deep-water species, see the code reg. mesh size and selectivity device",,,,,,,,,,,,,,,,,,,,,
NAtl,MIS_LPF_0_0_0,,,,,MIS_LPF,"Miscellanous gear, Large pelagic fish, see the code reg. mesh size and selectivity device",,,,,,,,,,,,,,,,,,,,,
NAtl,MIS_MCD_0_0_0,,,,,MIS_MCD,"Miscellanous gear, Mixed crustaceans and demersal  species, see the code reg. mesh size and selectivity device",,,,,,,,,,,,,,,,,,,,,
NAtl,MIS_MCF_0_0_0,,,,,MIS_MCF,"Miscellanous gear, Mixed cephalopod and demersal species, see the code reg. mesh size and selectivity device",,,,,,,,,,,,,,,,,,,,,
NAtl,MIS_MDD_0_0_0,,,,,MIS_MDD,"Miscellanous gear, Mixed deep-water species and demersal species, see the code reg. mesh size and selectivity device",,,,,,,,,,,,,,,,,,,,,
NAtl,MIS_MIS_0_0_0,,,,,MIS_MIS,"Miscellanous gear, Miscellaneous species, see the code reg. mesh size and selectivity device",,,,,,,,,,,,,,,,,,,,,
NAtl,MIS_MOL_0_0_0,,,MIS_MOL_0_0_0,,MIS_MOL,"Miscellanous gear, Molluscs, see the code reg. mesh size and selectivity device",,,,,,,,,,,,,,,,,,,,,
NAtl,MIS_MPD_0_0_0,,,,,MIS_MPD,"Miscellanous gear, Mixed pelagic and demersal species, see the code reg. mesh size and selectivity device",,,,,,,,,,,,,,,,,,,,,
NAtl,MIS_SPF_0_0_0,,,,,MIS_SPF,"Miscellanous gear, Small pelagic fish, see the code reg. mesh size and selectivity device",,,,,,,,,,,,,,,,,,,,,
NAtl,MIS_SWD_0_0_0,,,,,MIS_SWD,Miscellanous gear,,,,,,,,,,,,,,,,,,,,,
NAtl,OTB_CEP_<16_0_0,,,,,OTB_CEP,"Bottom otter trawl, Cephalopods, see the code reg. mesh size and selectivity device",OT_MIX,,,,,,,,,,,,,,,,,,,,
NAtl,OTB_CEP_>=120_0_0,,,,,OTB_CEP,"Bottom otter trawl, Cephalopods, see the code reg. mesh size and selectivity device",OT_MIX,,,,,,,,,,,,,,,,,,,,
NAtl,OTB_CEP_>0_0_0,,,,,OTB_CEP,"Bottom otter trawl, Cephalopods, see the code reg. mesh size and selectivity device",OT_MIX,,,,,,,,,,,,,,,,,,,,
NAtl,OTB_CEP_100-119_0_0,,,,,OTB_CEP,"Bottom otter trawl, Cephalopods, see the code reg. mesh size and selectivity device",OT_MIX,,,,,,,,,,,,,,,,,,,,
NAtl,OTB_CEP_16-31_0_0,,,,,OTB_CEP,"Bottom otter trawl, Cephalopods, see the code reg. mesh size and selectivity device",OT_MIX,,,,,,,,,,,,,,,,,,,,
NAtl,OTB_CEP_32-39_0_0,,,,,OTB_CEP,"Bottom otter trawl, Cephalopods, see the code reg. mesh size and selectivity device",OT_MIX,,,,,,,,,,,,,,,,,,,,
NAtl,OTB_CEP_40-54_0_0,,,,,OTB_CEP,"Bottom otter trawl, Cephalopods, see the code reg. mesh size and selectivity device",OT_MIX,,,,,,,,,,,,,,,,,,,,
NAtl,OTB_CEP_55-64_0_0,,,,,OTB_CEP,"Bottom otter trawl, Cephalopods, see the code reg. mesh size and selectivity device",OT_MIX,,,,,,,,,,,,,,,,,,,,
NAtl,OTB_CEP_65-69_0_0,,,,,OTB_CEP,"Bottom otter trawl, Cephalopods, see the code reg. mesh size and selectivity device",OT_MIX,,,,,,,,,,,,,,,,,,,,
NAtl,OTB_CEP_70-99_0_0,,,,,OTB_CEP,"Bottom otter trawl, Cephalopods, see the code reg. mesh size and selectivity device",OT_MIX,,,,,,,,,,,,,,,,,,,,
NAtl,OTB_CRU_<16_0_0,,,OTB_CRU_<16_0_0,"ENG, NIR, SCT",OTB_CRU,"Bottom otter trawl, Crustaceans, see the code reg. mesh size and selectivity device",OT_CRU,,,,,,,,,,,,,,,,,,,,
NAtl,OTB_CRU_>=120_0_0,,,OTB_CRU_>=120_0_0,"ENG, FRA, NIR, SCT",OTB_CRU,"Bottom otter trawl, Crustaceans, see the code reg. mesh size and selectivity device",OT_CRU,,,,,,,,,,,,,,,,,,,,
NAtl,OTB_CRU_>0_0_0,,,OTB_CRU_0_0_0,FRA,OTB_CRU,"Bottom otter trawl, Crustaceans, see the code reg. mesh size and selectivity device",OT_CRU,,,,,,,,,,,,,,,,,,,,
NAtl,OTB_CRU_100-119_0_0,,,OTB_CRU_100-119_0_0,"ENG, FRA, IRL, NIR, SCT, WLS",OTB_CRU,"Bottom otter trawl, Crustaceans, see the code reg. mesh size and selectivity device",OT_CRU,,,,,,,,,,,,,,,,,,,,
NAtl,OTB_CRU_16-31_0_0,,,OTB_CRU_16-31_0_0,"ENG, FRA, NIR, SCT",OTB_CRU,"Bottom otter trawl, Crustaceans, see the code reg. mesh size and selectivity device",OT_CRU,,,,,,,,,,,,,,,,,,,,
NAtl,OTB_CRU_32-39_0_0,,,"OTB_CRU_32-54_0_0, OTB_CRU_32-69_0_0, OTB_CRU_32-69_2_22","ENG, EST, FRA, NIR, SCT",OTB_CRU,"Bottom otter trawl, Crustaceans, see the code reg. mesh size and selectivity device",OT_CRU,,,,,,,,,,,,,,,,,,,,
NAtl,OTB_CRU_40-54_0_0,,,OTB_CRU_40-59_0_0,"DEU, DNK, ESP",OTB_CRU,"Bottom otter trawl, Crustaceans, see the code reg. mesh size and selectivity device",OT_CRU,,,,,,,,,,,,,,,,,,,,
NAtl,OTB_CRU_55-64_0_0,,,"OTB_CRU_55-59_0_0, OTB_CRU_>=55_0_0","PRT, WLS",OTB_CRU,"Bottom otter trawl, Crustaceans, see the code reg. mesh size and selectivity device",OT_CRU,,,,,,,,,,,,,,,,,,,,
NAtl,OTB_CRU_65-69_0_0,,,,,OTB_CRU,"Bottom otter trawl, Crustaceans, see the code reg. mesh size and selectivity device",OT_CRU,,,,,,,,,,,,,,,,,,,,
NAtl,OTB_CRU_70-99_0_0,,,"OTB_CRU_70-99_0_0, OTB_CRU_70-89_0_0, OTB_CRU_>=70_0_0","ENG, FRA, IRL, NIR, PRT, SCT, WLS",OTB_CRU,"Bottom otter trawl, Crustaceans, see the code reg. mesh size and selectivity device",OT_CRU,,,,,,,,,,,,,,,,,,,,
NAtl,OTB_DEF_<16_0_0,,,OTB_DEF_<16_0_0,"ENG, FRA, SCT, WLS",OTB_DEF,"Bottom otter trawl, Demersal species, see the code reg. mesh size and selectivity device",OT_DMF,,,,,,,,,,,,,,,,,,,,
NAtl,OTB_DEF_>=120_0_0,,,"OTB_DEF_>=120_0_0, OTB_DEF_>=220_0_0, OTB_DEF_130-219_0_0, OTB_DEF_130-279_0_0","DEU, ENG, EST, FRA, IRL, NLD, SCT, WLS",OTB_DEF,"Bottom otter trawl, Demersal species, see the code reg. mesh size and selectivity device",OT_DMF,,,,,,,,,,,,,,,,,,,,
NAtl,OTB_DEF_>0_0_0,,,OTB_DEF_0_0_0,FRA,OTB_DEF,"Bottom otter trawl, Demersal species, see the code reg. mesh size and selectivity device",OT_DMF,,,,,,,,,,,,,,,,,,,,
NAtl,OTB_DEF_100-119_0_0,,,"OTB_DEF_100-119_0_0, OTB_DEF_>=110_0_0","BEL, ENG, ESP, FRA, IRL, NIR, SCT, WLS ",OTB_DEF,"Bottom otter trawl, Demersal species, see the code reg. mesh size and selectivity device",OT_DMF,,,,,,,,,,,,,,,,,,,,
NAtl,OTB_DEF_16-31_0_0,,,OTB_DEF_16-31_0_0,"ENG, FRA",OTB_DEF,"Bottom otter trawl, Demersal species, see the code reg. mesh size and selectivity device",OT_DMF,,,,,,,,,,,,,,,,,,,,
NAtl,OTB_DEF_32-39_0_0,,,"OTB_DEF_32-54_0_0, OTB_DEF_32-69_0_0","ENG, FRA, SCT",OTB_DEF,"Bottom otter trawl, Demersal species, see the code reg. mesh size and selectivity device",OT_DMF,,,,,,,,,,,,,,,,,,,,
NAtl,OTB_DEF_40-54_0_0,,,,,OTB_DEF,"Bottom otter trawl, Demersal species, see the code reg. mesh size and selectivity device",OT_DMF,,,,,,,,,,,,,,,,,,,,
NAtl,OTB_DEF_55-64_0_0,,,"OTB_DEF_55-69_0_0, OTB_DEF_>=55_0_0","ESP, FRA, PRT",OTB_DEF,"Bottom otter trawl, Demersal species, see the code reg. mesh size and selectivity device",OT_DMF,,,,,,,,,,,,,,,,,,,,
NAtl,OTB_DEF_65-69_0_0,,,OTB_DEF_65-69_0_0,PRT,OTB_DEF,"Bottom otter trawl, Demersal species, see the code reg. mesh size and selectivity device",OT_DMF,,,,,,,,,,,,,,,,,,,,
NAtl,OTB_DEF_70-99_0_0,,,"OTB_DEF_70-99_0_0, OTB_DEF_70-89_0_0, OTB_DEF_>=70_0_0","CHA, ENG, ESP, FRA, IRL, NIR, NLD, SCT, WLS",OTB_DEF,"Bottom otter trawl, Demersal species, see the code reg. mesh size and selectivity device",OT_DMF,,,,,,,,,,,,,,,,,,,,
NAtl,OTB_DWS_<16_0_0,,,OTB_DWS_<16_0_0,ENG,OTB_DWS,"Bottom otter trawl, Deep-water species, see the code reg. mesh size and selectivity device",OT_MIX_DMF_BEN,,,,,,,,,,,,,,,,,,,,
NAtl,OTB_DWS_>=120_0_0,,,OTB_DWS_>=120_0_0,"FRA, LTU, SCT",OTB_DWS,"Bottom otter trawl, Deep-water species, see the code reg. mesh size and selectivity device",OT_MIX_DMF_BEN,,,,,,,,,,,,,,,,,,,,
NAtl,OTB_DWS_>0_0_0,,,,,OTB_DWS,"Bottom otter trawl, Deep-water species, see the code reg. mesh size and selectivity device",OT_MIX_DMF_BEN,,,,,,,,,,,,,,,,,,,,
NAtl,OTB_DWS_100-119_0_0,,,"OTB_DWS_100-119_0_0, OTB_DWS_100-129_0_0","ENG, ESP, FRA, IRL, SCT",OTB_DWS,"Bottom otter trawl, Deep-water species, see the code reg. mesh size and selectivity device",OT_MIX_DMF_BEN,,,,,,,,,,,,,,,,,,,,
NAtl,OTB_DWS_16-31_0_0,,,,,OTB_DWS,"Bottom otter trawl, Deep-water species, see the code reg. mesh size and selectivity device",OT_MIX_DMF_BEN,,,,,,,,,,,,,,,,,,,,
NAtl,OTB_DWS_32-39_0_0,,,,,OTB_DWS,"Bottom otter trawl, Deep-water species, see the code reg. mesh size and selectivity device",OT_MIX_DMF_BEN,,,,,,,,,,,,,,,,,,,,
NAtl,OTB_DWS_40-54_0_0,,,,,OTB_DWS,"Bottom otter trawl, Deep-water species, see the code reg. mesh size and selectivity device",OT_MIX_DMF_BEN,,,,,,,,,,,,,,,,,,,,
NAtl,OTB_DWS_55-64_0_0,,,,,OTB_DWS,"Bottom otter trawl, Deep-water species, see the code reg. mesh size and selectivity device",OT_MIX_DMF_BEN,,,,,,,,,,,,,,,,,,,,
NAtl,OTB_DWS_65-69_0_0,,,,,OTB_DWS,"Bottom otter trawl, Deep-water species, see the code reg. mesh size and selectivity device",OT_MIX_DMF_BEN,,,,,,,,,,,,,,,,,,,,
NAtl,OTB_DWS_70-99_0_0,,,"OTB_DWS_70-99_0_0, OTB_DWS_>=70_0_0","ENG, FRA",OTB_DWS,"Bottom otter trawl, Deep-water species, see the code reg. mesh size and selectivity device",OT_MIX_DMF_BEN,,,,,,,,,,,,,,,,,,,,
NAtl,OTB_MCD_<16_0_0,,,,,OTB_MCD,"Bottom otter trawl, Mixed crustaceans and demersal  species, see the code reg. mesh size and selectivity device",OT_MIX_CRU_DMF,,,,,,,,,,,,,,,,,,,,
NAtl,OTB_MCD_>=120_0_0,,,,,OTB_MCD,"Bottom otter trawl, Mixed crustaceans and demersal  species, see the code reg. mesh size and selectivity device",OT_MIX_CRU_DMF,,,,,,,,,,,,,,,,,,,,
NAtl,OTB_MCD_>0_0_0,,,,,OTB_MCD,"Bottom otter trawl, Mixed crustaceans and demersal  species, see the code reg. mesh size and selectivity device",OT_MIX_CRU_DMF,,,,,,,,,,,,,,,,,,,,
NAtl,OTB_MCD_100-119_0_0,,,,,OTB_MCD,"Bottom otter trawl, Mixed crustaceans and demersal  species, see the code reg. mesh size and selectivity device",OT_MIX_CRU_DMF,,,,,,,,,,,,,,,,,,,,
NAtl,OTB_MCD_16-31_0_0,,,,,OTB_MCD,"Bottom otter trawl, Mixed crustaceans and demersal  species, see the code reg. mesh size and selectivity device",OT_MIX_CRU_DMF,,,,,,,,,,,,,,,,,,,,
NAtl,OTB_MCD_32-39_0_0,,,,,OTB_MCD,"Bottom otter trawl, Mixed crustaceans and demersal  species, see the code reg. mesh size and selectivity device",OT_MIX_CRU_DMF,,,,,,,,,,,,,,,,,,,,
NAtl,OTB_MCD_40-54_0_0,,,,,OTB_MCD,"Bottom otter trawl, Mixed crustaceans and demersal  species, see the code reg. mesh size and selectivity device",OT_MIX_CRU_DMF,,,,,,,,,,,,,,,,,,,,
NAtl,OTB_MCD_55-64_0_0,,,OTB_MCD_>=55_0_0,ESP,OTB_MCD,"Bottom otter trawl, Mixed crustaceans and demersal  species, see the code reg. mesh size and selectivity device",OT_MIX_CRU_DMF,,,,,,,,,,,,,,,,,,,,
NAtl,OTB_MCD_65-69_0_0,,,,,OTB_MCD,"Bottom otter trawl, Mixed crustaceans and demersal  species, see the code reg. mesh size and selectivity device",OT_MIX_CRU_DMF,,,,,,,,,,,,,,,,,,,,
NAtl,OTB_MCD_70-99_0_0,,,"OTB_MCD_70-99_0_0, OTB_MCD_>=70_0_0","BEL, NLD",OTB_MCD,"Bottom otter trawl, Mixed crustaceans and demersal  species, see the code reg. mesh size and selectivity device",OT_MIX_CRU_DMF,,,,,,,,,,,,,,,,,,,,
NAtl,OTB_MCF_<16_0_0,,,,,OTB_MCF,"Bottom otter trawl, Mixed cephalopod and demersal species, see the code reg. mesh size and selectivity device",OT_MIX_DMF_BEN,,,,,,,,,,,,,,,,,,,,
NAtl,OTB_MCF_>=120_0_0,,,OTB_MCF_>=120_0_0,IRL,OTB_MCF,"Bottom otter trawl, Mixed cephalopod and demersal species, see the code reg. mesh size and selectivity device",OT_MIX_DMF_BEN,,,,,,,,,,,,,,,,,,,,
NAtl,OTB_MCF_>0_0_0,,,,,OTB_MCF,"Bottom otter trawl, Mixed cephalopod and demersal species, see the code reg. mesh size and selectivity device",OT_MIX_DMF_BEN,,,,,,,,,,,,,,,,,,,,
NAtl,OTB_MCF_100-119_0_0,,,,,OTB_MCF,"Bottom otter trawl, Mixed cephalopod and demersal species, see the code reg. mesh size and selectivity device",OT_MIX_DMF_BEN,,,,,,,,,,,,,,,,,,,,
NAtl,OTB_MCF_16-31_0_0,,,,,OTB_MCF,"Bottom otter trawl, Mixed cephalopod and demersal species, see the code reg. mesh size and selectivity device",OT_MIX_DMF_BEN,,,,,,,,,,,,,,,,,,,,
NAtl,OTB_MCF_32-39_0_0,,,,,OTB_MCF,"Bottom otter trawl, Mixed cephalopod and demersal species, see the code reg. mesh size and selectivity device",OT_MIX_DMF_BEN,,,,,,,,,,,,,,,,,,,,
NAtl,OTB_MCF_40-54_0_0,,,,,OTB_MCF,"Bottom otter trawl, Mixed cephalopod and demersal species, see the code reg. mesh size and selectivity device",OT_MIX_DMF_BEN,,,,,,,,,,,,,,,,,,,,
NAtl,OTB_MCF_55-64_0_0,,,,,OTB_MCF,"Bottom otter trawl, Mixed cephalopod and demersal species, see the code reg. mesh size and selectivity device",OT_MIX_DMF_BEN,,,,,,,,,,,,,,,,,,,,
NAtl,OTB_MCF_65-69_0_0,,,,,OTB_MCF,"Bottom otter trawl, Mixed cephalopod and demersal species, see the code reg. mesh size and selectivity device",OT_MIX_DMF_BEN,,,,,,,,,,,,,,,,,,,,
NAtl,OTB_MCF_70-99_0_0,,,OTB_MCF_>=70_0_0,ESP,OTB_MCF,"Bottom otter trawl, Mixed cephalopod and demersal species, see the code reg. mesh size and selectivity device",OT_MIX_DMF_BEN,,,,,,,,,,,,,,,,,,,,
NAtl,OTB_MDD_<16_0_0,,,,,OTB_MDD,"Bottom otter trawl, Mixed deep-water species and demersal species, see the code reg. mesh size and selectivity device",OT_MIX_DMF_BEN,,,,,,,,,,,,,,,,,,,,
NAtl,OTB_MDD_>=120_0_0,,,"OTB_MDD_>=200_0_0, OTB_MDD_>=220_0_0, OTB_MDD_130-219_0_0, OTB_MDD_130_0_0","ESP, LTU, PRT",OTB_MDD,"Bottom otter trawl, Mixed deep-water species and demersal species, see the code reg. mesh size and selectivity device",OT_MIX_DMF_BEN,,,,,,,,,,,,,,,,,,,,
NAtl,OTB_MDD_>0_0_0,,,,,OTB_MDD,"Bottom otter trawl, Mixed deep-water species and demersal species, see the code reg. mesh size and selectivity device",OT_MIX_DMF_BEN,,,,,,,,,,,,,,,,,,,,
NAtl,OTB_MDD_100-119_0_0,,,,,OTB_MDD,"Bottom otter trawl, Mixed deep-water species and demersal species, see the code reg. mesh size and selectivity device",OT_MIX_DMF_BEN,,,,,,,,,,,,,,,,,,,,
NAtl,OTB_MDD_16-31_0_0,,,,,OTB_MDD,"Bottom otter trawl, Mixed deep-water species and demersal species, see the code reg. mesh size and selectivity device",OT_MIX_DMF_BEN,,,,,,,,,,,,,,,,,,,,
NAtl,OTB_MDD_32-39_0_0,,,,,OTB_MDD,"Bottom otter trawl, Mixed deep-water species and demersal species, see the code reg. mesh size and selectivity device",OT_MIX_DMF_BEN,,,,,,,,,,,,,,,,,,,,
NAtl,OTB_MDD_40-54_0_0,,,,,OTB_MDD,"Bottom otter trawl, Mixed deep-water species and demersal species, see the code reg. mesh size and selectivity device",OT_MIX_DMF_BEN,,,,,,,,,,,,,,,,,,,,
NAtl,OTB_MDD_55-64_0_0,,,,,OTB_MDD,"Bottom otter trawl, Mixed deep-water species and demersal species, see the code reg. mesh size and selectivity device",OT_MIX_DMF_BEN,,,,,,,,,,,,,,,,,,,,
NAtl,OTB_MDD_65-69_0_0,,,,,OTB_MDD,"Bottom otter trawl, Mixed deep-water species and demersal species, see the code reg. mesh size and selectivity device",OT_MIX_DMF_BEN,,,,,,,,,,,,,,,,,,,,
NAtl,OTB_MDD_70-99_0_0,,,,,OTB_MDD,"Bottom otter trawl, Mixed deep-water species and demersal species, see the code reg. mesh size and selectivity device",OT_MIX_DMF_BEN,,,,,,,,,,,,,,,,,,,,
NAtl,OTB_MOL_<16_0_0,,,OTB_MOL_<16_0_0,"ENG, SCT, WLS",OTB_MOL,"Bottom otter trawl, Molluscs, see the code reg. mesh size and selectivity device",OT_MIX,,,,,,,,,,,,,,,,,,,,
NAtl,OTB_MOL_>=120_0_0,,,OTB_MOL_>=120_0_0,"ENG, SCT",OTB_MOL,"Bottom otter trawl, Molluscs, see the code reg. mesh size and selectivity device",OT_MIX,,,,,,,,,,,,,,,,,,,,
NAtl,OTB_MOL_>0_0_0,,,OTB_MOL_0_0_0,FRA,OTB_MOL,"Bottom otter trawl, Molluscs, see the code reg. mesh size and selectivity device",OT_MIX,,,,,,,,,,,,,,,,,,,,
NAtl,OTB_MOL_100-119_0_0,,,OTB_MOL_100-119_0_0,"ENG, FRA, NIR, SCT, WLS",OTB_MOL,"Bottom otter trawl, Molluscs, see the code reg. mesh size and selectivity device",OT_MIX,,,,,,,,,,,,,,,,,,,,
NAtl,OTB_MOL_16-31_0_0,,,OTB_MOL_16-31_0_0,"ENG, FRA",OTB_MOL,"Bottom otter trawl, Molluscs, see the code reg. mesh size and selectivity device",OT_MIX,,,,,,,,,,,,,,,,,,,,
NAtl,OTB_MOL_32-39_0_0,,,"OTB_MOL_32-54_0_0, OTB_MOL_32-69_0_0","ENG, FRA, NIR, SCT, WLS",OTB_MOL,"Bottom otter trawl, Molluscs, see the code reg. mesh size and selectivity device",OT_MIX,,,,,,,,,,,,,,,,,,,,
NAtl,OTB_MOL_40-54_0_0,,,,,OTB_MOL,"Bottom otter trawl, Molluscs, see the code reg. mesh size and selectivity device",OT_MIX,,,,,,,,,,,,,,,,,,,,
NAtl,OTB_MOL_55-64_0_0,,,,,OTB_MOL,"Bottom otter trawl, Molluscs, see the code reg. mesh size and selectivity device",OT_MIX,,,,,,,,,,,,,,,,,,,,
NAtl,OTB_MOL_65-69_0_0,,,,,OTB_MOL,"Bottom otter trawl, Molluscs, see the code reg. mesh size and selectivity device",OT_MIX,,,,,,,,,,,,,,,,,,,,
NAtl,OTB_MOL_70-99_0_0,,,"OTB_MOL_70-99_0_0, OTB_MOL_70-89_0_0, OTB_MOL_>=70_0_0","CHA, ENG, FRA, NIR, SCT, WLS",OTB_MOL,"Bottom otter trawl, Molluscs, see the code reg. mesh size and selectivity device",OT_MIX,,,,,,,,,,,,,,,,,,,,
NAtl,OTB_MPD_<16_0_0,,,,,OTB_MPD,"Bottom otter trawl, Mixed pelagic and demersal species, see the code reg. mesh size and selectivity device",OT_MIX_DMF_PEL,,,,,,,,,,,,,,,,,,,,
NAtl,OTB_MPD_>=120_0_0,,,,,OTB_MPD,"Bottom otter trawl, Mixed pelagic and demersal species, see the code reg. mesh size and selectivity device",OT_MIX_DMF_PEL,,,,,,,,,,,,,,,,,,,,
NAtl,OTB_MPD_>0_0_0,,,,,OTB_MPD,"Bottom otter trawl, Mixed pelagic and demersal species, see the code reg. mesh size and selectivity device",OT_MIX_DMF_PEL,,,,,,,,,,,,,,,,,,,,
NAtl,OTB_MPD_100-119_0_0,,,,,OTB_MPD,"Bottom otter trawl, Mixed pelagic and demersal species, see the code reg. mesh size and selectivity device",OT_MIX_DMF_PEL,,,,,,,,,,,,,,,,,,,,
NAtl,OTB_MPD_16-31_0_0,,,,,OTB_MPD,"Bottom otter trawl, Mixed pelagic and demersal species, see the code reg. mesh size and selectivity device",OT_MIX_DMF_PEL,,,,,,,,,,,,,,,,,,,,
NAtl,OTB_MPD_32-39_0_0,,,,,OTB_MPD,"Bottom otter trawl, Mixed pelagic and demersal species, see the code reg. mesh size and selectivity device",OT_MIX_DMF_PEL,,,,,,,,,,,,,,,,,,,,
NAtl,OTB_MPD_40-54_0_0,,,,,OTB_MPD,"Bottom otter trawl, Mixed pelagic and demersal species, see the code reg. mesh size and selectivity device",OT_MIX_DMF_PEL,,,,,,,,,,,,,,,,,,,,
NAtl,OTB_MPD_55-64_0_0,,,OTB_MPD_>=55_0_0,ESP,OTB_MPD,"Bottom otter trawl, Mixed pelagic and demersal species, see the code reg. mesh size and selectivity device",OT_MIX_DMF_PEL,,,,,,,,,,,,,,,,,,,,
NAtl,OTB_MPD_65-69_0_0,,,,,OTB_MPD,"Bottom otter trawl, Mixed pelagic and demersal species, see the code reg. mesh size and selectivity device",OT_MIX_DMF_PEL,,,,,,,,,,,,,,,,,,,,
NAtl,OTB_MPD_70-99_0_0,,,OTB_MPD_>=70_0_0,ESP,OTB_MPD,"Bottom otter trawl, Mixed pelagic and demersal species, see the code reg. mesh size and selectivity device",OT_MIX_DMF_PEL,,,,,,,,,,,,,,,,,,,,
NAtl,OTB_SPF_<16_0_0,,,OTB_SPF_<16_0_0,"ENG, FRA, SCT",OTB_SPF,"Bottom otter trawl, Small pelagic fish, see the code reg. mesh size and selectivity device",OT_SPF,,,,,,,,,,,,,,,,,,,,
NAtl,OTB_SPF_>=120_0_0,,,OTB_SPF_>=120_0_0,WLS,OTB_SPF,"Bottom otter trawl, Small pelagic fish, see the code reg. mesh size and selectivity device",OT_SPF,,,,,,,,,,,,,,,,,,,,
NAtl,OTB_SPF_>0_0_0,,,OTB_SPF_0_0_0,"FRA, IRL",OTB_SPF,"Bottom otter trawl, Small pelagic fish, see the code reg. mesh size and selectivity device",OT_SPF,,,,,,,,,,,,,,,,,,,,
NAtl,OTB_SPF_100-119_0_0,,,OTB_SPF_100-119_0_0,"ENG, FRA, SCT, WLS",OTB_SPF,"Bottom otter trawl, Small pelagic fish, see the code reg. mesh size and selectivity device",OT_SPF,,,,,,,,,,,,,,,,,,,,
NAtl,OTB_SPF_16-31_0_0,,,OTB_SPF_16-31_0_0,"ENG, FRA, IRL",OTB_SPF,"Bottom otter trawl, Small pelagic fish, see the code reg. mesh size and selectivity device",OT_SPF,,,,,,,,,,,,,,,,,,,,
NAtl,OTB_SPF_32-39_0_0,,,"OTB_SPF_32-54_0_0, OTB_SPF_32-69_0_0","DNK, ENG, FRA, IRL, SCT",OTB_SPF,"Bottom otter trawl, Small pelagic fish, see the code reg. mesh size and selectivity device",OT_SPF,,,,,,,,,,,,,,,,,,,,
NAtl,OTB_SPF_40-54_0_0,,,,,OTB_SPF,"Bottom otter trawl, Small pelagic fish, see the code reg. mesh size and selectivity device",OT_SPF,,,,,,,,,,,,,,,,,,,,
NAtl,OTB_SPF_55-64_0_0,,,OTB_SPF_>=55_0_0,ESP,OTB_SPF,"Bottom otter trawl, Small pelagic fish, see the code reg. mesh size and selectivity device",OT_SPF,,,,,,,,,,,,,,,,,,,,
NAtl,OTB_SPF_65-69_0_0,,,,,OTB_SPF,"Bottom otter trawl, Small pelagic fish, see the code reg. mesh size and selectivity device",OT_SPF,,,,,,,,,,,,,,,,,,,,
NAtl,OTB_SPF_70-99_0_0,,,"OTB_SPF_70-99_0_0, OTB_SPF_70-89_0_0, OTB_SPF_>=70_0_0","CHA, ENG, ESP, FRA, NIR, SCT, WLS",OTB_SPF,"Bottom otter trawl, Small pelagic fish, see the code reg. mesh size and selectivity device",OT_SPF,,,,,,,,,,,,,,,,,,,,
NAtl,OTM_CEP_<16_0_0,,,,,OTM_CEP,"Midwater otter trawl, Cephalopods, see the code reg. mesh size and selectivity device",,,,,,,,,,,,,,,,,,,,,
NAtl,OTM_CEP_>=120_0_0,,,,,OTM_CEP,"Midwater otter trawl, Cephalopods, see the code reg. mesh size and selectivity device",,,,,,,,,,,,,,,,,,,,,
NAtl,OTM_CEP_>0_0_0,,,,,OTM_CEP,"Midwater otter trawl, Cephalopods, see the code reg. mesh size and selectivity device",,,,,,,,,,,,,,,,,,,,,
NAtl,OTM_CEP_100-119_0_0,,,,,OTM_CEP,"Midwater otter trawl, Cephalopods, see the code reg. mesh size and selectivity device",,,,,,,,,,,,,,,,,,,,,
NAtl,OTM_CEP_16-31_0_0,,,,,OTM_CEP,"Midwater otter trawl, Cephalopods, see the code reg. mesh size and selectivity device",,,,,,,,,,,,,,,,,,,,,
NAtl,OTM_CEP_32-39_0_0,,,,,OTM_CEP,"Midwater otter trawl, Cephalopods, see the code reg. mesh size and selectivity device",,,,,,,,,,,,,,,,,,,,,
NAtl,OTM_CEP_40-54_0_0,,,,,OTM_CEP,"Midwater otter trawl, Cephalopods, see the code reg. mesh size and selectivity device",,,,,,,,,,,,,,,,,,,,,
NAtl,OTM_CEP_55-64_0_0,,,,,OTM_CEP,"Midwater otter trawl, Cephalopods, see the code reg. mesh size and selectivity device",,,,,,,,,,,,,,,,,,,,,
NAtl,OTM_CEP_65-69_0_0,,,,,OTM_CEP,"Midwater otter trawl, Cephalopods, see the code reg. mesh size and selectivity device",,,,,,,,,,,,,,,,,,,,,
NAtl,OTM_CEP_70-99_0_0,,,,,OTM_CEP,"Midwater otter trawl, Cephalopods, see the code reg. mesh size and selectivity device",,,,,,,,,,,,,,,,,,,,,
NAtl,OTM_DEF_<16_0_0,,,OTM_DEF_<16_0_0,"ENG, NIR",OTM_DEF,"Midwater otter trawl, Demersal species, see the code reg. mesh size and selectivity device",,,,,,,,,,,,,,,,,,,,,
NAtl,OTM_DEF_>=120_0_0,,,"OTM_DEF_>=120_0_0, OTM_DEF_130-219_0_0","DEU, ESP, NIR, SCT",OTM_DEF,"Midwater otter trawl, Demersal species, see the code reg. mesh size and selectivity device",,,,,,,,,,,,,,,,,,,,,
NAtl,OTM_DEF_>0_0_0,,,OTM_DEF_0_0_0,"DEU, FRA",OTM_DEF,"Midwater otter trawl, Demersal species, see the code reg. mesh size and selectivity device",,,,,,,,,,,,,,,,,,,,,
NAtl,OTM_DEF_100-119_0_0,,,"OTM_DEF_100-119_0_0, OTM_DEF_100-129_0_0","DEU, ENG, FRA, LTU, NIR, SCT",OTM_DEF,"Midwater otter trawl, Demersal species, see the code reg. mesh size and selectivity device",,,,,,,,,,,,,,,,,,,,,
NAtl,OTM_DEF_16-31_0_0,,,OTM_DEF_16-31_0_0,"ENG, FRA, SCT",OTM_DEF,"Midwater otter trawl, Demersal species, see the code reg. mesh size and selectivity device",,,,,,,,,,,,,,,,,,,,,
NAtl,OTM_DEF_32-39_0_0,,,"OTM_DEF_32-54_0_0, OTM_DEF_32-69_0_0","DNK, ENG, FRA, SCT",OTM_DEF,"Midwater otter trawl, Demersal species, see the code reg. mesh size and selectivity device",,,,,,,,,,,,,,,,,,,,,
NAtl,OTM_DEF_40-54_0_0,,,,,OTM_DEF,"Midwater otter trawl, Demersal species, see the code reg. mesh size and selectivity device",,,,,,,,,,,,,,,,,,,,,
NAtl,OTM_DEF_55-64_0_0,,,,,OTM_DEF,"Midwater otter trawl, Demersal species, see the code reg. mesh size and selectivity device",,,,,,,,,,,,,,,,,,,,,
NAtl,OTM_DEF_65-69_0_0,,,,,OTM_DEF,"Midwater otter trawl, Demersal species, see the code reg. mesh size and selectivity device",,,,,,,,,,,,,,,,,,,,,
NAtl,OTM_DEF_70-99_0_0,,,"OTM_DEF_70-99_0_0, OTM_DEF_70-89_0_0, OTM_DEF_>=70_0_0","CHA, ENG, FRA, NIR, SCT, WLS",OTM_DEF,"Midwater otter trawl, Demersal species, see the code reg. mesh size and selectivity device",,,,,,,,,,,,,,,,,,,,,
NAtl,OTM_DWS_>0_0_0,,,OTM_DWS_0_0_0,DEU,OTM_DWS,"Midwater otter trawl, Deep-water species, see the code reg. mesh size and selectivity device",,,,,,,,,,,,,,,,,,,,,
NAtl,OTM_LPF_>=120_0_0,,,,,OTM_LPF,"Midwater otter trawl, Large pelagic fish, see the code reg. mesh size and selectivity device",,,,,,,,,,,,,,,,,,,,,
NAtl,OTM_LPF_>0_0_0,,,OTM_LPF_0_0_0,IRL,OTM_LPF,"Midwater otter trawl, Large pelagic fish, see the code reg. mesh size and selectivity device",,,,,,,,,,,,,,,,,,,,,
NAtl,OTM_LPF_100-119_0_0,,,,,OTM_LPF,"Midwater otter trawl, Large pelagic fish, see the code reg. mesh size and selectivity device",,,,,,,,,,,,,,,,,,,,,
NAtl,OTM_LPF_70-99_0_0,,,,,OTM_LPF,"Midwater otter trawl, Large pelagic fish, see the code reg. mesh size and selectivity device",,,,,,,,,,,,,,,,,,,,,
NAtl,OTM_SPF_<16_0_0,,,OTM_SPF_<16_0_0,"ENG, NLD",OTM_SPF,"Midwater otter trawl, Small pelagic fish, see the code reg. mesh size and selectivity device",,,,,,,,,,,,,,,,,,,,,
NAtl,OTM_SPF_>=120_0_0,,,OTM_SPF_>=120_0_0,NLD,OTM_SPF,"Midwater otter trawl, Small pelagic fish, see the code reg. mesh size and selectivity device",,,,,,,,,,,,,,,,,,,,,
NAtl,OTM_SPF_>0_0_0,,,OTM_SPF_0_0_0,NLD,OTM_SPF,"Midwater otter trawl, Small pelagic fish, see the code reg. mesh size and selectivity device",,,,,,,,,,,,,,,,,,,,,
NAtl,OTM_SPF_100-119_0_0,,,OTM_SPF_100-119_0_0,"NIR, NLD, SCT",OTM_SPF,"Midwater otter trawl, Small pelagic fish, see the code reg. mesh size and selectivity device",,,,,,,,,,,,,,,,,,,,,
NAtl,OTM_SPF_16-31_0_0,,,OTM_SPF_16-31_0_0,"DEU, DNK, ENG, FRA, IRL, NLD, SCT",OTM_SPF,"Midwater otter trawl, Small pelagic fish, see the code reg. mesh size and selectivity device",,,,,,,,,,,,,,,,,,,,,
NAtl,OTM_SPF_32-39_0_0,,,"OTM_SPF_32-54_0_0, OTM_SPF_32-69_0_0","DEU, DNK, ENG, FRA, IRL, NIR, NLD, POL, SCT",OTM_SPF,"Midwater otter trawl, Small pelagic fish, see the code reg. mesh size and selectivity device",,,,,,,,,,,,,,,,,,,,,
NAtl,OTM_SPF_40-54_0_0,,,OTM_SPF_40-59_0_0,LTU,OTM_SPF,"Midwater otter trawl, Small pelagic fish, see the code reg. mesh size and selectivity device",,,,,,,,,,,,,,,,,,,,,
NAtl,OTM_SPF_55-64_0_0,,,"OTM_SPF_55-69_0_0, OTM_SPF_>=55_0_0","NLD, PRT",OTM_SPF,"Midwater otter trawl, Small pelagic fish, see the code reg. mesh size and selectivity device",,,,,,,,,,,,,,,,,,,,,
NAtl,OTM_SPF_65-69_0_0,,,,,OTM_SPF,"Midwater otter trawl, Small pelagic fish, see the code reg. mesh size and selectivity device",,,,,,,,,,,,,,,,,,,,,
NAtl,OTM_SPF_70-99_0_0,,,"OTM_SPF_70-99_0_0, OTM_SPF_>=70_0_0","CHA, ENG, FRA, IRL, NIR, SCT",OTM_SPF,"Midwater otter trawl, Small pelagic fish, see the code reg. mesh size and selectivity device",,,,,,,,,,,,,,,,,,,,,
NAtl,OTT_CEP_<16_0_0,,,,,OTT_CEP,"Otter twin trawls, Cephalopods, see the code reg. mesh size and selectivity device",OT_MIX,,,,,,,,,,,,,,,,,,,,
NAtl,OTT_CEP_>=120_0_0,,,,,OTT_CEP,"Otter twin trawls, Cephalopods, see the code reg. mesh size and selectivity device",OT_MIX,,,,,,,,,,,,,,,,,,,,
NAtl,OTT_CEP_>0_0_0,,,,,OTT_CEP,"Otter twin trawls, Cephalopods, see the code reg. mesh size and selectivity device",OT_MIX,,,,,,,,,,,,,,,,,,,,
NAtl,OTT_CEP_100-119_0_0,,,,,OTT_CEP,"Otter twin trawls, Cephalopods, see the code reg. mesh size and selectivity device",OT_MIX,,,,,,,,,,,,,,,,,,,,
NAtl,OTT_CEP_16-31_0_0,,,,,OTT_CEP,"Otter twin trawls, Cephalopods, see the code reg. mesh size and selectivity device",OT_MIX,,,,,,,,,,,,,,,,,,,,
NAtl,OTT_CEP_32-39_0_0,,,,,OTT_CEP,"Otter twin trawls, Cephalopods, see the code reg. mesh size and selectivity device",OT_MIX,,,,,,,,,,,,,,,,,,,,
NAtl,OTT_CEP_40-54_0_0,,,,,OTT_CEP,"Otter twin trawls, Cephalopods, see the code reg. mesh size and selectivity device",OT_MIX,,,,,,,,,,,,,,,,,,,,
NAtl,OTT_CEP_55-64_0_0,,,,,OTT_CEP,"Otter twin trawls, Cephalopods, see the code reg. mesh size and selectivity device",OT_MIX,,,,,,,,,,,,,,,,,,,,
NAtl,OTT_CEP_65-69_0_0,,,,,OTT_CEP,"Otter twin trawls, Cephalopods, see the code reg. mesh size and selectivity device",OT_MIX,,,,,,,,,,,,,,,,,,,,
NAtl,OTT_CEP_70-99_0_0,,,,,OTT_CEP,"Otter twin trawls, Cephalopods, see the code reg. mesh size and selectivity device",OT_MIX,,,,,,,,,,,,,,,,,,,,
NAtl,OTT_CRU_<16_0_0,,,OTT_CRU_<16_0_0,SCT,OTT_CRU,"Otter twin trawls, Crustaceans, see the code reg. mesh size and selectivity device",OT_CRU,,,,,,,,,,,,,,,,,,,,
NAtl,OTT_CRU_>=120_0_0,,,OTT_CRU_>=120_0_0,SCT,OTT_CRU,"Otter twin trawls, Crustaceans, see the code reg. mesh size and selectivity device",OT_CRU,,,,,,,,,,,,,,,,,,,,
NAtl,OTT_CRU_>0_0_0,,,OTT_CRU_0_0_0,FRA ,OTT_CRU,"Otter twin trawls, Crustaceans, see the code reg. mesh size and selectivity device",OT_CRU,,,,,,,,,,,,,,,,,,,,
NAtl,OTT_CRU_100-119_0_0,,,OTT_CRU_100-119_0_0,"FRA, NIR, SCT",OTT_CRU,"Otter twin trawls, Crustaceans, see the code reg. mesh size and selectivity device",OT_CRU,,,,,,,,,,,,,,,,,,,,
NAtl,OTT_CRU_16-31_0_0,,,OTT_CRU_16-31_0_0,FRA ,OTT_CRU,"Otter twin trawls, Crustaceans, see the code reg. mesh size and selectivity device",OT_CRU,,,,,,,,,,,,,,,,,,,,
NAtl,OTT_CRU_32-39_0_0,,,"OTT_CRU_32-54_0_0, OTT_CRU_32-69_0_0","FRA, SCT",OTT_CRU,"Otter twin trawls, Crustaceans, see the code reg. mesh size and selectivity device",OT_CRU,,,,,,,,,,,,,,,,,,,,
NAtl,OTT_CRU_40-54_0_0,,,,,OTT_CRU,"Otter twin trawls, Crustaceans, see the code reg. mesh size and selectivity device",OT_CRU,,,,,,,,,,,,,,,,,,,,
NAtl,OTT_CRU_55-64_0_0,,,,,OTT_CRU,"Otter twin trawls, Crustaceans, see the code reg. mesh size and selectivity device",OT_CRU,,,,,,,,,,,,,,,,,,,,
NAtl,OTT_CRU_65-69_0_0,,,,,OTT_CRU,"Otter twin trawls, Crustaceans, see the code reg. mesh size and selectivity device",OT_CRU,,,,,,,,,,,,,,,,,,,,
NAtl,OTT_CRU_70-99_0_0,,,"OTT_CRU_70-99_0_0, OTT_CRU_70-89_0_0, OTT_CRU_>=70_0_0","ENG, FRA, NIR, SCT",OTT_CRU,"Otter twin trawls, Crustaceans, see the code reg. mesh size and selectivity device",OT_CRU,,,,,,,,,,,,,,,,,,,,
NAtl,OTT_DEF_<16_0_0,,,OTT_DEF_<16_0_0,ENG ,OTT_DEF,"Otter twin trawls, Demersal species, see the code reg. mesh size and selectivity device",OT_DMF,,,,,,,,,,,,,,,,,,,,
NAtl,OTT_DEF_>=120_0_0,,,OTT_DEF_>=120_0_0,"ENG, SCT",OTT_DEF,"Otter twin trawls, Demersal species, see the code reg. mesh size and selectivity device",OT_DMF,,,,,,,,,,,,,,,,,,,,
NAtl,OTT_DEF_>0_0_0,,,OTT_DEF_0_0_0,FRA,OTT_DEF,"Otter twin trawls, Demersal species, see the code reg. mesh size and selectivity device",OT_DMF,,,,,,,,,,,,,,,,,,,,
NAtl,OTT_DEF_100-119_0_0,,,OTT_DEF_100-119_0_0,"ENG, FRA, NIR, SCT ",OTT_DEF,"Otter twin trawls, Demersal species, see the code reg. mesh size and selectivity device",OT_DMF,,,,,,,,,,,,,,,,,,,,
NAtl,OTT_DEF_16-31_0_0,,,OTT_DEF_16-31_0_0,FRA,OTT_DEF,"Otter twin trawls, Demersal species, see the code reg. mesh size and selectivity device",OT_DMF,,,,,,,,,,,,,,,,,,,,
NAtl,OTT_DEF_32-39_0_0,,,"OTT_DEF_32-54_0_0, OTT_DEF_32-69_0_0","ENG, FRA ",OTT_DEF,"Otter twin trawls, Demersal species, see the code reg. mesh size and selectivity device",OT_DMF,,,,,,,,,,,,,,,,,,,,
NAtl,OTT_DEF_40-54_0_0,,,,,OTT_DEF,"Otter twin trawls, Demersal species, see the code reg. mesh size and selectivity device",OT_DMF,,,,,,,,,,,,,,,,,,,,
NAtl,OTT_DEF_55-64_0_0,,,OTT_DEF_55-69_0_0,FRA,OTT_DEF,"Otter twin trawls, Demersal species, see the code reg. mesh size and selectivity device",OT_DMF,,,,,,,,,,,,,,,,,,,,
NAtl,OTT_DEF_65-69_0_0,,,,,OTT_DEF,"Otter twin trawls, Demersal species, see the code reg. mesh size and selectivity device",OT_DMF,,,,,,,,,,,,,,,,,,,,
NAtl,OTT_DEF_70-99_0_0,,,"OTT_DEF_70-99_0_0, OTT_DEF_70-89_0_0, OTT_DEF_>=70_0_0","ENG, FRA, NIR, NLD, SCT, WLS",OTT_DEF,"Otter twin trawls, Demersal species, see the code reg. mesh size and selectivity device",OT_DMF,,,,,,,,,,,,,,,,,,,,
NAtl,OTT_DWS_<16_0_0,,,,,OTT_DWS,"Otter twin trawls, Deep-water species, see the code reg. mesh size and selectivity device",OT_MIX_DMF_BEN,,,,,,,,,,,,,,,,,,,,
NAtl,OTT_DWS_>=120_0_0,,,OTT_DWS_>=120_0_0,SCT,OTT_DWS,"Otter twin trawls, Deep-water species, see the code reg. mesh size and selectivity device",OT_MIX_DMF_BEN,,,,,,,,,,,,,,,,,,,,
NAtl,OTT_DWS_>0_0_0,,,,,OTT_DWS,"Otter twin trawls, Deep-water species, see the code reg. mesh size and selectivity device",OT_MIX_DMF_BEN,,,,,,,,,,,,,,,,,,,,
NAtl,OTT_DWS_100-119_0_0,,,OTT_DWS_100-119_0_0,FRA,OTT_DWS,"Otter twin trawls, Deep-water species, see the code reg. mesh size and selectivity device",OT_MIX_DMF_BEN,,,,,,,,,,,,,,,,,,,,
NAtl,OTT_DWS_16-31_0_0,,,,,OTT_DWS,"Otter twin trawls, Deep-water species, see the code reg. mesh size and selectivity device",OT_MIX_DMF_BEN,,,,,,,,,,,,,,,,,,,,
NAtl,OTT_DWS_32-39_0_0,,,,,OTT_DWS,"Otter twin trawls, Deep-water species, see the code reg. mesh size and selectivity device",OT_MIX_DMF_BEN,,,,,,,,,,,,,,,,,,,,
NAtl,OTT_DWS_40-54_0_0,,,,,OTT_DWS,"Otter twin trawls, Deep-water species, see the code reg. mesh size and selectivity device",OT_MIX_DMF_BEN,,,,,,,,,,,,,,,,,,,,
NAtl,OTT_DWS_55-64_0_0,,,,,OTT_DWS,"Otter twin trawls, Deep-water species, see the code reg. mesh size and selectivity device",OT_MIX_DMF_BEN,,,,,,,,,,,,,,,,,,,,
NAtl,OTT_DWS_65-69_0_0,,,,,OTT_DWS,"Otter twin trawls, Deep-water species, see the code reg. mesh size and selectivity device",OT_MIX_DMF_BEN,,,,,,,,,,,,,,,,,,,,
NAtl,OTT_DWS_70-99_0_0,,,OTT_DWS_70-99_0_0,ENG,OTT_DWS,"Otter twin trawls, Deep-water species, see the code reg. mesh size and selectivity device",OT_MIX_DMF_BEN,,,,,,,,,,,,,,,,,,,,
NAtl,OTT_MOL_<16_0_0,,,OTT_MOL_<16_0_0,ENG,OTT_MOL,"Otter twin trawls, Molluscs, see the code reg. mesh size and selectivity device",OT_MIX,,,,,,,,,,,,,,,,,,,,
NAtl,OTT_MOL_>=120_0_0,,,OTT_MOL_>=120_0_0,SCT,OTT_MOL,"Otter twin trawls, Molluscs, see the code reg. mesh size and selectivity device",OT_MIX,,,,,,,,,,,,,,,,,,,,
NAtl,OTT_MOL_>0_0_0,,,,,OTT_MOL,"Otter twin trawls, Molluscs, see the code reg. mesh size and selectivity device",OT_MIX,,,,,,,,,,,,,,,,,,,,
NAtl,OTT_MOL_100-119_0_0,,,OTT_MOL_100-119_0_0,"ENG, SCT",OTT_MOL,"Otter twin trawls, Molluscs, see the code reg. mesh size and selectivity device",OT_MIX,,,,,,,,,,,,,,,,,,,,
NAtl,OTT_MOL_16-31_0_0,,,,,OTT_MOL,"Otter twin trawls, Molluscs, see the code reg. mesh size and selectivity device",OT_MIX,,,,,,,,,,,,,,,,,,,,
NAtl,OTT_MOL_32-39_0_0,,,,,OTT_MOL,"Otter twin trawls, Molluscs, see the code reg. mesh size and selectivity device",OT_MIX,,,,,,,,,,,,,,,,,,,,
NAtl,OTT_MOL_40-54_0_0,,,,,OTT_MOL,"Otter twin trawls, Molluscs, see the code reg. mesh size and selectivity device",OT_MIX,,,,,,,,,,,,,,,,,,,,
NAtl,OTT_MOL_55-64_0_0,,,,,OTT_MOL,"Otter twin trawls, Molluscs, see the code reg. mesh size and selectivity device",OT_MIX,,,,,,,,,,,,,,,,,,,,
NAtl,OTT_MOL_65-69_0_0,,,,,OTT_MOL,"Otter twin trawls, Molluscs, see the code reg. mesh size and selectivity device",OT_MIX,,,,,,,,,,,,,,,,,,,,
NAtl,OTT_MOL_70-99_0_0,,,"OTT_MOL_70-99_0_0, OTT_MOL_>=70_0_0","ENG, FRA, SCT",OTT_MOL,"Otter twin trawls, Molluscs, see the code reg. mesh size and selectivity device",OT_MIX,,,,,,,,,,,,,,,,,,,,
NAtl,PS_DEF_<16_0_0,,,,,PS_DEF,"Purse seine, Demersal species, see the code reg. mesh size and selectivity device",,,,,,,,,,,,,,,,,,,,,
NAtl,PS_DEF_>=120_0_0,,,,,PS_DEF,"Purse seine, Demersal species, see the code reg. mesh size and selectivity device ",,,,,,,,,,,,,,,,,,,,,
NAtl,PS_DEF_>0_0_0,,,PS_DEF_0_0_0,FRA,PS_DEF,"Purse seine, Demersal species, see the code reg. mesh size and selectivity device ",,,,,,,,,,,,,,,,,,,,,
NAtl,PS_DEF_100-119_0_0,,,,,PS_DEF,"Purse seine, Demersal species, see the code reg. mesh size and selectivity device ",,,,,,,,,,,,,,,,,,,,,
NAtl,PS_DEF_16-31_0_0,,,,,PS_DEF,"Purse seine, Demersal species, see the code reg. mesh size and selectivity device ",,,,,,,,,,,,,,,,,,,,,
NAtl,PS_DEF_32-39_0_0,,,,,PS_DEF,"Purse seine, Demersal species, see the code reg. mesh size and selectivity device ",,,,,,,,,,,,,,,,,,,,,
NAtl,PS_DEF_40-54_0_0,,,,,PS_DEF,"Purse seine, Demersal species, see the code reg. mesh size and selectivity device ",,,,,,,,,,,,,,,,,,,,,
NAtl,PS_DEF_55-64_0_0,,,,,PS_DEF,"Purse seine, Demersal species, see the code reg. mesh size and selectivity device ",,,,,,,,,,,,,,,,,,,,,
NAtl,PS_DEF_65-69_0_0,,,,,PS_DEF,"Purse seine, Demersal species, see the code reg. mesh size and selectivity device ",,,,,,,,,,,,,,,,,,,,,
NAtl,PS_DEF_70-99_0_0,,,,,PS_DEF,"Purse seine, Demersal species, see the code reg. mesh size and selectivity device ",,,,,,,,,,,,,,,,,,,,,
NAtl,PS_LPF_>=120_0_0,,,,,PS_LPF,"Purse seine, Large pelagic fish, see the code reg. mesh size and selectivity device",,,,,,,,,,,,,,,,,,,,,
NAtl,PS_LPF_>0_0_0,,,PS_LPF_0_0_0,FRA,PS_LPF,"Purse seine, Large pelagic fish, see the code reg. mesh size and selectivity device",,,,,,,,,,,,,,,,,,,,,
NAtl,PS_LPF_100-119_0_0,,,,,PS_LPF,"Purse seine, Large pelagic fish, see the code reg. mesh size and selectivity device",,,,,,,,,,,,,,,,,,,,,
NAtl,PS_LPF_70-99_0_0,,,,,PS_LPF,"Purse seine, Large pelagic fish, see the code reg. mesh size and selectivity device",,,,,,,,,,,,,,,,,,,,,
NAtl,PS_MPD_>0_0_0,,,,,PS_MPD,"Purse seine, Mixed pelagic and demersal species, see the code reg. mesh size and selectivity device",,,,,,,,,,,,,,,,,,,,,
NAtl,PS_MPD_<16_0_0,,,,,PS_MPD,"Purse seine, Mixed pelagic and demersal species, see the code reg. mesh size and selectivity device",,,,,,,,,,,,,,,,,,,,,
NAtl,PS_MPD_16-31_0_0,,,,,PS_MPD,"Purse seine, Mixed pelagic and demersal species, see the code reg. mesh size and selectivity device",,,,,,,,,,,,,,,,,,,,,
NAtl,PS_MPD_32-39_0_0,,,,,PS_MPD,"Purse seine, Mixed pelagic and demersal species, see the code reg. mesh size and selectivity device",,,,,,,,,,,,,,,,,,,,,
NAtl,PS_MPD_40-54_0_0,,,,,PS_MPD,"Purse seine, Mixed pelagic and demersal species, see the code reg. mesh size and selectivity device",,,,,,,,,,,,,,,,,,,,,
NAtl,PS_MPD_55-64_0_0,,,,,PS_MPD,"Purse seine, Mixed pelagic and demersal species, see the code reg. mesh size and selectivity device",,,,,,,,,,,,,,,,,,,,,
NAtl,PS_MPD_65-69_0_0,,,,,PS_MPD,"Purse seine, Mixed pelagic and demersal species, see the code reg. mesh size and selectivity device",,,,,,,,,,,,,,,,,,,,,
NAtl,PS_MPD_70-99_0_0,,,,,PS_MPD,"Purse seine, Mixed pelagic and demersal species, see the code reg. mesh size and selectivity device",,,,,,,,,,,,,,,,,,,,,
NAtl,PS_MPD_100-119_0_0,,,,,PS_MPD,"Purse seine, Mixed pelagic and demersal species, see the code reg. mesh size and selectivity device",,,,,,,,,,,,,,,,,,,,,
NAtl,PS_MPD_>=120_0_0,,,,,PS_MPD,"Purse seine, Mixed pelagic and demersal species, see the code reg. mesh size and selectivity device",,,,,,,,,,,,,,,,,,,,,
NAtl,PS_SPF_<16_0_0,,,PS_SPF_>=16_0_0,PRT,PS_SPF,"Purse seine, Small pelagic fish, see the code reg. mesh size and selectivity device",,,,,,,,,,,,,,,,,,,,,
NAtl,PS_SPF_>=120_0_0,,,PS_SPF_>=120_0_0,FRA,PS_SPF,"Purse seine, Small pelagic fish, see the code reg. mesh size and selectivity device",,,,,,,,,,,,,,,,,,,,,
NAtl,PS_SPF_>0_0_0,,,"PS_SPF_>0_0_0, PS_SPF_0_0_0","ENG, ESP, FRA, NIR, PRT, SCT",PS_SPF,"Purse seine, Small pelagic fish, see the code reg. mesh size and selectivity device",,,,,,,,,,,,,,,,,,,,,
NAtl,PS_SPF_100-119_0_0,,,,,PS_SPF,"Purse seine, Small pelagic fish, see the code reg. mesh size and selectivity device",,,,,,,,,,,,,,,,,,,,,
NAtl,PS_SPF_16-31_0_0,,,PS_SPF_16-31_0_0,FRA,PS_SPF,"Purse seine, Small pelagic fish, see the code reg. mesh size and selectivity device",,,,,,,,,,,,,,,,,,,,,
NAtl,PS_SPF_32-39_0_0,,,,,PS_SPF,"Purse seine, Small pelagic fish, see the code reg. mesh size and selectivity device",,,,,,,,,,,,,,,,,,,,,
NAtl,PS_SPF_40-54_0_0,,,,,PS_SPF,"Purse seine, Small pelagic fish, see the code reg. mesh size and selectivity device",,,,,,,,,,,,,,,,,,,,,
NAtl,PS_SPF_55-64_0_0,,,,,PS_SPF,"Purse seine, Small pelagic fish, see the code reg. mesh size and selectivity device",,,,,,,,,,,,,,,,,,,,,
NAtl,PS_SPF_65-69_0_0,,,,,PS_SPF,"Purse seine, Small pelagic fish, see the code reg. mesh size and selectivity device",,,,,,,,,,,,,,,,,,,,,
NAtl,PS_SPF_70-99_0_0,,,,,PS_SPF,"Purse seine, Small pelagic fish, see the code reg. mesh size and selectivity device",,,,,,,,,,,,,,,,,,,,,
NAtl,PTB_CEP_<16_0_0,,,,,PTB_CEP,"Bottom pair trawl, Cephalopods, see the code reg. mesh size and selectivity device",OT_MIX,,,,,,,,,,,,,,,,,,,,
NAtl,PTB_CEP_>=120_0_0,,,,,PTB_CEP,"Bottom pair trawl, Cephalopods, see the code reg. mesh size and selectivity device",OT_MIX,,,,,,,,,,,,,,,,,,,,
NAtl,PTB_CEP_>0_0_0,,,,,PTB_CEP,"Bottom pair trawl, Cephalopods, see the code reg. mesh size and selectivity device",OT_MIX,,,,,,,,,,,,,,,,,,,,
NAtl,PTB_CEP_100-119_0_0,,,,,PTB_CEP,"Bottom pair trawl, Cephalopods, see the code reg. mesh size and selectivity device",OT_MIX,,,,,,,,,,,,,,,,,,,,
NAtl,PTB_CEP_16-31_0_0,,,,,PTB_CEP,"Bottom pair trawl, Cephalopods, see the code reg. mesh size and selectivity device",OT_MIX,,,,,,,,,,,,,,,,,,,,
NAtl,PTB_CEP_32-39_0_0,,,,,PTB_CEP,"Bottom pair trawl, Cephalopods, see the code reg. mesh size and selectivity device",OT_MIX,,,,,,,,,,,,,,,,,,,,
NAtl,PTB_CEP_40-54_0_0,,,,,PTB_CEP,"Bottom pair trawl, Cephalopods, see the code reg. mesh size and selectivity device",OT_MIX,,,,,,,,,,,,,,,,,,,,
NAtl,PTB_CEP_55-64_0_0,,,,,PTB_CEP,"Bottom pair trawl, Cephalopods, see the code reg. mesh size and selectivity device",OT_MIX,,,,,,,,,,,,,,,,,,,,
NAtl,PTB_CEP_65-69_0_0,,,,,PTB_CEP,"Bottom pair trawl, Cephalopods, see the code reg. mesh size and selectivity device",OT_MIX,,,,,,,,,,,,,,,,,,,,
NAtl,PTB_CEP_70-99_0_0,,,,,PTB_CEP,"Bottom pair trawl, Cephalopods, see the code reg. mesh size and selectivity device",OT_MIX,,,,,,,,,,,,,,,,,,,,
NAtl,PTB_CRU_<16_0_0,,,,,PTB_CRU,"Bottom pair trawl, Crustaceans, see the code reg. mesh size and selectivity device",OT_CRU,,,,,,,,,,,,,,,,,,,,
NAtl,PTB_CRU_>=120_0_0,,,PTB_CRU_>=120_0_0,SCT,PTB_CRU,"Bottom pair trawl, Crustaceans, see the code reg. mesh size and selectivity device",OT_CRU,,,,,,,,,,,,,,,,,,,,
NAtl,PTB_CRU_>0_0_0,,,,,PTB_CRU,"Bottom pair trawl, Crustaceans, see the code reg. mesh size and selectivity device",OT_CRU,,,,,,,,,,,,,,,,,,,,
NAtl,PTB_CRU_100-119_0_0,,,PTB_CRU_100-119_0_0,ENG,PTB_CRU,"Bottom pair trawl, Crustaceans, see the code reg. mesh size and selectivity device",OT_CRU,,,,,,,,,,,,,,,,,,,,
NAtl,PTB_CRU_16-31_0_0,,,,,PTB_CRU,"Bottom pair trawl, Crustaceans, see the code reg. mesh size and selectivity device",OT_CRU,,,,,,,,,,,,,,,,,,,,
NAtl,PTB_CRU_32-39_0_0,,,PTB_CRU_32-69_0_0,"ENG, SCT",PTB_CRU,"Bottom pair trawl, Crustaceans, see the code reg. mesh size and selectivity device",OT_CRU,,,,,,,,,,,,,,,,,,,,
NAtl,PTB_CRU_40-54_0_0,,,,,PTB_CRU,"Bottom pair trawl, Crustaceans, see the code reg. mesh size and selectivity device",OT_CRU,,,,,,,,,,,,,,,,,,,,
NAtl,PTB_CRU_55-64_0_0,,,,,PTB_CRU,"Bottom pair trawl, Crustaceans, see the code reg. mesh size and selectivity device",OT_CRU,,,,,,,,,,,,,,,,,,,,
NAtl,PTB_CRU_65-69_0_0,,,,,PTB_CRU,"Bottom pair trawl, Crustaceans, see the code reg. mesh size and selectivity device",OT_CRU,,,,,,,,,,,,,,,,,,,,
NAtl,PTB_CRU_70-99_0_0,,,PTB_CRU_70-99_0_0,SCT,PTB_CRU,"Bottom pair trawl, Crustaceans, see the code reg. mesh size and selectivity device",OT_CRU,,,,,,,,,,,,,,,,,,,,
NAtl,PTB_DEF_<16_0_0,,,,,PTB_DEF,"Bottom pair trawl, Demersal species, see the code reg. mesh size and selectivity device",OT_DMF,,,,,,,,,,,,,,,,,,,,
NAtl,PTB_DEF_>=120_0_0,,,PTB_DEF_>=120_0_0,"ENG, FRA, NLD, SCT",PTB_DEF,"Bottom pair trawl, Demersal species, see the code reg. mesh size and selectivity device",OT_DMF,,,,,,,,,,,,,,,,,,,,
NAtl,PTB_DEF_>0_0_0,,,,,PTB_DEF,"Bottom pair trawl, Demersal species, see the code reg. mesh size and selectivity device",OT_DMF,,,,,,,,,,,,,,,,,,,,
NAtl,PTB_DEF_100-119_0_0,,,PTB_DEF_100-119_0_0,"ENG, FRA, NIR, SCT",PTB_DEF,"Bottom pair trawl, Demersal species, see the code reg. mesh size and selectivity device",OT_DMF,,,,,,,,,,,,,,,,,,,,
NAtl,PTB_DEF_16-31_0_0,,,,,PTB_DEF,"Bottom pair trawl, Demersal species, see the code reg. mesh size and selectivity device",OT_DMF,,,,,,,,,,,,,,,,,,,,
NAtl,PTB_DEF_32-39_0_0,,,,,PTB_DEF,"Bottom pair trawl, Demersal species, see the code reg. mesh size and selectivity device",OT_DMF,,,,,,,,,,,,,,,,,,,,
NAtl,PTB_DEF_40-54_0_0,,,,,PTB_DEF,"Bottom pair trawl, Demersal species, see the code reg. mesh size and selectivity device",OT_DMF,,,,,,,,,,,,,,,,,,,,
NAtl,PTB_DEF_55-64_0_0,,,,,PTB_DEF,"Bottom pair trawl, Demersal species, see the code reg. mesh size and selectivity device",OT_DMF,,,,,,,,,,,,,,,,,,,,
NAtl,PTB_DEF_65-69_0_0,,,,,PTB_DEF,"Bottom pair trawl, Demersal species, see the code reg. mesh size and selectivity device",OT_DMF,,,,,,,,,,,,,,,,,,,,
NAtl,PTB_DEF_70-99_0_0,,,"PTB_DEF_70-99_0_0, PTB_DEF_70-89_0_0, PTB_DEF_>=70_0_0","ENG, ESP, FRA, SCT",PTB_DEF,"Bottom pair trawl, Demersal species, see the code reg. mesh size and selectivity device",OT_DMF,,,,,,,,,,,,,,,,,,,,
NAtl,PTB_MPD_<16_0_0,,,,,PTB_MPD,"Bottom pair trawl, Mixed pelagic and demersal species, see the code reg. mesh size and selectivity device",OT_MIX_DMF_PEL,,,,,,,,,,,,,,,,,,,,
NAtl,PTB_MPD_>=120_0_0,,,,,PTB_MPD,"Bottom pair trawl, Mixed pelagic and demersal species, see the code reg. mesh size and selectivity device",OT_MIX_DMF_PEL,,,,,,,,,,,,,,,,,,,,
NAtl,PTB_MPD_>0_0_0,,,,,PTB_MPD,"Bottom pair trawl, Mixed pelagic and demersal species, see the code reg. mesh size and selectivity device",OT_MIX_DMF_PEL,,,,,,,,,,,,,,,,,,,,
NAtl,PTB_MPD_100-119_0_0,,,,,PTB_MPD,"Bottom pair trawl, Mixed pelagic and demersal species, see the code reg. mesh size and selectivity device",OT_MIX_DMF_PEL,,,,,,,,,,,,,,,,,,,,
NAtl,PTB_MPD_16-31_0_0,,,,,PTB_MPD,"Bottom pair trawl, Mixed pelagic and demersal species, see the code reg. mesh size and selectivity device",OT_MIX_DMF_PEL,,,,,,,,,,,,,,,,,,,,
NAtl,PTB_MPD_32-39_0_0,,,,,PTB_MPD,"Bottom pair trawl, Mixed pelagic and demersal species, see the code reg. mesh size and selectivity device",OT_MIX_DMF_PEL,,,,,,,,,,,,,,,,,,,,
NAtl,PTB_MPD_40-54_0_0,,,,,PTB_MPD,"Bottom pair trawl, Mixed pelagic and demersal species, see the code reg. mesh size and selectivity device",OT_MIX_DMF_PEL,,,,,,,,,,,,,,,,,,,,
NAtl,PTB_MPD_55-64_0_0,,,PTB_MPD_>=55_0_0,ESP,PTB_MPD,"Bottom pair trawl, Mixed pelagic and demersal species, see the code reg. mesh size and selectivity device",OT_MIX_DMF_PEL,,,,,,,,,,,,,,,,,,,,
NAtl,PTB_MPD_65-69_0_0,,,,,PTB_MPD,"Bottom pair trawl, Mixed pelagic and demersal species, see the code reg. mesh size and selectivity device",OT_MIX_DMF_PEL,,,,,,,,,,,,,,,,,,,,
NAtl,PTB_MPD_70-99_0_0,,,,,PTB_MPD,"Bottom pair trawl, Mixed pelagic and demersal species, see the code reg. mesh size and selectivity device",OT_MIX_DMF_PEL,,,,,,,,,,,,,,,,,,,,
NAtl,PTB_SPF_<16_0_0,,,PTB_SPF_<16_0_0,SCT,PTB_SPF,"Bottom pair trawl, Small pelagic fish, see the code reg. mesh size and selectivity device",OT_SPF,,,,,,,,,,,,,,,,,,,,
NAtl,PTB_SPF_>=120_0_0,,,PTB_SPF_>=120_0_0,SCT,PTB_SPF,"Bottom pair trawl, Small pelagic fish, see the code reg. mesh size and selectivity device",OT_SPF,,,,,,,,,,,,,,,,,,,,
NAtl,PTB_SPF_>0_0_0,,,,,PTB_SPF,"Bottom pair trawl, Small pelagic fish, see the code reg. mesh size and selectivity device",OT_SPF,,,,,,,,,,,,,,,,,,,,
NAtl,PTB_SPF_100-119_0_0,,,,,PTB_SPF,"Bottom pair trawl, Small pelagic fish, see the code reg. mesh size and selectivity device",OT_SPF,,,,,,,,,,,,,,,,,,,,
NAtl,PTB_SPF_16-31_0_0,,,,,PTB_SPF,"Bottom pair trawl, Small pelagic fish, see the code reg. mesh size and selectivity device",OT_SPF,,,,,,,,,,,,,,,,,,,,
NAtl,PTB_SPF_32-39_0_0,,,PTB_SPF_32-69_0_0,"ENG, SCT",PTB_SPF,"Bottom pair trawl, Small pelagic fish, see the code reg. mesh size and selectivity device",OT_SPF,,,,,,,,,,,,,,,,,,,,
NAtl,PTB_SPF_40-54_0_0,,,,,PTB_SPF,"Bottom pair trawl, Small pelagic fish, see the code reg. mesh size and selectivity device",OT_SPF,,,,,,,,,,,,,,,,,,,,
NAtl,PTB_SPF_55-64_0_0,,,,,PTB_SPF,"Bottom pair trawl, Small pelagic fish, see the code reg. mesh size and selectivity device",OT_SPF,,,,,,,,,,,,,,,,,,,,
NAtl,PTB_SPF_65-69_0_0,,,,,PTB_SPF,"Bottom pair trawl, Small pelagic fish, see the code reg. mesh size and selectivity device",OT_SPF,,,,,,,,,,,,,,,,,,,,
NAtl,PTB_SPF_70-99_0_0,,,,,PTB_SPF,"Bottom pair trawl, Small pelagic fish, see the code reg. mesh size and selectivity device",OT_SPF,,,,,,,,,,,,,,,,,,,,
NAtl,PTM_DEF_<16_0_0,,,,,PTM_DEF,"Midwater otter trawl, Demersal species, see the code reg. mesh size and selectivity device ",,,,,,,,,,,,,,,,,,,,,
NAtl,PTM_DEF_>=120_0_0,,,,,PTM_DEF,"Midwater otter trawl, Demersal species, see the code reg. mesh size and selectivity device ",,,,,,,,,,,,,,,,,,,,,
NAtl,PTM_DEF_>0_0_0,,,PTM_DEF_0_0_0,FRA,PTM_DEF,"Midwater otter trawl, Demersal species, see the code reg. mesh size and selectivity device ",,,,,,,,,,,,,,,,,,,,,
NAtl,PTM_DEF_100-119_0_0,,,PTM_DEF_100-119_0_0,FRA,PTM_DEF,"Midwater otter trawl, Demersal species, see the code reg. mesh size and selectivity device ",,,,,,,,,,,,,,,,,,,,,
NAtl,PTM_DEF_16-31_0_0,,,PTM_DEF_16-31_0_0,FRA,PTM_DEF,"Midwater otter trawl, Demersal species, see the code reg. mesh size and selectivity device ",,,,,,,,,,,,,,,,,,,,,
NAtl,PTM_DEF_32-39_0_0,,,"PTM_DEF_32-54_0_0, PTM_DEF_32-69_0_0",FRA,PTM_DEF,"Midwater otter trawl, Demersal species, see the code reg. mesh size and selectivity device ",,,,,,,,,,,,,,,,,,,,,
NAtl,PTM_DEF_40-54_0_0,,,,,PTM_DEF,"Midwater otter trawl, Demersal species, see the code reg. mesh size and selectivity device",,,,,,,,,,,,,,,,,,,,,
NAtl,PTM_DEF_55-64_0_0,,,,,PTM_DEF,"Midwater otter trawl, Demersal species, see the code reg. mesh size and selectivity device",,,,,,,,,,,,,,,,,,,,,
NAtl,PTM_DEF_65-69_0_0,,,,,PTM_DEF,"Midwater otter trawl, Demersal species, see the code reg. mesh size and selectivity device",,,,,,,,,,,,,,,,,,,,,
NAtl,PTM_DEF_70-99_0_0,,,"PTM_DEF_70-99_0_0, PTM_DEF_70-89_0_0, PTM_DEF_>=70_0_0",FRA,PTM_DEF,"Midwater otter trawl, Demersal species, see the code reg. mesh size and selectivity device",,,,,,,,,,,,,,,,,,,,,
NAtl,PTM_LPF_<16_0_0,,,,,PTM_LPF,"Midwater otter trawl, Large pelagic fish, see the code reg. mesh size and selectivity device",,,,,,,,,,,,,,,,,,,,,
NAtl,PTM_LPF_>=120_0_0,,,,,PTM_LPF,"Midwater otter trawl, Large pelagic fish, see the code reg. mesh size and selectivity device",,,,,,,,,,,,,,,,,,,,,
NAtl,PTM_LPF_>0_0_0,,,PTM_LPF_0_0_0,"FRA, IRL",PTM_LPF,"Midwater otter trawl, Large pelagic fish, see the code reg. mesh size and selectivity device",,,,,,,,,,,,,,,,,,,,,
NAtl,PTM_LPF_100-119_0_0,,,PTM_LPF_100-119_0_0,"FRA, IRL",PTM_LPF,"Midwater otter trawl, Large pelagic fish, see the code reg. mesh size and selectivity device",,,,,,,,,,,,,,,,,,,,,
NAtl,PTM_LPF_16-31_0_0,,,PTM_LPF_16-31_0_0,FRA,PTM_LPF,"Midwater otter trawl, Large pelagic fish, see the code reg. mesh size and selectivity device",,,,,,,,,,,,,,,,,,,,,
NAtl,PTM_LPF_32-39_0_0,,,"PTM_LPF_32-54_0_0, PTM_LPF_32-69_0_0","FRA, IRL",PTM_LPF,"Midwater otter trawl, Large pelagic fish, see the code reg. mesh size and selectivity device",,,,,,,,,,,,,,,,,,,,,
NAtl,PTM_LPF_40-54_0_0,,,,,PTM_LPF,"Midwater otter trawl, Large pelagic fish, see the code reg. mesh size and selectivity device",,,,,,,,,,,,,,,,,,,,,
NAtl,PTM_LPF_55-64_0_0,,,PTM_LPF_>=55_0_0,FRA,PTM_LPF,"Midwater otter trawl, Large pelagic fish, see the code reg. mesh size and selectivity device",,,,,,,,,,,,,,,,,,,,,
NAtl,PTM_LPF_65-69_0_0,,,PTM_LPF_>=65_0_0,IRL,PTM_LPF,"Midwater otter trawl, Large pelagic fish, see the code reg. mesh size and selectivity device",,,,,,,,,,,,,,,,,,,,,
NAtl,PTM_LPF_70-99_0_0,,,"PTM_LPF_70-99_0_0, PTM_LPF_>=70_0_0",FRA,PTM_LPF,"Midwater otter trawl, Large pelagic fish, see the code reg. mesh size and selectivity device",,,,,,,,,,,,,,,,,,,,,
NAtl,PTM_SPF_<16_0_0,,,PTM_SPF_<16_0_0,SCT,PTM_SPF,"Midwater otter trawl, Small pelagic fish, see the code reg. mesh size and selectivity device",,,,,,,,,,,,,,,,,,,,,
NAtl,PTM_SPF_>=120_0_0,,,,,PTM_SPF,"Midwater otter trawl, Small pelagic fish, see the code reg. mesh size and selectivity device",,,,,,,,,,,,,,,,,,,,,
NAtl,PTM_SPF_>0_0_0,,,PTM_SPF_0_0_0,"FRA, IRL",PTM_SPF,"Midwater otter trawl, Small pelagic fish, see the code reg. mesh size and selectivity device",,,,,,,,,,,,,,,,,,,,,
NAtl,PTM_SPF_100-119_0_0,,,PTM_SPF_100-119_0_0,"FRA, SCT",PTM_SPF,"Midwater otter trawl, Small pelagic fish, see the code reg. mesh size and selectivity device",,,,,,,,,,,,,,,,,,,,,
NAtl,PTM_SPF_16-31_0_0,,,PTM_SPF_16-31_0_0,"ENG, FRA, IRL, NIR, NLD, SCT",PTM_SPF,"Midwater otter trawl, Small pelagic fish, see the code reg. mesh size and selectivity device",,,,,,,,,,,,,,,,,,,,,
NAtl,PTM_SPF_32-39_0_0,,,"PTM_SPF_32-54_0_0, PTM_SPF_32-69_0_0","ENG, FRA, IRL, NIR, NLD, SCT",PTM_SPF,"Midwater otter trawl, Small pelagic fish, see the code reg. mesh size and selectivity device",,,,,,,,,,,,,,,,,,,,,
NAtl,PTM_SPF_40-54_0_0,,,,,PTM_SPF,"Midwater otter trawl, Small pelagic fish, see the code reg. mesh size and selectivity device",,,,,,,,,,,,,,,,,,,,,
NAtl,PTM_SPF_55-64_0_0,,,PTM_SPF_>=55_0_0,FRA,PTM_SPF,"Midwater otter trawl, Small pelagic fish, see the code reg. mesh size and selectivity device",,,,,,,,,,,,,,,,,,,,,
NAtl,PTM_SPF_65-69_0_0,,,,,PTM_SPF,"Midwater otter trawl, Small pelagic fish, see the code reg. mesh size and selectivity device",,,,,,,,,,,,,,,,,,,,,
NAtl,PTM_SPF_70-99_0_0,,,"PTM_SPF_70-99_0_0, PTM_SPF_70-89_0_0, PTM_SPF_>=70_0_0","CHA, ENG, FRA, SCT",PTM_SPF,"Midwater otter trawl, Small pelagic fish, see the code reg. mesh size and selectivity device",,,,,,,,,,,,,,,,,,,,,
NAtl,SB_DEF_>0_0_0,,,,,SB_DEF,"Beach Seines, Demersal species, see the code reg. mesh size and selectivity device",,,,,,,,,,,,,,,,,,,,,
NAtl,SB_FIF_>0_0_0,,,"SB_FIF_>0_0_0, SB_FIF_0_0_0","ENG, ESP, FRA, NIR, PRT, SCT",SB_FIF,"Beach Seines, Finfish, see the code reg. mesh size and selectivity device",,,,,,,,,,,,,,,,,,,,,
NAtl,SB_SPF_>0_0_0,,,,,SB_SPF,"Beach Seines, Small pelagic fish, see the code reg. mesh size and selectivity device",,,,,,,,,,,,,,,,,,,,,
NAtl,SDN_CEP_<16_0_0,,,,,SDN_CEP,"Anchored seine, Cephalopods, see the code reg. mesh size and selectivity device",SDN_DMF,,,,,,,,,,,,,,,,,,,,
NAtl,SDN_CEP_>=120_0_0,,,,,SDN_CEP,"Anchored seine, Cephalopods, see the code reg. mesh size and selectivity device",SDN_DMF,,,,,,,,,,,,,,,,,,,,
NAtl,SDN_CEP_>0_0_0,,,,,SDN_CEP,"Anchored seine, Cephalopods, see the code reg. mesh size and selectivity device",SDN_DMF,,,,,,,,,,,,,,,,,,,,
NAtl,SDN_CEP_100-119_0_0,,,,,SDN_CEP,"Anchored seine, Cephalopods, see the code reg. mesh size and selectivity device",SDN_DMF,,,,,,,,,,,,,,,,,,,,
NAtl,SDN_CEP_16-31_0_0,,,,,SDN_CEP,"Anchored seine, Cephalopods, see the code reg. mesh size and selectivity device",SDN_DMF,,,,,,,,,,,,,,,,,,,,
NAtl,SDN_CEP_32-39_0_0,,,,,SDN_CEP,"Anchored seine, Cephalopods, see the code reg. mesh size and selectivity device",SDN_DMF,,,,,,,,,,,,,,,,,,,,
NAtl,SDN_CEP_40-54_0_0,,,,,SDN_CEP,"Anchored seine, Cephalopods, see the code reg. mesh size and selectivity device",SDN_DMF,,,,,,,,,,,,,,,,,,,,
NAtl,SDN_CEP_55-64_0_0,,,,,SDN_CEP,"Anchored seine, Cephalopods, see the code reg. mesh size and selectivity device",SDN_DMF,,,,,,,,,,,,,,,,,,,,
NAtl,SDN_CEP_65-69_0_0,,,,,SDN_CEP,"Anchored seine, Cephalopods, see the code reg. mesh size and selectivity device",SDN_DMF,,,,,,,,,,,,,,,,,,,,
NAtl,SDN_CEP_70-99_0_0,,,,,SDN_CEP,"Anchored seine, Cephalopods, see the code reg. mesh size and selectivity device",SDN_DMF,,,,,,,,,,,,,,,,,,,,
NAtl,SDN_DEF_<16_0_0,,,,,SDN_DEF,"Anchored seine, Demersal species, see the code reg. mesh size and selectivity device",SDN_DMF,,,,,,,,,,,,,,,,,,,,
NAtl,SDN_DEF_>=120_0_0,,,SDN_DEF_>=120_0_0,"FRA, SCT",SDN_DEF,"Anchored seine, Demersal species, see the code reg. mesh size and selectivity device",SDN_DMF,,,,,,,,,,,,,,,,,,,,
NAtl,SDN_DEF_>0_0_0,,,"SDN_DEF_>0_0_0, SDN_DEF_0_0_0","BEL, FRA",SDN_DEF,"Anchored seine, Demersal species, see the code reg. mesh size and selectivity device",SDN_DMF,,,,,,,,,,,,,,,,,,,,
NAtl,SDN_DEF_100-119_0_0,,,SDN_DEF_100-119_0_0,"FRA, NLD",SDN_DEF,"Anchored seine, Demersal species, see the code reg. mesh size and selectivity device",SDN_DMF,,,,,,,,,,,,,,,,,,,,
NAtl,SDN_DEF_16-31_0_0,,,SDN_DEF_16-31_0_0,FRA,SDN_DEF,"Anchored seine, Demersal species, see the code reg. mesh size and selectivity device",SDN_DMF,,,,,,,,,,,,,,,,,,,,
NAtl,SDN_DEF_32-39_0_0,,,SDN_DEF_32-69_0_0,FRA,SDN_DEF,"Anchored seine, Demersal species, see the code reg. mesh size and selectivity device",SDN_DMF,,,,,,,,,,,,,,,,,,,,
NAtl,SDN_DEF_40-54_0_0,,,,,SDN_DEF,"Anchored seine, Demersal species, see the code reg. mesh size and selectivity device",SDN_DMF,,,,,,,,,,,,,,,,,,,,
NAtl,SDN_DEF_55-64_0_0,,,,,SDN_DEF,"Anchored seine, Demersal species, see the code reg. mesh size and selectivity device",SDN_DMF,,,,,,,,,,,,,,,,,,,,
NAtl,SDN_DEF_65-69_0_0,,,,,SDN_DEF,"Anchored seine, Demersal species, see the code reg. mesh size and selectivity device",SDN_DMF,,,,,,,,,,,,,,,,,,,,
NAtl,SDN_DEF_70-99_0_0,,,"SDN_DEF_70-99_0_0, SDN_DEF_70-89_0_0, SDN_DEF_>=70_0_0","FRA, NLD",SDN_DEF,"Anchored seine, Demersal species, see the code reg. mesh size and selectivity device",SDN_DMF,,,,,,,,,,,,,,,,,,,,
NAtl,SDN_MCF_<16_0_0,,,,,SDN_MCF,"Anchored seine, Mixed cephalopod and demersal species, see the code reg. mesh size and selectivity device",SDN_DMF,,,,,,,,,,,,,,,,,,,,
NAtl,SDN_MCF_>=120_0_0,,,,,SDN_MCF,"Anchored seine, Mixed cephalopod and demersal species, see the code reg. mesh size and selectivity device",SDN_DMF,,,,,,,,,,,,,,,,,,,,
NAtl,SDN_MCF_>0_0_0,,,,,SDN_MCF,"Anchored seine, Mixed cephalopod and demersal species, see the code reg. mesh size and selectivity device",SDN_DMF,,,,,,,,,,,,,,,,,,,,
NAtl,SDN_MCF_100-119_0_0,,,,,SDN_MCF,"Anchored seine, Mixed cephalopod and demersal species, see the code reg. mesh size and selectivity device",SDN_DMF,,,,,,,,,,,,,,,,,,,,
NAtl,SDN_MCF_16-31_0_0,,,,,SDN_MCF,"Anchored seine, Mixed cephalopod and demersal species, see the code reg. mesh size and selectivity device",SDN_DMF,,,,,,,,,,,,,,,,,,,,
NAtl,SDN_MCF_32-39_0_0,,,,,SDN_MCF,"Anchored seine, Mixed cephalopod and demersal species, see the code reg. mesh size and selectivity device",SDN_DMF,,,,,,,,,,,,,,,,,,,,
NAtl,SDN_MCF_40-54_0_0,,,,,SDN_MCF,"Anchored seine, Mixed cephalopod and demersal species, see the code reg. mesh size and selectivity device",SDN_DMF,,,,,,,,,,,,,,,,,,,,
NAtl,SDN_MCF_55-64_0_0,,,SDN_MCF_<55_0_0,ESP,SDN_MCF,"Anchored seine, Mixed cephalopod and demersal species, see the code reg. mesh size and selectivity device",SDN_DMF,,,,,,,,,,,,,,,,,,,,
NAtl,SDN_MCF_65-69_0_0,,,,,SDN_MCF,"Anchored seine, Mixed cephalopod and demersal species, see the code reg. mesh size and selectivity device",SDN_DMF,,,,,,,,,,,,,,,,,,,,
NAtl,SDN_MCF_70-99_0_0,,,,,SDN_MCF,"Anchored seine, Mixed cephalopod and demersal species, see the code reg. mesh size and selectivity device",SDN_DMF,,,,,,,,,,,,,,,,,,,,
NAtl,SDN_SPF_<16_0_0,,,,,SDN_SPF,"Anchored seine, Small pelagic fish, see the code reg. mesh size and selectivity device",SDN_DMF,,,,,,,,,,,,,,,,,,,,
NAtl,SDN_SPF_>=120_0_0,,,,,SDN_SPF,"Anchored seine, Small pelagic fish, see the code reg. mesh size and selectivity device",SDN_DMF,,,,,,,,,,,,,,,,,,,,
NAtl,SDN_SPF_>0_0_0,,,,,SDN_SPF,"Anchored seine, Small pelagic fish, see the code reg. mesh size and selectivity device",SDN_DMF,,,,,,,,,,,,,,,,,,,,
NAtl,SDN_SPF_100-119_0_0,,,,,SDN_SPF,"Anchored seine, Small pelagic fish, see the code reg. mesh size and selectivity device",SDN_DMF,,,,,,,,,,,,,,,,,,,,
NAtl,SDN_SPF_16-31_0_0,,,,,SDN_SPF,"Anchored seine, Small pelagic fish, see the code reg. mesh size and selectivity device",SDN_DMF,,,,,,,,,,,,,,,,,,,,
NAtl,SDN_SPF_32-39_0_0,,,,,SDN_SPF,"Anchored seine, Small pelagic fish, see the code reg. mesh size and selectivity device",SDN_DMF,,,,,,,,,,,,,,,,,,,,
NAtl,SDN_SPF_40-54_0_0,,,,,SDN_SPF,"Anchored seine, Small pelagic fish, see the code reg. mesh size and selectivity device",SDN_DMF,,,,,,,,,,,,,,,,,,,,
NAtl,SDN_SPF_55-64_0_0,,,,,SDN_SPF,"Anchored seine, Small pelagic fish, see the code reg. mesh size and selectivity device",SDN_DMF,,,,,,,,,,,,,,,,,,,,
NAtl,SDN_SPF_65-69_0_0,,,,,SDN_SPF,"Anchored seine, Small pelagic fish, see the code reg. mesh size and selectivity device",SDN_DMF,,,,,,,,,,,,,,,,,,,,
NAtl,SDN_SPF_70-99_0_0,,,,,SDN_SPF,"Anchored seine, Small pelagic fish, see the code reg. mesh size and selectivity device",SDN_DMF,,,,,,,,,,,,,,,,,,,,
NAtl,SPR_DEF_>0_0_0,,,,,SPR_DEF,"Pair seine, Demersal species, see the code reg. mesh size and selectivity device",,,,,,,,,,,,,,,,,,,,,
NAtl,SSC_DEF_<16_0_0,,,SSC_DEF_<16_0_0,ENG,SSC_DEF,"Fly shooting seine, Demersal species, see the code reg. mesh size and selectivity device",SSC_DMF,,,,,,,,,,,,,,,,,,,,
NAtl,SSC_DEF_>=120_0_0,,,SSC_DEF_>=120_0_0,"NIR, SCT",SSC_DEF,"Fly shooting seine, Demersal species, see the code reg. mesh size and selectivity device",SSC_DMF,,,,,,,,,,,,,,,,,,,,
NAtl,SSC_DEF_>0_0_0,,,SSC_DEF_0_0_0,NLD,SSC_DEF,"Fly shooting seine, Demersal species, see the code reg. mesh size and selectivity device",SSC_DMF,,,,,,,,,,,,,,,,,,,,
NAtl,SSC_DEF_100-119_0_0,,,SSC_DEF_100-119_0_0,"IRL, NIR, NLD, SCT",SSC_DEF,"Fly shooting seine, Demersal species, see the code reg. mesh size and selectivity device",SSC_DMF,,,,,,,,,,,,,,,,,,,,
NAtl,SSC_DEF_16-31_0_0,,,SSC_DEF_16-31_0_0,ENG,SSC_DEF,"Fly shooting seine, Demersal species, see the code reg. mesh size and selectivity device",SSC_DMF,,,,,,,,,,,,,,,,,,,,
NAtl,SSC_DEF_32-39_0_0,,,,,SSC_DEF,"Fly shooting seine, Demersal species, see the code reg. mesh size and selectivity device",SSC_DMF,,,,,,,,,,,,,,,,,,,,
NAtl,SSC_DEF_40-54_0_0,,,,,SSC_DEF,"Fly shooting seine, Demersal species, see the code reg. mesh size and selectivity device",SSC_DMF,,,,,,,,,,,,,,,,,,,,
NAtl,SSC_DEF_55-64_0_0,,,,,SSC_DEF,"Fly shooting seine, Demersal species, see the code reg. mesh size and selectivity device",SSC_DMF,,,,,,,,,,,,,,,,,,,,
NAtl,SSC_DEF_65-69_0_0,,,,,SSC_DEF,"Fly shooting seine, Demersal species, see the code reg. mesh size and selectivity device",SSC_DMF,,,,,,,,,,,,,,,,,,,,
NAtl,SSC_DEF_70-99_0_0,,,"SSC_DEF_70-99_0_0, SSC_DEF_>=70_0_0","BEL, ENG, NLD, SCT",SSC_DEF,"Fly shooting seine, Demersal species, see the code reg. mesh size and selectivity device",SSC_DMF,,,,,,,,,,,,,,,,,,,,
NAtl,TBB_CEP_>0_0_0,,,,,TBB_CEP,"Beam trawl, Cephalopods, see the code reg. mesh size and selectivity device",TBB_DMF,,,,,,,,,,,,,,,,,,,,
NAtl,TBB_CEP_<16_0_0,,,,,TBB_CEP,"Beam trawl, Cephalopods, see the code reg. mesh size and selectivity device",TBB_DMF,,,,,,,,,,,,,,,,,,,,
NAtl,TBB_CEP_16-31_0_0,,,,,TBB_CEP,"Beam trawl, Cephalopods, see the code reg. mesh size and selectivity device",TBB_DMF,,,,,,,,,,,,,,,,,,,,
NAtl,TBB_CEP_32-39_0_0,,,,,TBB_CEP,"Beam trawl, Cephalopods, see the code reg. mesh size and selectivity device",TBB_DMF,,,,,,,,,,,,,,,,,,,,
NAtl,TBB_CEP_40-54_0_0,,,,,TBB_CEP,"Beam trawl, Cephalopods, see the code reg. mesh size and selectivity device",TBB_DMF,,,,,,,,,,,,,,,,,,,,
NAtl,TBB_CEP_55-64_0_0,,,,,TBB_CEP,"Beam trawl, Cephalopods, see the code reg. mesh size and selectivity device",TBB_DMF,,,,,,,,,,,,,,,,,,,,
NAtl,TBB_CEP_65-69_0_0,,,,,TBB_CEP,"Beam trawl, Cephalopods, see the code reg. mesh size and selectivity device",TBB_DMF,,,,,,,,,,,,,,,,,,,,
NAtl,TBB_CEP_70-99_0_0,,,,,TBB_CEP,"Beam trawl, Cephalopods, see the code reg. mesh size and selectivity device",TBB_DMF,,,,,,,,,,,,,,,,,,,,
NAtl,TBB_CEP_100-119_0_0,,,,,TBB_CEP,"Beam trawl, Cephalopods, see the code reg. mesh size and selectivity device",TBB_DMF,,,,,,,,,,,,,,,,,,,,
NAtl,TBB_CEP_>=120_0_0,,,,,TBB_CEP,"Beam trawl, Cephalopods, see the code reg. mesh size and selectivity device",TBB_DMF,,,,,,,,,,,,,,,,,,,,
NAtl,TBB_CRU_<16_0_0,,,TBB_CRU_<16_0_0,NIR,TBB_CRU,"Beam trawl, Crustaceans, see the code reg. mesh size and selectivity device",TBB_CRU,,,,,,,,,,,,,,,,,,,,
NAtl,TBB_CRU_>=120_0_0,,,,,TBB_CRU,"Beam trawl, Crustaceans, see the code reg. mesh size and selectivity device",TBB_CRU,,,,,,,,,,,,,,,,,,,,
NAtl,TBB_CRU_>0_0_0,,,TBB_CRU_0_0_0,FRA,TBB_CRU,"Beam trawl, Crustaceans, see the code reg. mesh size and selectivity device",TBB_CRU,,,,,,,,,,,,,,,,,,,,
NAtl,TBB_CRU_100-119_0_0,,,TBB_CRU_100-119_0_0,ENG ,TBB_CRU,"Beam trawl, Crustaceans, see the code reg. mesh size and selectivity device",TBB_CRU,,,,,,,,,,,,,,,,,,,,
NAtl,TBB_CRU_16-31_0_0,,,"TBB_CRU_16-31_0_0, TBB_CRU_>=20_0_0","BEL, ENG, FRA, NIR, PRT",TBB_CRU,"Beam trawl, Crustaceans, see the code reg. mesh size and selectivity device",TBB_CRU,,,,,,,,,,,,,,,,,,,,
NAtl,TBB_CRU_32-39_0_0,,,TBB_CRU_32-54_0_0,FRA,TBB_CRU,"Beam trawl, Crustaceans, see the code reg. mesh size and selectivity device",TBB_CRU,,,,,,,,,,,,,,,,,,,,
NAtl,TBB_CRU_40-54_0_0,,,,,TBB_CRU,"Beam trawl, Crustaceans, see the code reg. mesh size and selectivity device",TBB_CRU,,,,,,,,,,,,,,,,,,,,
NAtl,TBB_CRU_55-64_0_0,,,,,TBB_CRU,"Beam trawl, Crustaceans, see the code reg. mesh size and selectivity device",TBB_CRU,,,,,,,,,,,,,,,,,,,,
NAtl,TBB_CRU_65-69_0_0,,,,,TBB_CRU,"Beam trawl, Crustaceans, see the code reg. mesh size and selectivity device",TBB_CRU,,,,,,,,,,,,,,,,,,,,
NAtl,TBB_CRU_70-99_0_0,,,TBB_CRU_70-99_0_0,"ENG, NIR, SCT",TBB_CRU,"Beam trawl, Crustaceans, see the code reg. mesh size and selectivity device",TBB_CRU,,,,,,,,,,,,,,,,,,,,
NAtl,TBB_DEF_<16_0_0,,,TBB_DEF_<16_0_0,ENG,TBB_DEF,"Beam trawl, Demersal species, see the code reg. mesh size and selectivity device",TBB_DMF,,,,,,,,,,,,,,,,,,,,
NAtl,TBB_DEF_>=120_0_0,,,TBB_DEF_>=120_0_0,"BEL, ENG",TBB_DEF,"Beam trawl, Demersal species, see the code reg. mesh size and selectivity device",TBB_DMF,,,,,,,,,,,,,,,,,,,,
NAtl,TBB_DEF_>0_0_0,,,TBB_DEF_0_0_0,"FRA, NLD",TBB_DEF,"Beam trawl, Demersal species, see the code reg. mesh size and selectivity device",TBB_DMF,,,,,,,,,,,,,,,,,,,,
NAtl,TBB_DEF_100-119_0_0,,,TBB_DEF_100-119_0_0,"BEL, ENG, WLS",TBB_DEF,"Beam trawl, Demersal species, see the code reg. mesh size and selectivity device",TBB_DMF,,,,,,,,,,,,,,,,,,,,
NAtl,TBB_DEF_16-31_0_0,,,TBB_DEF_16-31_0_0,"ENG, NLD, WLS",TBB_DEF,"Beam trawl, Demersal species, see the code reg. mesh size and selectivity device",TBB_DMF,,,,,,,,,,,,,,,,,,,,
NAtl,TBB_DEF_32-39_0_0,,,TBB_DEF_32-69_0_0,ENG,TBB_DEF,"Beam trawl, Demersal species, see the code reg. mesh size and selectivity device",TBB_DMF,,,,,,,,,,,,,,,,,,,,
NAtl,TBB_DEF_40-54_0_0,,,TBB_DEF_<55_0_0,PRT,TBB_DEF,"Beam trawl, Demersal species, see the code reg. mesh size and selectivity device",TBB_DMF,,,,,,,,,,,,,,,,,,,,
NAtl,TBB_DEF_55-64_0_0,,,,,TBB_DEF,"Beam trawl, Demersal species, see the code reg. mesh size and selectivity device",TBB_DMF,,,,,,,,,,,,,,,,,,,,
NAtl,TBB_DEF_65-69_0_0,,,,,TBB_DEF,"Beam trawl, Demersal species, see the code reg. mesh size and selectivity device",TBB_DMF,,,,,,,,,,,,,,,,,,,,
NAtl,TBB_DEF_70-99_0_0,,,"TBB_DEF_70-99_0_0, TBB_DEF_70-89_0_0, TBB_DEF_>=70_0_0","BEL, ENG, FRA, IRL, NLD, WLS",TBB_DEF,"Beam trawl, Demersal species, see the code reg. mesh size and selectivity device",TBB_DMF,,,,,,,,,,,,,,,,,,,,
NAtl,TBB_MCD_>0_0_0,,,,,TBB_MCD,"Beam trawl, Mixed crustaceans and demersal  species, see the code reg. mesh size and selectivity device",TBB_DMF,,,,,,,,,,,,,,,,,,,,
NAtl,TBB_MCD_<16_0_0,,,,,TBB_MCD,"Beam trawl, Mixed crustaceans and demersal  species, see the code reg. mesh size and selectivity device",TBB_DMF,,,,,,,,,,,,,,,,,,,,
NAtl,TBB_MCD_16-31_0_0,,,,,TBB_MCD,"Beam trawl, Mixed crustaceans and demersal  species, see the code reg. mesh size and selectivity device",TBB_DMF,,,,,,,,,,,,,,,,,,,,
NAtl,TBB_MCD_32-39_0_0,,,,,TBB_MCD,"Beam trawl, Mixed crustaceans and demersal  species, see the code reg. mesh size and selectivity device",TBB_DMF,,,,,,,,,,,,,,,,,,,,
NAtl,TBB_MCD_40-54_0_0,,,,,TBB_MCD,"Beam trawl, Mixed crustaceans and demersal  species, see the code reg. mesh size and selectivity device",TBB_DMF,,,,,,,,,,,,,,,,,,,,
NAtl,TBB_MCD_55-64_0_0,,,,,TBB_MCD,"Beam trawl, Mixed crustaceans and demersal  species, see the code reg. mesh size and selectivity device",TBB_DMF,,,,,,,,,,,,,,,,,,,,
NAtl,TBB_MCD_65-69_0_0,,,,,TBB_MCD,"Beam trawl, Mixed crustaceans and demersal  species, see the code reg. mesh size and selectivity device",TBB_DMF,,,,,,,,,,,,,,,,,,,,
NAtl,TBB_MCD_70-99_0_0,,,,,TBB_MCD,"Beam trawl, Mixed crustaceans and demersal  species, see the code reg. mesh size and selectivity device",TBB_DMF,,,,,,,,,,,,,,,,,,,,
NAtl,TBB_MCD_100-119_0_0,,,,,TBB_MCD,"Beam trawl, Mixed crustaceans and demersal  species, see the code reg. mesh size and selectivity device",TBB_DMF,,,,,,,,,,,,,,,,,,,,
NAtl,TBB_MCD_>=120_0_0,,,,,TBB_MCD,"Beam trawl, Mixed crustaceans and demersal  species, see the code reg. mesh size and selectivity device",TBB_DMF,,,,,,,,,,,,,,,,,,,,
NAtl,TBB_MOL_<16_0_0,,,,,TBB_MOL,"Beam trawl, Molluscs, see the code reg. mesh size and selectivity device",TBB_MOL,,,,,,,,,,,,,,,,,,,,
NAtl,TBB_MOL_>=120_0_0,,,,,TBB_MOL,"Beam trawl, Molluscs, see the code reg. mesh size and selectivity device",TBB_MOL,,,,,,,,,,,,,,,,,,,,
NAtl,TBB_MOL_>0_0_0,,,TBB_MOL_0_0_0,FRA,TBB_MOL,"Beam trawl, Molluscs, see the code reg. mesh size and selectivity device",TBB_MOL,,,,,,,,,,,,,,,,,,,,
NAtl,TBB_MOL_100-119_0_0,,,,,TBB_MOL,"Beam trawl, Molluscs, see the code reg. mesh size and selectivity device",TBB_MOL,,,,,,,,,,,,,,,,,,,,
NAtl,TBB_MOL_16-31_0_0,,,,,TBB_MOL,"Beam trawl, Molluscs, see the code reg. mesh size and selectivity device",TBB_MOL,,,,,,,,,,,,,,,,,,,,
NAtl,TBB_MOL_32-39_0_0,,,,,TBB_MOL,"Beam trawl, Molluscs, see the code reg. mesh size and selectivity device",TBB_MOL,,,,,,,,,,,,,,,,,,,,
NAtl,TBB_MOL_40-54_0_0,,,,,TBB_MOL,"Beam trawl, Molluscs, see the code reg. mesh size and selectivity device",TBB_MOL,,,,,,,,,,,,,,,,,,,,
NAtl,TBB_MOL_55-64_0_0,,,TBB_MOL_<55_0_0,ESP,TBB_MOL,"Beam trawl, Molluscs, see the code reg. mesh size and selectivity device",TBB_MOL,,,,,,,,,,,,,,,,,,,,
NAtl,TBB_MOL_65-69_0_0,,,,,TBB_MOL,"Beam trawl, Molluscs, see the code reg. mesh size and selectivity device",TBB_MOL,,,,,,,,,,,,,,,,,,,,
NAtl,TBB_MOL_70-99_0_0,,,,,TBB_MOL,"Beam trawl, Molluscs, see the code reg. mesh size and selectivity device",TBB_MOL,,,,,,,,,,,,,,,,,,,,
NSEA,DRB_CRU_>0_0_0,,,,,DRB_CRU,"Boat dredge, Crustaceans, see the code reg. mesh size and selectivity device",DRB_MOL,,,,,,,,,,,,,,,,,,,,
NSEA,DRB_MOL_>0_0_0,,,"DRB_MOL_>=0_0_0, DRB_MOL_>0_0_0, DRB_MOL_0_0_0","BEL, CHA, DEU, DNK, ENG, FRA, IRL, NIR, NLD, SCT, SWE, WLS",DRB_MOL,"Boat dredge, Molluscs, see the code reg. mesh size and selectivity device",DRB_MOL,,,,,,,,,,,,,,,,,,,,
NSEA,DRH_MOL_>0_0_0,,,,,DRH_MOL,"Hand dredge, Molluscs, see the code reg. mesh size and selectivity device",,20220909,,,,,,,,,,,,,,,,,,,
NSEA,FPN_CAT_>0_0_0,,,FPN_CAT_>0_0_0,DNK,FPN_CAT,"Stationary uncovered pound nets, Catadromous species, see the code reg. mesh size and selectivity device",,,,,,,,,,,,,,,,,,,,,
NSEA,FPN_CEP_>0_0_0,,,,,FPN_CEP,"Stationary uncovered pound nets, Cephalopods, see the code reg. mesh size and selectivity device",,,,,,,,,,,,,,,,,,,,,
NSEA,FPN_CRU_>0_0_0,,,FPN_CRU_>0_0_0,DNK,FPN_CRU,"Stationary uncovered pound nets, Crustaceans, see the code reg. mesh size and selectivity device",,,,,,,,,,,,,,,,,,,,,
NSEA,FPN_MOL_>0_0_0,,,FPN_MOL_>0_0_0,DNK,FPN_MOL,"Stationary uncovered pound nets, Molluscs, see the code reg. mesh size and selectivity device",,,,,,,,,,,,,,,,,,,,,
NSEA,FOO_MOL_0_0_0,,,,,FOO_MOL,"Fishing on foot, Molluscs, see the code reg. mesh size and selectivity device",,20260311,Added by request from France,,,,,,,,,,,,,,,,,,
NSEA,FPO_CEP_>0_0_0,,,,,FPO_CEP,"Pots and traps, Cephalopods, see the code reg. mesh size and selectivity device",,,,,,,,,,,,,,,,,,,,,
NSEA,FPO_CRU_>0_0_0,,,"FPO_CRU_>0_0_0, FPO_CRU_0_0_0, FPO_CRU_ALL_0_0","CHA, DEU, DNK, ENG, FRA, IRL, LTU, NIR, NLD, SCT, SWE, WLS",FPO_CRU,"Pots and traps, Crustaceans, see the code reg. mesh size and selectivity device",,,,,,,,,,,,,,,,,,,,,
NSEA,FPO_DEF_>0_0_0,,,"FPO_DEF_>0_0_0, FPO_MCD_0_0_0","FRA, BEL",FPO_DEF,"Pots and traps, Demersal species, see the code reg. mesh size and selectivity device",,,,,,,,,,,,,,,,,,,,,
NSEA,FPO_FIF_>0_0_0,,,"FPO_FIF_>0_0_0, FPO_FIF_0_0_0","ENG, FRA, SCT, SWE, WLS",FPO_FIF,"Pots and traps, Finfish, see the code reg. mesh size and selectivity device",,,,,,,,,,,,,,,,,,,,,
NSEA,FPO_MOL_>0_0_0,,,"FPO_MOL_>0_0_0, FPO_MOL_0_0_0","CHA, DNK, ENG, FRA, NIR, SCT, SWE, WLS",FPO_MOL,"Pots and traps, Molluscs, see the code reg. mesh size and selectivity device",,,,,,,,,,,,,,,,,,,,,
NSEA,FYK_CAT_>0_0_0,,,FYK_CAT_>0_0_0,"DNK, ENG, NLD, SWE",FYK_CAT,"Fyke nets, Catadromous species, see the code reg. mesh size and selectivity device",,,,,,,,,,,,,,,,,,,,,
NSEA,FYK_CRU_>0_0_0,,,,,FYK_CRU,"Fyke nets, Crustaceans, see the code reg. mesh size and selectivity device",,20220909,,,,,,,,,,,,,,,,,,,
NSEA,FYK_DEF_>0_0_0,,,FYK_DEF_>0_0_0,ENG ,FYK_DEF,"Fyke nets, Demersal species, see the code reg. mesh size and selectivity device",,,,,,,,,,,,,,,,,,,,,
NSEA,GES_CAT_0_0_0,,,,,GES_CAT,"Glass eel Fishing, Catadromous species, see the code reg. mesh size and selectivity device",,,,,,,,,,,,,,,,,,,,,
NSEA,GNC_DEF_>0_0_0,,,,,GNC_DEF,"Encircling gillnets, Demersal species, see the code reg. mesh size and selectivity device",,,,,,,,,,,,,,,,,,,,,
NSEA,GND_DEF_>=220_0_0,,,GND_DEF_>=220_0_0,"ENG, NIR",GND_DEF,"Drift gillnets, Demersal species, see the code reg. mesh size and selectivity device",,,,,,,,,,,,,,,,,,,,,
NSEA,GND_DEF_>0_0_0,,,"GND_DEF_0_0_0, GND_DEF_<10_0_0","ENG, FRA",GND_DEF,"Drift gillnets, Demersal species, see the code reg. mesh size and selectivity device",,,,,,,,,,,,,,,,,,,,,
NSEA,GND_DEF_100-119_0_0,,,"GND_DEF_100-119_0_0, GND_DEF_>=100_0_0","DNK, ENG, FRA, NLD",GND_DEF,"Drift gillnets, Demersal species, see the code reg. mesh size and selectivity device",,,,,,,,,,,,,,,,,,,,,
NSEA,GND_DEF_10-30_0_0,,,GND_DEF_10-30_0_0,"ENG, NIR, NLD",GND_DEF,"Drift gillnets, Demersal species, see the code reg. mesh size and selectivity device",,,,,,,,,,,,,,,,,,,,,
NSEA,GND_DEF_120-219_0_0,,,GND_DEF_120-219_0_0,"DNK, ENG, FRA, NIR, NLD, WLS",GND_DEF,"Drift gillnets, Demersal species, see the code reg. mesh size and selectivity device",,,,,,,,,,,,,,,,,,,,,
NSEA,GND_DEF_31-49_0_0,,,GND_DEF_31-49_0_0,ENG,GND_DEF,"Drift gillnets, Demersal species, see the code reg. mesh size and selectivity device",,,,,,,,,,,,,,,,,,,,,
NSEA,GND_DEF_50-70_0_0,,,GND_DEF_50-70_0_0,ENG,GND_DEF,"Drift gillnets, Demersal species, see the code reg. mesh size and selectivity device",,,,,,,,,,,,,,,,,,,,,
NSEA,GND_DEF_71-89_0_0,,,"GND_DEF_71-89_0_0, GND_DEF_80-99_0_0","ENG, FRA",GND_DEF,"Drift gillnets, Demersal species, see the code reg. mesh size and selectivity device",,,,,,,,,,,,,,,,,,,,,
NSEA,GND_DEF_90-99_0_0,,,GND_DEF_90-99_0_0,"ENG, FRA, NIR",GND_DEF,"Drift gillnets, Demersal species, see the code reg. mesh size and selectivity device",,,,,,,,,,,,,,,,,,,,,
NSEA,GND_SPF_>=220_0_0,,,GND_SPF_>=220_0_0,ENG,GND_SPF,"Drift gillnets, Small pelagic fish, see the code reg. mesh size and selectivity device",,,,,,,,,,,,,,,,,,,,,
NSEA,GND_SPF_>0_0_0,,,GND_SPF_0_0_0,FRA,GND_SPF,"Drift gillnets, Small pelagic fish, see the code reg. mesh size and selectivity device",,,,,,,,,,,,,,,,,,,,,
NSEA,GND_SPF_100-119_0_0,,,"GND_SPF_100-119_0_0, GND_SPF_>=100_0_0",ENG,GND_SPF,"Drift gillnets, Small pelagic fish, see the code reg. mesh size and selectivity device",,,,,,,,,,,,,,,,,,,,,
NSEA,GND_SPF_10-30_0_0,,,GND_SPF_10-30_0_0,"ENG, FRA ",GND_SPF,"Drift gillnets, Small pelagic fish, see the code reg. mesh size and selectivity device",,,,,,,,,,,,,,,,,,,,,
NSEA,GND_SPF_120-219_0_0,,,GND_SPF_120-219_0_0,"ENG, FRA",GND_SPF,"Drift gillnets, Small pelagic fish, see the code reg. mesh size and selectivity device",,,,,,,,,,,,,,,,,,,,,
NSEA,GND_SPF_31-49_0_0,,,GND_SPF_31-49_0_0,ENG,GND_SPF,"Drift gillnets, Small pelagic fish, see the code reg. mesh size and selectivity device",,,,,,,,,,,,,,,,,,,,,
NSEA,GND_SPF_50-70_0_0,,,GND_SPF_50-70_0_0,"DNK, ENG, FRA",GND_SPF,"Drift gillnets, Small pelagic fish, see the code reg. mesh size and selectivity device",,,,,,,,,,,,,,,,,,,,,
NSEA,GND_SPF_71-89_0_0,,,GND_SPF_71-89_0_0,ENG,GND_SPF,"Drift gillnets, Small pelagic fish, see the code reg. mesh size and selectivity device",,,,,,,,,,,,,,,,,,,,,
NSEA,GND_SPF_90-99_0_0,,,GND_SPF_90-99_0_0,"ENG, FRA",GND_SPF,"Drift gillnets, Small pelagic fish, see the code reg. mesh size and selectivity device",,,,,,,,,,,,,,,,,,,,,
NSEA,GNS_CRU_>=220_0_0,,,GNS_CRU_>=220_0_0,"DEU, ENG, SWE",GNS_CRU,"Set gillnets, Crustaceans, see the code reg. mesh size and selectivity device",,,,,,,,,,,,,,,,,,,,,
NSEA,GNS_CRU_>0_0_0,,,"GNS_CRU_>0_0_0, GNS_CRU_0_0_0, GNS_CRU_<10_0_0","DEU, DNK, ENG, SCT, SWE, WLS",GNS_CRU,"Set gillnets, Crustaceans, see the code reg. mesh size and selectivity device",,,,,,,,,,,,,,,,,,,,,
NSEA,GNS_CRU_100-119_0_0,,,GNS_CRU_100-119_0_0,"DEU, ENG, FRA, SWE",GNS_CRU,"Set gillnets, Crustaceans, see the code reg. mesh size and selectivity device",,,,,,,,,,,,,,,,,,,,,
NSEA,GNS_CRU_10-30_0_0,,,GNS_CRU_10-30_0_0,ENG,GNS_CRU,"Set gillnets, Crustaceans, see the code reg. mesh size and selectivity device",,,,,,,,,,,,,,,,,,,,,
NSEA,GNS_CRU_120-219_0_0,,,GNS_CRU_120-219_0_0,"ENG, FRA, SCT, SWE",GNS_CRU,"Set gillnets, Crustaceans, see the code reg. mesh size and selectivity device",,,,,,,,,,,,,,,,,,,,,
NSEA,GNS_CRU_31-49_0_0,,,GNS_CRU_31-49_0_0,ENG,GNS_CRU,"Set gillnets, Crustaceans, see the code reg. mesh size and selectivity device",,,,,,,,,,,,,,,,,,,,,
NSEA,GNS_CRU_50-70_0_0,,,GNS_CRU_50-70_0_0,"ENG, FRA",GNS_CRU,"Set gillnets, Crustaceans, see the code reg. mesh size and selectivity device",,,,,,,,,,,,,,,,,,,,,
NSEA,GNS_CRU_71-89_0_0,,,GNS_CRU_71-89_0_0,"DEU, ENG, FRA",GNS_CRU,"Set gillnets, Crustaceans, see the code reg. mesh size and selectivity device",,,,,,,,,,,,,,,,,,,,,
NSEA,GNS_CRU_90-99_0_0,,,"GNS_CRU_80-99_0_0, GNS_CRU_90-99_0_0","ENG, SWE",GNS_CRU,"Set gillnets, Crustaceans, see the code reg. mesh size and selectivity device",,,,,,,,,,,,,,,,,,,,,
NSEA,GNS_DEF_>=220_0_0,,,GNS_DEF_>=220_0_0,"BEL, DEU, DNK, ENG, FRA, NLD, SCT, SWE, WLS",GNS_DEF,"Set gillnets, Demersal species, see the code reg. mesh size and selectivity device",,,,,,,,,,,,,,,,,,,,,
NSEA,GNS_DEF_>0_0_0,,,"GNS_DEF_<10_0_0, GNS_DEF_0_0_0","DEU, ENG, SCT, FRA, NLD",GNS_DEF,"Set gillnets, Demersal species, see the code reg. mesh size and selectivity device",,,,,,,,,,,,,,,,,,,,,
NSEA,GNS_DEF_100-119_0_0,,,"GNS_DEF_100-119_0_0, GNS_DEF_110-156_0_0, GNS_DEF_>=100_0_0","BEL, CHA, DEU, DNK, ENG, FRA, NLD, SCT, SWE, WLS",GNS_DEF,"Set gillnets, Demersal species, see the code reg. mesh size and selectivity device",,,,,,,,,,,,,,,,,,,,,
NSEA,GNS_DEF_10-30_0_0,,,GNS_DEF_10-30_0_0,"ENG, NLD",GNS_DEF,"Set gillnets, Demersal species, see the code reg. mesh size and selectivity device",,,,,,,,,,,,,,,,,,,,,
NSEA,GNS_DEF_120-219_0_0,,,GNS_DEF_120-219_0_0,"BEL, CHA, DEU, DNK, ENG, FRA, NIR, NLD, SCT, SWE, WLS",GNS_DEF,"Set gillnets, Demersal species, see the code reg. mesh size and selectivity device",,,,,,,,,,,,,,,,,,,,,
NSEA,GNS_DEF_31-49_0_0,,,GNS_DEF_31-49_0_0,ENG,GNS_DEF,"Set gillnets, Demersal species, see the code reg. mesh size and selectivity device",,,,,,,,,,,,,,,,,,,,,
NSEA,GNS_DEF_50-70_0_0,,,GNS_DEF_50-70_0_0,"ENG, FRA, NLD, SWE",GNS_DEF,"Set gillnets, Demersal species, see the code reg. mesh size and selectivity device",,,,,,,,,,,,,,,,,,,,,
NSEA,GNS_DEF_71-89_0_0,,,"GNS_DEF_71-89_0_0, GNS_DEF_80-99_0_0","ENG, FRA, SCT, WLS",GNS_DEF,"Set gillnets, Demersal species, see the code reg. mesh size and selectivity device",,,,,,,,,,,,,,,,,,,,,
NSEA,GNS_DEF_90-99_0_0,,,GNS_DEF_90-99_0_0,"BEL, DEU, DNK, ENG, FRA, NLD, SCT, SWE",GNS_DEF,"Set gillnets, Demersal species, see the code reg. mesh size and selectivity device",,,,,,,,,,,,,,,,,,,,,
NSEA,GNS_SPF_>=220_0_0,,,GNS_SPF_>=220_0_0,"DNK, ENG, FRA",GNS_SPF,"Set gillnet, Small pelagic fish, see the code reg. mesh size and selectivity device",,,,,,,,,,,,,,,,,,,,,
NSEA,GNS_SPF_>0_0_0,,,GNS_SPF_0_0_0,FRA,GNS_SPF,"Set gillnets, Small pelagic fish, see the code reg. mesh size and selectivity device",,,,,,,,,,,,,,,,,,,,,
NSEA,GNS_SPF_100-119_0_0,,,GNS_SPF_100-119_0_0,"DEU, DNK, ENG, FRA, WLS",GNS_SPF,"Set gillnets, Small pelagic fish, see the code reg. mesh size and selectivity device",,,,,,,,,,,,,,,,,,,,,
NSEA,GNS_SPF_10-30_0_0,,,GNS_SPF_10-30_0_0,"DNK, ENG, SWE",GNS_SPF,"Set gillnets, Small pelagic fish, see the code reg. mesh size and selectivity device",,,,,,,,,,,,,,,,,,,,,
NSEA,GNS_SPF_120-219_0_0,,,GNS_SPF_120-219_0_0,"DEU, DNK, ENG, FRA, SCT, SWE",GNS_SPF,"Set gillnets, Small pelagic fish, see the code reg. mesh size and selectivity device",,,,,,,,,,,,,,,,,,,,,
NSEA,GNS_SPF_31-49_0_0,,,,,GNS_SPF,"Set gillnets, Small pelagic fish, see the code reg. mesh size and selectivity device",,,,,,,,,,,,,,,,,,,,,
NSEA,GNS_SPF_50-70_0_0,,,GNS_SPF_50-70_0_0,"DNK, ENG, FRA, SWE",GNS_SPF,"Set gillnets, Small pelagic fish, see the code reg. mesh size and selectivity device",,,,,,,,,,,,,,,,,,,,,
NSEA,GNS_SPF_71-89_0_0,,,GNS_SPF_71-89_0_0,ENG,GNS_SPF,"Set gillnets, Small pelagic fish, see the code reg. mesh size and selectivity device",,,,,,,,,,,,,,,,,,,,,
NSEA,GNS_SPF_90-99_0_0,,,"GNS_SPF_80-99_0_0, GNS_SPF_90-99_0_0","DNK, ENG, FRA",GNS_SPF,"Set gillnets, Small pelagic fish, see the code reg. mesh size and selectivity device",,,,,,,,,,,,,,,,,,,,,
NSEA,GTR_CEP_>=220_0_0,,,,,GTR_CEP,"Trammel nets, Cephalopods, see the code reg. mesh size and selectivity device",,,,,,,,,,,,,,,,,,,,,
NSEA,GTR_CEP_>0_0_0,,,,,GTR_CEP,"Trammel nets, Cephalopods, see the code reg. mesh size and selectivity device",,,,,,,,,,,,,,,,,,,,,
NSEA,GTR_CEP_100-119_0_0,,,,,GTR_CEP,"Trammel nets, Cephalopods, see the code reg. mesh size and selectivity device",,,,,,,,,,,,,,,,,,,,,
NSEA,GTR_CEP_10-30_0_0,,,,,GTR_CEP,"Trammel nets, Cephalopods, see the code reg. mesh size and selectivity device",,,,,,,,,,,,,,,,,,,,,
NSEA,GTR_CEP_120-219_0_0,,,,,GTR_CEP,"Trammel nets, Cephalopods, see the code reg. mesh size and selectivity device",,,,,,,,,,,,,,,,,,,,,
NSEA,GTR_CEP_31-49_0_0,,,,,GTR_CEP,"Trammel nets, Cephalopods, see the code reg. mesh size and selectivity device",,,,,,,,,,,,,,,,,,,,,
NSEA,GTR_CEP_50-70_0_0,,,,,GTR_CEP,"Trammel nets, Cephalopods, see the code reg. mesh size and selectivity device",,,,,,,,,,,,,,,,,,,,,
NSEA,GTR_CEP_71-89_0_0,,,,,GTR_CEP,"Trammel nets, Cephalopods, see the code reg. mesh size and selectivity device",,,,,,,,,,,,,,,,,,,,,
NSEA,GTR_CEP_90-99_0_0,,,,,GTR_CEP,"Trammel nets, Cephalopods, see the code reg. mesh size and selectivity device",,,,,,,,,,,,,,,,,,,,,
NSEA,GTR_CRU_>=220_0_0,,,,,GTR_CRU,"Trammel nets, Crustaceans, see the code reg. mesh size and selectivity device",,,,,,,,,,,,,,,,,,,,,
NSEA,GTR_CRU_>0_0_0,,,,,GTR_CRU,"Trammel nets, Crustaceans, see the code reg. mesh size and selectivity device",,,,,,,,,,,,,,,,,,,,,
NSEA,GTR_CRU_100-119_0_0,,,,,GTR_CRU,"Trammel nets, Crustaceans, see the code reg. mesh size and selectivity device",,,,,,,,,,,,,,,,,,,,,
NSEA,GTR_CRU_10-30_0_0,,,,,GTR_CRU,"Trammel nets, Crustaceans, see the code reg. mesh size and selectivity device",,,,,,,,,,,,,,,,,,,,,
NSEA,GTR_CRU_120-219_0_0,,,,,GTR_CRU,"Trammel nets, Crustaceans, see the code reg. mesh size and selectivity device",,,,,,,,,,,,,,,,,,,,,
NSEA,GTR_CRU_31-49_0_0,,,,,GTR_CRU,"Trammel nets, Crustaceans, see the code reg. mesh size and selectivity device",,,,,,,,,,,,,,,,,,,,,
NSEA,GTR_CRU_50-70_0_0,,,,,GTR_CRU,"Trammel nets, Crustaceans, see the code reg. mesh size and selectivity device",,,,,,,,,,,,,,,,,,,,,
NSEA,GTR_CRU_71-89_0_0,,,,,GTR_CRU,"Trammel nets, Crustaceans, see the code reg. mesh size and selectivity device",,,,,,,,,,,,,,,,,,,,,
NSEA,GTR_CRU_90-99_0_0,,,,,GTR_CRU,"Trammel nets, Crustaceans, see the code reg. mesh size and selectivity device",,,,,,,,,,,,,,,,,,,,,
NSEA,GTR_DEF_>=220_0_0,,,GTR_DEF_>=220_0_0,"ENG, FRA, NLD, SWE",GTR_DEF,"Trammel nets, Demersal species, see the code reg. mesh size and selectivity device",,,,,,,,,,,,,,,,,,,,,
NSEA,GTR_DEF_>0_0_0,,,"GTR_DEF_<10_0_0, GTR_DEF_0_0_0","BEL, ENG, FRA",GTR_DEF,"Trammel nets, Demersal species, see the code reg. mesh size and selectivity device",,,,,,,,,,,,,,,,,,,,,
NSEA,GTR_DEF_100-119_0_0,,,"GTR_DEF_100-119_0_0, GTR_DEF_>=100_0_0","DEU, ENG, FRA, NLD, SWE",GTR_DEF,"Trammel nets, Demersal species, see the code reg. mesh size and selectivity device",,,,,,,,,,,,,,,,,,,,,
NSEA,GTR_DEF_10-30_0_0,,,GTR_DEF_10-30_0_0,"ENG, NLD",GTR_DEF,"Trammel nets, Demersal species, see the code reg. mesh size and selectivity device",,,,,,,,,,,,,,,,,,,,,
NSEA,GTR_DEF_120-219_0_0,,,"GTR_DEF_120-219_0_0, GTR_DEF_>=157_0_0","ENG, FRA, NLD, SWE",GTR_DEF,"Trammel nets, Demersal species, see the code reg. mesh size and selectivity device",,,,,,,,,,,,,,,,,,,,,
NSEA,GTR_DEF_31-49_0_0,,,GTR_DEF_31-49_0_0,ENG,GTR_DEF,"Trammel nets, Demersal species, see the code reg. mesh size and selectivity device",,,,,,,,,,,,,,,,,,,,,
NSEA,GTR_DEF_50-70_0_0,,,GTR_DEF_50-70_0_0,"ENG, FRA, SWE",GTR_DEF,"Trammel nets, Demersal species, see the code reg. mesh size and selectivity device",,,,,,,,,,,,,,,,,,,,,
NSEA,GTR_DEF_71-89_0_0,,,"GTR_DEF_71-89_0_0, GTR_DEF_80-99_0_0","ENG, FRA",GTR_DEF,"Trammel nets, Demersal species, see the code reg. mesh size and selectivity device",,,,,,,,,,,,,,,,,,,,,
NSEA,GTR_DEF_90-99_0_0,,,GTR_DEF_90-99_0_0,"BEL, ENG, FRA, NLD, SWE, WLS",GTR_DEF,"Trammel nets, Demersal species, see the code reg. mesh size and selectivity device",,,,,,,,,,,,,,,,,,,,,
NSEA,HMD_MOL_>0_0_0,,,"HMD_MOL_>=0_0_0, HMD_MOL_>0_0_0","ENG, NLD, SCT",HMD_MOL,"Mechanized dredges, Molluscs, see the code reg. mesh size and selectivity device",DRB_MOL,,,,,,,,,,,,,,,,,,,,
NSEA,HMP_MOL_0_0,,,,,HMP_MOL,"Harvesting pump, see the code reg. Mesh size and selectivity device",,20250423,Request from Norway,,,,,,,,,,,,,,,,,,
NSEA,LA_SPF_>0_0_0,,,,,LA_SPF,"Lampara nets, Small pelagic fish, see the code reg. mesh size and selectivity device",,,,,,,,,,,,,,,,,,,,,
NSEA,LH_CEP_0_0_0,,,,,LH_CEP,"Hand and pole lines (not specified), Cephalopods, see the code reg. mesh size and selectivity device",,,,,,,,,,,,,,,,,,,,,
NSEA,LH_DEF_0_0_0,,,,,LH_DEF,"Hand and pole lines (not specified), Demersal species, see the code reg. mesh size and selectivity device",,,,,,,,,,,,,,,,,,,,,
NSEA,LH_FIF_0_0_0,,,,,LH_FIF,"Hand and pole lines (not specified), Finfish, see the code reg. mesh size and selectivity device",,,,,,,,,,,,,,,,,,,,,
NSEA,LH_SPF_0_0_0,,,,,LH_SPF,"Hand and pole lines (not specified), Small pelagic fish, see the code reg. mesh size and selectivity device",,,,,,,,,,,,,,,,,,,,,
NSEA,LHM_CEP_0_0_0,,,,,LHM_CEP,"Hand and pole lines (mechanized), Cephalopods, see the code reg. mesh size and selectivity device",,,,,,,,,,,,,,,,,,,,,
NSEA,LHM_DEF_0_0_0,,,,,LHM_DEF,"Hand and pole lines (mechanized), Demersal species, see the code reg. mesh size and selectivity device",,,,,,,,,,,,,,,,,,,,,
NSEA,LHM_FIF_0_0_0,,,LHM_FIF_0_0_0,NLD,LHM_FIF,"Hand and pole lines (mechanized), Finfish, see the code reg. mesh size and selectivity device",,,,,,,,,,,,,,,,,,,,,
NSEA,LHM_SPF_0_0_0,,,,,LHM_SPF,"Hand and pole lines (mechanized), Small pelagic fish, see the code reg. mesh size and selectivity device",,,,,,,,,,,,,,,,,,,,,
NSEA,LHP_CEP_0_0_0,,,LHP_CEP_0_0_0,SCT,LHP_CEP,"Hand and pole lines (hand-operated), Cephalopods, see the code reg. mesh size and selectivity device",,,,,,,,,,,,,,,,,,,,,
NSEA,LHP_DEF_0_0_0,,,LHP_DEF_0_0_0,BEL,LHP_DEF,"Hand and pole lines (hand-operated), Demersal species, see the code reg. mesh size and selectivity device",,,,,,,,,,,,,,,,,,,,,
NSEA,LHP_FIF_0_0_0,,,LHP_FIF_0_0_0,"DEU, DNK, ENG, FRA, NIR, NLD, SCT, SWE",LHP_FIF,"Hand and pole lines (hand-operated), Finfish, see the code reg. mesh size and selectivity device",,,,,,,,,,,,,,,,,,,,,
NSEA,LHP_SPF_0_0_0,,,LHP_SPF_0_0_0,DEU,LHP_SPF,"Hand and pole lines (hand-operated), Small pelagic fish, see the code reg. mesh size and selectivity device",,,,,,,,,,,,,,,,,,,,,
NSEA,LLD_DEF_0_0_0,,,,,LLD_DEF,"Drifting long lines, Demersal species, see the code reg. mesh size and selectivity device",,,,,,,,,,,,,,,,,,,,,
NSEA,LLD_FIF_0_0_0,,,,,LLD_FIF,"Drifting long lines, Finfish, see the code reg. mesh size and selectivity device",,,,,,,,,,,,,,,,,,,,,
NSEA,LLD_LPF_0_0_0,,,LLD_LPF_0_0_0,PRT,LLD_LPF,"Drifting long lines, Large pelagic fish, see the code reg. mesh size and selectivity device",,,,,,,,,,,,,,,,,,,,,
NSEA,LLS_DEF_0_0_0,,,LLS_DEF_0_0_0,"DNK, ENG, FRA, NLD, SCT, SWE, WLS",LLS_DEF,"Set longlines, Demersal species, see the code reg. mesh size and selectivity device",,,,,,,,,,,,,,,,,,,,,
NSEA,LLS_DWS_0_0_0,,,LLS_DWS_0_0_0,ENG,LLS_DWS,"Set longlines, Deep-water species, see the code reg. mesh size and selectivity device",,,,,,,,,,,,,,,,,,,,,
NSEA,LLS_FIF_0_0_0,,,,,LLS_FIF,"Set longlines, Finfish, see the code reg. mesh size and selectivity device",,,,,,,,,,,,,,,,,,,,,
NSEA,LTL_DEF_0_0_0,,,,,LTL_DEF,"Trolling lines, Demersal species, see the code reg. mesh size and selectivity device",,,,,,,,,,,,,,,,,,,,,
NSEA,LTL_LPF_0_0_0,,,,,LTL_LPF,"Trolling lines, Large pelagic fish, see the code reg. mesh size and selectivity device",,,,,,,,,,,,,,,,,,,,,
NSEA,LTL_SPF_0_0_0,,,LTL_LPF_0_0_0,"FRA, SCT",LTL_SPF,"Trolling lines, Small pelagic fish, see the code reg. mesh size and selectivity device",,,,,,,,,,,,,,,,,,,,,
NSEA,MIS_CAT_0_0_0,,,"MIS_FIF_0_0_0, MIS_MIS_0_0_0, No_logbook6, No_Matrix6","DEU, DNK, ENG, FRA, IRL, NIR, NLD, SCT, SWE, WLS",MIS_CAT,"Miscellanous gear, Catadromous species, see the code reg. mesh size and selectivity device",,,,,,,,,,,,,,,,,,,,,
NSEA,MIS_CEP_0_0_0,,,,,MIS_CEP,"Miscellanous gear, Cephalopods, see the code reg. mesh size and selectivity device",,,,,,,,,,,,,,,,,,,,,
NSEA,MIS_CRU_0_0_0,,,MIS_CRU_0_0_0,,MIS_CRU,"Miscellanous gear, Crustaceans, see the code reg. mesh size and selectivity device",,,,,,,,,,,,,,,,,,,,,
NSEA,MIS_DEF_0_0_0,,,,,MIS_DEF,"Miscellanous gear, Demersal species, see the code reg. mesh size and selectivity device",,,,,,,,,,,,,,,,,,,,,
NSEA,MIS_DWS_0_0_0,,,,,MIS_DWS,"Miscellanous gear, Deep-water species, see the code reg. mesh size and selectivity device",,,,,,,,,,,,,,,,,,,,,
NSEA,MIS_LPF_0_0_0,,,,,MIS_LPF,"Miscellanous gear, Large pelagic fish, see the code reg. mesh size and selectivity device",,,,,,,,,,,,,,,,,,,,,
NSEA,MIS_MCD_0_0_0,,,,,MIS_MCD,"Miscellanous gear, Mixed crustaceans and demersal  species, see the code reg. mesh size and selectivity device",,,,,,,,,,,,,,,,,,,,,
NSEA,MIS_MIS_0_0_0,,,,,MIS_MIS,"Miscellanous gear, Miscellaneous species, see the code reg. mesh size and selectivity device",,,,,,,,,,,,,,,,,,,,,
NSEA,MIS_MOL_0_0_0,,,MIS_MOL_0_0_0,,MIS_MOL,"Miscellanous gear, Molluscs, see the code reg. mesh size and selectivity device",,,,,,,,,,,,,,,,,,,,,
NSEA,MIS_SPF_0_0_0,,,,,MIS_SPF,"Miscellanous gear, Small pelagic fish, see the code reg. mesh size and selectivity device",,,,,,,,,,,,,,,,,,,,,
NSEA,OTB_CEP_<16_0_0,,,,,OTB_CEP,"Bottom otter trawl, Cephalopods, see the code reg. mesh size and selectivity device",OT_MIX,,,,,,,,,,,,,,,,,,,,
NSEA,OTB_CEP_>=120_0_0,,,,,OTB_CEP,"Bottom otter trawl, Cephalopods, see the code reg. mesh size and selectivity device",OT_MIX,,,,,,,,,,,,,,,,,,,,
NSEA,OTB_CEP_>0_0_0,,,,,OTB_CEP,"Bottom otter trawl, Cephalopods, see the code reg. mesh size and selectivity device",OT_MIX,,,,,,,,,,,,,,,,,,,,
NSEA,OTB_CEP_100-119_0_0,,,,,OTB_CEP,"Bottom otter trawl, Cephalopods, see the code reg. mesh size and selectivity device",OT_MIX,,,,,,,,,,,,,,,,,,,,
NSEA,OTB_CEP_16-31_0_0,,,,,OTB_CEP,"Bottom otter trawl, Cephalopods, see the code reg. mesh size and selectivity device",OT_MIX,,,,,,,,,,,,,,,,,,,,
NSEA,OTB_CEP_32-69_0_0,,,,,OTB_CEP,"Bottom otter trawl, Cephalopods, see the code reg. mesh size and selectivity device",OT_MIX,,,,,,,,,,,,,,,,,,,,
NSEA,OTB_CEP_70-89_0_0,,,,,OTB_CEP,"Bottom otter trawl, Cephalopods, see the code reg. mesh size and selectivity device",OT_MIX,,,,,,,,,,,,,,,,,,,,
NSEA,OTB_CEP_90-99_0_0,,,,,OTB_CEP,"Bottom otter trawl, Cephalopods, see the code reg. mesh size and selectivity device",OT_MIX,,,,,,,,,,,,,,,,,,,,
NSEA,OTB_CEP_90-99_2_35,,,,,OTB_CEP,"Bottom otter trawl, Cephalopods, see the code reg. mesh size and selectivity device",OT_MIX,,,,,,,,,,,,,,,,,,,,
NSEA,OTB_CEP_90-99_4_35,,,,,OTB_CEP,"Bottom otter trawl, Cephalopods, see the code reg. mesh size and selectivity device",OT_MIX,,,,,,,,,,,,,,,,,,,,
NSEA,OTB_CRU_<16_0_0,,,OTB_CRU_<16_0_0,"ENG, NIR, SCT",OTB_CRU,"Bottom otter trawl, Crustaceans, see the code reg. mesh size and selectivity device",OT_CRU,,,,,,,,,,,,,,,,,,,,
NSEA,OTB_CRU_>=120_0_0,,,"OTB_CRU_>=120_0_0, OTB_CRU_>=120_1_120","DEU, DNK, ENG, SCT, SWE",OTB_CRU,"Bottom otter trawl, Crustaceans, see the code reg. mesh size and selectivity device",OT_CRU,,,,,,,,,,,,,,,,,,,,
NSEA,OTB_CRU_>0_0_0,,,OTB_CRU_0_0_0,FRA,OTB_CRU,"Bottom otter trawl, Crustaceans, see the code reg. mesh size and selectivity device",OT_CRU,,,,,,,,,,,,,,,,,,,,
NSEA,OTB_CRU_100-119_0_0,,,OTB_CRU_100-119_0_0,"DEU, DNK, ENG, NIR, SCT",OTB_CRU,"Bottom otter trawl, Crustaceans, see the code reg. mesh size and selectivity device",OT_CRU,,,,,,,,,,,,,,,,,,,,
NSEA,OTB_CRU_100-119_1_120,,,,,OTB_CRU,"Bottom otter trawl, Crustaceans, see the code reg. mesh size and selectivity device",OT_CRU,,,,,,,,,,,,,,,,,,,,
NSEA,OTB_CRU_100-119_1_140,,,,,OTB_CRU,"Bottom otter trawl, Crustaceans, see the code reg. mesh size and selectivity device",OT_CRU,,,,,,,,,,,,,,,,,,,,
NSEA,OTB_CRU_100-119_1_180,,,,,OTB_CRU,"Bottom otter trawl, Crustaceans, see the code reg. mesh size and selectivity device",OT_CRU,,,,,,,,,,,,,,,,,,,,
NSEA,OTB_CRU_100-119_1_270,,,,,OTB_CRU,"Bottom otter trawl, Crustaceans, see the code reg. mesh size and selectivity device",OT_CRU,,,,,,,,,,,,,,,,,,,,
NSEA,OTB_CRU_100-119_1_300,,,,,OTB_CRU,"Bottom otter trawl, Crustaceans, see the code reg. mesh size and selectivity device",OT_CRU,,,,,,,,,,,,,,,,,,,,
NSEA,OTB_CRU_100-119_2_35,,,,,OTB_CRU,"Bottom otter trawl, Crustaceans, see the code reg. mesh size and selectivity device",OT_CRU,,,,,,,,,,,,,,,,,,,,
NSEA,OTB_CRU_100-119_4_35,,,,,OTB_CRU,"Bottom otter trawl, Crustaceans, see the code reg. mesh size and selectivity device",OT_CRU,,,,,,,,,,,,,,,,,,,,
NSEA,OTB_CRU_16-31_0_0,,,OTB_CRU_16-31_0_0,"BEL, DEU, DNK, ENG, FRA, NLD, SCT",OTB_CRU,"Bottom otter trawl, Crustaceans, see the code reg. mesh size and selectivity device",OT_CRU,,,,,,,,,,,,,,,,,,,,
NSEA,OTB_CRU_32-69_0_0,,,"OTB_CRU_32-69_0_0, OTB_CRU_40-59_0_0","DNK, ENG, EST, FRA, LTU, SCT, SWE",OTB_CRU,"Bottom otter trawl, Crustaceans, see the code reg. mesh size and selectivity device",OT_CRU,,,,,,,,,,,,,,,,,,,,
NSEA,OTB_CRU_32-69_2_22,,,OTB_CRU_32-69_2_22,"EST, SWE",OTB_CRU,"Bottom otter trawl, Crustaceans, see the code reg. mesh size and selectivity device",OT_CRU,,,,,,,,,,,,,,,,,,,,
NSEA,OTB_CRU_32-69_4_22,,,,,OTB_CRU,"Bottom otter trawl, Crustaceans, see the code reg. mesh size and selectivity device",OT_CRU,,,,,,,,,,,,,,,,,,,,
NSEA,OTB_CRU_70-89_0_0,,,"OTB_CRU_70-89_0_0, OTB_CRU_70-99_0_0","DEU, DNK, ENG, FRA, NIR, SCT, WLS",OTB_CRU,"Bottom otter trawl, Crustaceans, see the code reg. mesh size and selectivity device",OT_CRU,,,,,,,,,,,,,,,,,,,,
NSEA,OTB_CRU_70-89_2_35,,,OTB_CRU_70-89_2_35,"DEU, DNK, SWE",OTB_CRU,"Bottom otter trawl, Crustaceans, see the code reg. mesh size and selectivity device",OT_CRU,,,,,,,,,,,,,,,,,,,,
NSEA,OTB_CRU_90-99_0_0,,,OTB_CRU_90-119_0_0,"DEU, DNK, SWE",OTB_CRU,"Bottom otter trawl, Crustaceans, see the code reg. mesh size and selectivity device",OT_CRU,,,,,,,,,,,,,,,,,,,,
NSEA,OTB_CRU_90-99_1_120,,,OTB_CRU_90-119_1_120,SWE,OTB_CRU,"Bottom otter trawl, Crustaceans, see the code reg. mesh size and selectivity device",OT_CRU,,,,,,,,,,,,,,,,,,,,
NSEA,OTB_CRU_90-99_1_140,,,OTB_CRU_90-119_1_140,SWE,OTB_CRU,"Bottom otter trawl, Crustaceans, see the code reg. mesh size and selectivity device",OT_CRU,,,,,,,,,,,,,,,,,,,,
NSEA,OTB_CRU_90-99_1_180,,,,,OTB_CRU,"Bottom otter trawl, Crustaceans, see the code reg. mesh size and selectivity device",OT_CRU,,,,,,,,,,,,,,,,,,,,
NSEA,OTB_CRU_90-99_1_270,,,,,OTB_CRU,"Bottom otter trawl, Crustaceans, see the code reg. mesh size and selectivity device",OT_CRU,,,,,,,,,,,,,,,,,,,,
NSEA,OTB_CRU_90-99_1_300,,,OTB_CRU_90-119_1_300,SWE,OTB_CRU,"Bottom otter trawl, Crustaceans, see the code reg. mesh size and selectivity device",OT_CRU,,,,,,,,,,,,,,,,,,,,
NSEA,OTB_CRU_90-99_2_35,,,,,OTB_CRU,"Bottom otter trawl, Crustaceans, see the code reg. mesh size and selectivity device",OT_CRU,,,,,,,,,,,,,,,,,,,,
NSEA,OTB_CRU_90-99_4_35,,,,,OTB_CRU,"Bottom otter trawl, Crustaceans, see the code reg. mesh size and selectivity device",OT_CRU,,,,,,,,,,,,,,,,,,,,
NSEA,OTB_DEF_<16_0_0,,,OTB_DEF_<16_0_0,"DEU, DNK, ENG, FRA, LTU, NLD, SCT, SWE",OTB_DEF,"Bottom otter trawl, Demersal species, see the code reg. mesh size and selectivity device",OT_DMF,,,,,,,,,,,,,,,,,,,,
NSEA,OTB_DEF_>=120_0_0,,,"OTB_DEF_>=120_0_0, OTB_DEF_>=120_1_120, OTB_DEF_>=130_0_0","BEL, DEU, DNK, ENG, ESP, EST, FRA, IRL, LVA, NLD, POL, PRT, SCT, SWE",OTB_DEF,"Bottom otter trawl, Demersal species, see the code reg. mesh size and selectivity device",OT_DMF,,,,,,,,,,,,,,,,,,,,
NSEA,OTB_DEF_>=120_1_120,,,,,OTB_DEF,"Bottom otter trawl, Demersal species, see the code reg. mesh size and selectivity device",OT_DMF,,,,,,,,,,,,,,,,,,,,
NSEA,OTB_DEF_>0_0_0,,,OTB_DEF_0_0_0,"DEU, FRA, NLD",OTB_DEF,"Bottom otter trawl, Demersal species, see the code reg. mesh size and selectivity device",OT_DMF,,,,,,,,,,,,,,,,,,,,
NSEA,OTB_DEF_100-119_0_0,,,"OTB_DEF_100-119_0_0, OTB_DEF_100-129_0_0, OTB_DEF_>=105_1_120, OTB_DEF_>=110_0_0","BEL, DEU, DNK, ENG, FRA, IRL, NIR, NLD, POL, PRT, SCT, WLS",OTB_DEF,"Bottom otter trawl, Demersal species, see the code reg. mesh size and selectivity device",OT_DMF,,,,,,,,,,,,,,,,,,,,
NSEA,OTB_DEF_100-119_1_120,,,,,OTB_DEF,"Bottom otter trawl, Demersal species, see the code reg. mesh size and selectivity device",OT_DMF,,,,,,,,,,,,,,,,,,,,
NSEA,OTB_DEF_100-119_1_140,,,,,OTB_DEF,"Bottom otter trawl, Demersal species, see the code reg. mesh size and selectivity device",OT_DMF,,,,,,,,,,,,,,,,,,,,
NSEA,OTB_DEF_100-119_1_180,,,,,OTB_DEF,"Bottom otter trawl, Demersal species, see the code reg. mesh size and selectivity device",OT_DMF,,,,,,,,,,,,,,,,,,,,
NSEA,OTB_DEF_100-119_1_270,,,,,OTB_DEF,"Bottom otter trawl, Demersal species, see the code reg. mesh size and selectivity device",OT_DMF,,,,,,,,,,,,,,,,,,,,
NSEA,OTB_DEF_100-119_1_300,,,,,OTB_DEF,"Bottom otter trawl, Demersal species, see the code reg. mesh size and selectivity device",OT_DMF,,,,,,,,,,,,,,,,,,,,
NSEA,OTB_DEF_100-119_2_35,,,,,OTB_DEF,"Bottom otter trawl, Demersal species, see the code reg. mesh size and selectivity device",OT_DMF,,,,,,,,,,,,,,,,,,,,
NSEA,OTB_DEF_100-119_4_35,,,,,OTB_DEF,"Bottom otter trawl, Demersal species, see the code reg. mesh size and selectivity device",OT_DMF,,,,,,,,,,,,,,,,,,,,
NSEA,OTB_DEF_16-31_0_0,,,OTB_DEF_16-31_0_0,"DNK, ENG, FRA, LTU, NLD, SCT",OTB_DEF,"Bottom otter trawl, Demersal species, see the code reg. mesh size and selectivity device",OT_DMF,,,,,,,,,,,,,,,,,,,,
NSEA,OTB_DEF_32-69_0_0,,,OTB_DEF_32-69_0_0,"DNK, ENG, FRA, NIR, NLD,SCT, SWE",OTB_DEF,"Bottom otter trawl, Demersal species, see the code reg. mesh size and selectivity device",OT_DMF,,,,,,,,,,,,,,,,,,,,
NSEA,OTB_DEF_70-89_0_0,,,"OTB_DEF_70-89_0_0, OTB_DEF_70-99_0_0, OTB_DEF_>=70_0_0","BEL, DEU, DNK, ENG, FRA, IRL, NIR, NLD, SCT, WLS",OTB_DEF,"Bottom otter trawl, Demersal species, see the code reg. mesh size and selectivity device",OT_DMF,,,,,,,,,,,,,,,,,,,,
NSEA,OTB_DEF_90-99_0_0,,,OTB_DEF_90-119_0_0,"DEU, DNK, NLD, SWE",OTB_DEF,"Bottom otter trawl, Demersal species, see the code reg. mesh size and selectivity device",OT_DMF,,,,,,,,,,,,,,,,,,,,
NSEA,OTB_DEF_90-99_1_120,,,OTB_DEF_90-119_1_120,SWE,OTB_DEF,"Bottom otter trawl, Demersal species, see the code reg. mesh size and selectivity device",OT_DMF,,,,,,,,,,,,,,,,,,,,
NSEA,OTB_DEF_90-99_1_140,,,OTB_DEF_90-119_1_140,SWE,OTB_DEF,"Bottom otter trawl, Demersal species, see the code reg. mesh size and selectivity device",OT_DMF,,,,,,,,,,,,,,,,,,,,
NSEA,OTB_DEF_90-99_1_180,,,,,OTB_DEF,"Bottom otter trawl, Demersal species, see the code reg. mesh size and selectivity device",OT_DMF,,,,,,,,,,,,,,,,,,,,
NSEA,OTB_DEF_90-99_1_270,,,,,OTB_DEF,"Bottom otter trawl, Demersal species, see the code reg. mesh size and selectivity device",OT_DMF,,,,,,,,,,,,,,,,,,,,
NSEA,OTB_DEF_90-99_1_300,,,OTB_DEF_90-119_1_300,SWE,OTB_DEF,"Bottom otter trawl, Demersal species, see the code reg. mesh size and selectivity device",OT_DMF,,,,,,,,,,,,,,,,,,,,
NSEA,OTB_DEF_90-99_2_35,,,,,OTB_DEF,"Bottom otter trawl, Demersal species, see the code reg. mesh size and selectivity device",OT_DMF,,,,,,,,,,,,,,,,,,,,
NSEA,OTB_DEF_90-99_4_35,,,,,OTB_DEF,"Bottom otter trawl, Demersal species, see the code reg. mesh size and selectivity device",OT_DMF,,,,,,,,,,,,,,,,,,,,
NSEA,OTB_DWS_>=120_0_0,,,OTB_DWS_>=120_0_0,"FRA, LTU, SCT",OTB_DWS,"Bottom otter trawl, Deep-water species, see the code reg. mesh size and selectivity device",OT_MIX_DMF_BEN,,,,,,,,,,,,,,,,,,,,
NSEA,OTB_DWS_>0_0_0,,,,,OTB_DWS,"Bottom otter trawl, Deep-water species, see the code reg. mesh size and selectivity device",OT_MIX_DMF_BEN,,,,,,,,,,,,,,,,,,,,
NSEA,OTB_DWS_100-119_0_0,,,"OTB_DWS_100-119_0_0, OTB_DWS_100-129_0_0","ENG, ESP, FRA",OTB_DWS,"Bottom otter trawl, Deep-water species, see the code reg. mesh size and selectivity device",OT_MIX_DMF_BEN,,,,,,,,,,,,,,,,,,,,
NSEA,OTB_DWS_100-119_2_35,,,,,OTB_DWS,"Bottom otter trawl, Deep-water species, see the code reg. mesh size and selectivity device",OT_MIX_DMF_BEN,,,,,,,,,,,,,,,,,,,,
NSEA,OTB_DWS_100-119_4_35,,,,,OTB_DWS,"Bottom otter trawl, Deep-water species, see the code reg. mesh size and selectivity device",OT_MIX_DMF_BEN,,,,,,,,,,,,,,,,,,,,
NSEA,OTB_DWS_32-69_0_0,,,,,OTB_DWS,"Bottom otter trawl, Deep-water species, see the code reg. mesh size and selectivity device",OT_MIX_DMF_BEN,,,,,,,,,,,,,,,,,,,,
NSEA,OTB_DWS_70-89_0_0,,,OTB_DWS_70-99_0_0,ENG,OTB_DWS,"Bottom otter trawl, Deep-water species, see the code reg. mesh size and selectivity device",OT_MIX_DMF_BEN,,,,,,,,,,,,,,,,,,,,
NSEA,OTB_DWS_90-99_0_0,,,OTB_DWS_90-119_0_0,DNK ,OTB_DWS,"Bottom otter trawl, Deep-water species, see the code reg. mesh size and selectivity device",OT_MIX_DMF_BEN,,,,,,,,,,,,,,,,,,,,
NSEA,OTB_DWS_90-99_2_35,,,,,OTB_DWS,"Bottom otter trawl, Deep-water species, see the code reg. mesh size and selectivity device",OT_MIX_DMF_BEN,,,,,,,,,,,,,,,,,,,,
NSEA,OTB_DWS_90-99_4_35,,,,,OTB_DWS,"Bottom otter trawl, Deep-water species, see the code reg. mesh size and selectivity device",OT_MIX_DMF_BEN,,,,,,,,,,,,,,,,,,,,
NSEA,OTB_MCD_>=120_0_0,,,OTB_MCD_>=120_0_0,"NLD, SWE",OTB_MCD,"Bottom otter trawl, Mixed crustaceans and demersal  species, see the code reg. mesh size and selectivity device",OT_MIX_CRU_DMF,,,,,,,,,,,,,,,,,,,,
NSEA,OTB_MCD_>0_0_0,,,,,OTB_MCD,"Bottom otter trawl, Mixed crustaceans and demersal  species, see the code reg. mesh size and selectivity device",OT_MIX_CRU_DMF,,,,,,,,,,,,,,,,,,,,
NSEA,OTB_MCD_100-119_0_0,,,OTB_MCD_100-119_0_0,NLD,OTB_MCD,"Bottom otter trawl, Mixed crustaceans and demersal  species, see the code reg. mesh size and selectivity device",OT_MIX_CRU_DMF,,,,,,,,,,,,,,,,,,,,
NSEA,OTB_MCD_100-119_1_120,,,,,OTB_MCD,"Bottom otter trawl, Mixed crustaceans and demersal  species, see the code reg. mesh size and selectivity device",OT_MIX_CRU_DMF,,,,,,,,,,,,,,,,,,,,
NSEA,OTB_MCD_100-119_1_140,,,,,OTB_MCD,"Bottom otter trawl, Mixed crustaceans and demersal  species, see the code reg. mesh size and selectivity device",OT_MIX_CRU_DMF,,,,,,,,,,,,,,,,,,,,
NSEA,OTB_MCD_100-119_1_180,,,,,OTB_MCD,"Bottom otter trawl, Mixed crustaceans and demersal  species, see the code reg. mesh size and selectivity device",OT_MIX_CRU_DMF,,,,,,,,,,,,,,,,,,,,
NSEA,OTB_MCD_100-119_1_270,,,,,OTB_MCD,"Bottom otter trawl, Mixed crustaceans and demersal  species, see the code reg. mesh size and selectivity device",OT_MIX_CRU_DMF,,,,,,,,,,,,,,,,,,,,
NSEA,OTB_MCD_100-119_1_300,,,,,OTB_MCD,"Bottom otter trawl, Mixed crustaceans and demersal  species, see the code reg. mesh size and selectivity device",OT_MIX_CRU_DMF,,,,,,,,,,,,,,,,,,,,
NSEA,OTB_MCD_100-119_2_35,,,,,OTB_MCD,"Bottom otter trawl, Mixed crustaceans and demersal  species, see the code reg. mesh size and selectivity device",OT_MIX_CRU_DMF,,,,,,,,,,,,,,,,,,,,
NSEA,OTB_MCD_100-119_4_35,,,,,OTB_MCD,"Bottom otter trawl, Mixed crustaceans and demersal  species, see the code reg. mesh size and selectivity device",OT_MIX_CRU_DMF,,,,,,,,,,,,,,,,,,,,
NSEA,OTB_MCD_32-69_0_0,,,OTB_MCD_32-69_0_0,NLD,OTB_MCD,"Bottom otter trawl, Mixed crustaceans and demersal  species, see the code reg. mesh size and selectivity device",OT_MIX_CRU_DMF,,,,,,,,,,,,,,,,,,,,
NSEA,OTB_MCD_70-89_0_0,,,OTB_MCD_70-99_0_0,"BEL, NLD",OTB_MCD,"Bottom otter trawl, Mixed crustaceans and demersal  species, see the code reg. mesh size and selectivity device",OT_MIX_CRU_DMF,,,,,,,,,,,,,,,,,,,,
NSEA,OTB_MCD_90-99_0_0,,,OTB_MCD_90-119_0_0,SWE,OTB_MCD,"Bottom otter trawl, Mixed crustaceans and demersal  species, see the code reg. mesh size and selectivity device",OT_MIX_CRU_DMF,,,,,,,,,,,,,,,,,,,,
NSEA,OTB_MCD_90-99_1_120,,,OTB_MCD_90-119_1_120,SWE,OTB_MCD,"Bottom otter trawl, Mixed crustaceans and demersal  species, see the code reg. mesh size and selectivity device",OT_MIX_CRU_DMF,,,,,,,,,,,,,,,,,,,,
NSEA,OTB_MCD_90-99_1_140,,,OTB_MCD_90-119_1_140,SWE,OTB_MCD,"Bottom otter trawl, Mixed crustaceans and demersal  species, see the code reg. mesh size and selectivity device",OT_MIX_CRU_DMF,,,,,,,,,,,,,,,,,,,,
NSEA,OTB_MCD_90-99_1_180,,,,,OTB_MCD,"Bottom otter trawl, Mixed crustaceans and demersal  species, see the code reg. mesh size and selectivity device",OT_MIX_CRU_DMF,,,,,,,,,,,,,,,,,,,,
NSEA,OTB_MCD_90-99_1_270,,,,,OTB_MCD,"Bottom otter trawl, Mixed crustaceans and demersal  species, see the code reg. mesh size and selectivity device",OT_MIX_CRU_DMF,,,,,,,,,,,,,,,,,,,,
NSEA,OTB_MCD_90-99_1_300,,,OTB_MCD_90-119_1_300,SWE,OTB_MCD,"Bottom otter trawl, Mixed crustaceans and demersal  species, see the code reg. mesh size and selectivity device",OT_MIX_CRU_DMF,,,,,,,,,,,,,,,,,,,,
NSEA,OTB_MCD_90-99_2_35,,,,,OTB_MCD,"Bottom otter trawl, Mixed crustaceans and demersal  species, see the code reg. mesh size and selectivity device",OT_MIX_CRU_DMF,,,,,,,,,,,,,,,,,,,,
NSEA,OTB_MCD_90-99_4_35,,,,,OTB_MCD,"Bottom otter trawl, Mixed crustaceans and demersal  species, see the code reg. mesh size and selectivity device",OT_MIX_CRU_DMF,,,,,,,,,,,,,,,,,,,,
NSEA,OTB_MCF_>0_0_0,,,,,OTB_MCF,"Bottom otter trawl, Mixed cephalopod and demersal  species, see the code reg. mesh size and selectivity device",OT_MIX_DMF_BEN,20220909,,,,,,,,,,,,,,,,,,,
NSEA,OTB_MCF_100-119_0_0,,,,,OTB_MCF,"Bottom otter trawl, Mixed cephalopod and demersal  species, see the code reg. mesh size and selectivity device",OT_MIX_DMF_BEN,20220909,,,,,,,,,,,,,,,,,,,
NSEA,OTB_MCF_100-119_1_120,,,,,OTB_MCF,"Bottom otter trawl, Mixed cephalopod and demersal  species, see the code reg. mesh size and selectivity device",OT_MIX_DMF_BEN,20220909,,,,,,,,,,,,,,,,,,,
NSEA,OTB_MCF_100-119_1_140,,,,,OTB_MCF,"Bottom otter trawl, Mixed cephalopod and demersal  species, see the code reg. mesh size and selectivity device",OT_MIX_DMF_BEN,20220909,,,,,,,,,,,,,,,,,,,
NSEA,OTB_MCF_100-119_1_180,,,,,OTB_MCF,"Bottom otter trawl, Mixed cephalopod and demersal  species, see the code reg. mesh size and selectivity device",OT_MIX_DMF_BEN,20220909,,,,,,,,,,,,,,,,,,,
NSEA,OTB_MCF_100-119_1_270,,,,,OTB_MCF,"Bottom otter trawl, Mixed cephalopod and demersal  species, see the code reg. mesh size and selectivity device",OT_MIX_DMF_BEN,20220909,,,,,,,,,,,,,,,,,,,
NSEA,OTB_MCF_100-119_1_300,,,,,OTB_MCF,"Bottom otter trawl, Mixed cephalopod and demersal  species, see the code reg. mesh size and selectivity device",OT_MIX_DMF_BEN,20220909,,,,,,,,,,,,,,,,,,,
NSEA,OTB_MCF_100-119_2_35,,,,,OTB_MCF,"Bottom otter trawl, Mixed cephalopod and demersal  species, see the code reg. mesh size and selectivity device",OT_MIX_DMF_BEN,20220909,,,,,,,,,,,,,,,,,,,
NSEA,OTB_MCF_100-119_4_35,,,,,OTB_MCF,"Bottom otter trawl, Mixed cephalopod and demersal  species, see the code reg. mesh size and selectivity device",OT_MIX_DMF_BEN,20220909,,,,,,,,,,,,,,,,,,,
NSEA,OTB_MCF_32-69_0_0,,,,,OTB_MCF,"Bottom otter trawl, Mixed cephalopod and demersal  species, see the code reg. mesh size and selectivity device",OT_MIX_DMF_BEN,20220909,,,,,,,,,,,,,,,,,,,
NSEA,OTB_MCF_70-89_0_0,,,,,OTB_MCF,"Bottom otter trawl, Mixed cephalopod and demersal  species, see the code reg. mesh size and selectivity device",OT_MIX_DMF_BEN,20220909,,,,,,,,,,,,,,,,,,,
NSEA,OTB_MCF_90-99_0_0,,,,,OTB_MCF,"Bottom otter trawl, Mixed cephalopod and demersal  species, see the code reg. mesh size and selectivity device",OT_MIX_DMF_BEN,20220909,,,,,,,,,,,,,,,,,,,
NSEA,OTB_MCF_90-99_1_120,,,,,OTB_MCF,"Bottom otter trawl, Mixed cephalopod and demersal  species, see the code reg. mesh size and selectivity device",OT_MIX_DMF_BEN,20220909,,,,,,,,,,,,,,,,,,,
NSEA,OTB_MCF_90-99_1_140,,,,,OTB_MCF,"Bottom otter trawl, Mixed cephalopod and demersal  species, see the code reg. mesh size and selectivity device",OT_MIX_DMF_BEN,20220909,,,,,,,,,,,,,,,,,,,
NSEA,OTB_MCF_90-99_1_180,,,,,OTB_MCF,"Bottom otter trawl, Mixed cephalopod and demersal  species, see the code reg. mesh size and selectivity device",OT_MIX_DMF_BEN,20220909,,,,,,,,,,,,,,,,,,,
NSEA,OTB_MCF_90-99_1_270,,,,,OTB_MCF,"Bottom otter trawl, Mixed cephalopod and demersal  species, see the code reg. mesh size and selectivity device",OT_MIX_DMF_BEN,20220909,,,,,,,,,,,,,,,,,,,
NSEA,OTB_MCF_90-99_1_300,,,,,OTB_MCF,"Bottom otter trawl, Mixed cephalopod and demersal  species, see the code reg. mesh size and selectivity device",OT_MIX_DMF_BEN,20220909,,,,,,,,,,,,,,,,,,,
NSEA,OTB_MCF_90-99_2_35,,,,,OTB_MCF,"Bottom otter trawl, Mixed cephalopod and demersal  species, see the code reg. mesh size and selectivity device",OT_MIX_DMF_BEN,20220909,,,,,,,,,,,,,,,,,,,
NSEA,OTB_MCF_90-99_4_35,,,,,OTB_MCF,"Bottom otter trawl, Mixed cephalopod and demersal  species, see the code reg. mesh size and selectivity device",OT_MIX_DMF_BEN,20220909,,,,,,,,,,,,,,,,,,,
NSEA,OTB_MCF_>=120_0_0,,,,,OTB_MCF,"Bottom otter trawl, Mixed cephalopod and demersal  species, see the code reg. mesh size and selectivity device",OT_MIX_DMF_BEN,20220909,,,,,,,,,,,,,,,,,,,
NSEA,OTB_MOL_<16_0_0,,,OTB_MOL_<16_0_0,SCT,OTB_MOL,"Bottom otter trawl, Molluscs, see the code reg. mesh size and selectivity device",OT_MIX,,,,,,,,,,,,,,,,,,,,
NSEA,OTB_MOL_>=120_0_0,,,OTB_MOL_>=120_0_0,"ENG, SCT",OTB_MOL,"Bottom otter trawl, Molluscs, see the code reg. mesh size and selectivity device",OT_MIX,,,,,,,,,,,,,,,,,,,,
NSEA,OTB_MOL_>0_0_0,,,,,OTB_MOL,"Bottom otter trawl, Molluscs, see the code reg. mesh size and selectivity device",OT_MIX,,,,,,,,,,,,,,,,,,,,
NSEA,OTB_MOL_100-119_0_0,,,OTB_MOL_100-119_0_0,"ENG, FRA, SCT",OTB_MOL,"Bottom otter trawl, Molluscs, see the code reg. mesh size and selectivity device",OT_MIX,,,,,,,,,,,,,,,,,,,,
NSEA,OTB_MOL_100-119_2_35,,,,,OTB_MOL,"Bottom otter trawl, Molluscs, see the code reg. mesh size and selectivity device",OT_MIX,,,,,,,,,,,,,,,,,,,,
NSEA,OTB_MOL_100-119_4_35,,,,,OTB_MOL,"Bottom otter trawl, Molluscs, see the code reg. mesh size and selectivity device",OT_MIX,,,,,,,,,,,,,,,,,,,,
NSEA,OTB_MOL_16-31_0_0,,,,,OTB_MOL,"Bottom otter trawl, Molluscs, see the code reg. mesh size and selectivity device",OT_MIX,,,,,,,,,,,,,,,,,,,,
NSEA,OTB_MOL_32-69_0_0,,,OTB_MOL_32-69_0_0,"ENG, FRA, NIR, SCT",OTB_MOL,"Bottom otter trawl, Molluscs, see the code reg. mesh size and selectivity device",OT_MIX,,,,,,,,,,,,,,,,,,,,
NSEA,OTB_MOL_70-89_0_0,,,"OTB_MOL_70-89_0_0, OTB_MOL_70-99_0_0","ENG, FRA, NIR, SCT, WLS",OTB_MOL,"Bottom otter trawl, Molluscs, see the code reg. mesh size and selectivity device",OT_MIX,,,,,,,,,,,,,,,,,,,,
NSEA,OTB_MOL_90-99_0_0,,,,,OTB_MOL,"Bottom otter trawl, Molluscs, see the code reg. mesh size and selectivity device",OT_MIX,,,,,,,,,,,,,,,,,,,,
NSEA,OTB_MOL_90-99_2_35,,,,,OTB_MOL,"Bottom otter trawl, Molluscs, see the code reg. mesh size and selectivity device",OT_MIX,,,,,,,,,,,,,,,,,,,,
NSEA,OTB_MOL_90-99_4_35,,,,,OTB_MOL,"Bottom otter trawl, Molluscs, see the code reg. mesh size and selectivity device",OT_MIX,,,,,,,,,,,,,,,,,,,,
NSEA,OTB_MPD_>0_0_0,,,,,OTB_MPD,"Bottom otter trawl, Mixed pelagic and demersal  species, see the code reg. mesh size and selectivity device",OT_MIX_DMF_PEL,20220909,,,,,,,,,,,,,,,,,,,
NSEA,OTB_MPD_100-119_0_0,,,,,OTB_MPD,"Bottom otter trawl, Mixed pelagic and demersal  species, see the code reg. mesh size and selectivity device",OT_MIX_DMF_PEL,20220909,,,,,,,,,,,,,,,,,,,
NSEA,OTB_MPD_100-119_1_120,,,,,OTB_MPD,"Bottom otter trawl, Mixed pelagic and demersal  species, see the code reg. mesh size and selectivity device",OT_MIX_DMF_PEL,20220909,,,,,,,,,,,,,,,,,,,
NSEA,OTB_MPD_100-119_1_140,,,,,OTB_MPD,"Bottom otter trawl, Mixed pelagic and demersal  species, see the code reg. mesh size and selectivity device",OT_MIX_DMF_PEL,20220909,,,,,,,,,,,,,,,,,,,
NSEA,OTB_MPD_100-119_1_180,,,,,OTB_MPD,"Bottom otter trawl, Mixed pelagic and demersal  species, see the code reg. mesh size and selectivity device",OT_MIX_DMF_PEL,20220909,,,,,,,,,,,,,,,,,,,
NSEA,OTB_MPD_100-119_1_270,,,,,OTB_MPD,"Bottom otter trawl, Mixed pelagic and demersal  species, see the code reg. mesh size and selectivity device",OT_MIX_DMF_PEL,20220909,,,,,,,,,,,,,,,,,,,
NSEA,OTB_MPD_100-119_1_300,,,,,OTB_MPD,"Bottom otter trawl, Mixed pelagic and demersal  species, see the code reg. mesh size and selectivity device",OT_MIX_DMF_PEL,20220909,,,,,,,,,,,,,,,,,,,
NSEA,OTB_MPD_100-119_2_35,,,,,OTB_MPD,"Bottom otter trawl, Mixed pelagic and demersal  species, see the code reg. mesh size and selectivity device",OT_MIX_DMF_PEL,20220909,,,,,,,,,,,,,,,,,,,
NSEA,OTB_MPD_100-119_4_35,,,,,OTB_MPD,"Bottom otter trawl, Mixed pelagic and demersal  species, see the code reg. mesh size and selectivity device",OT_MIX_DMF_PEL,20220909,,,,,,,,,,,,,,,,,,,
NSEA,OTB_MPD_32-69_0_0,,,,,OTB_MPD,"Bottom otter trawl, Mixed pelagic and demersal  species, see the code reg. mesh size and selectivity device",OT_MIX_DMF_PEL,20220909,,,,,,,,,,,,,,,,,,,
NSEA,OTB_MPD_70-89_0_0,,,,,OTB_MPD,"Bottom otter trawl, Mixed pelagic and demersal  species, see the code reg. mesh size and selectivity device",OT_MIX_DMF_PEL,20220909,,,,,,,,,,,,,,,,,,,
NSEA,OTB_MPD_90-99_0_0,,,,,OTB_MPD,"Bottom otter trawl, Mixed pelagic and demersal  species, see the code reg. mesh size and selectivity device",OT_MIX_DMF_PEL,20220909,,,,,,,,,,,,,,,,,,,
NSEA,OTB_MPD_90-99_1_120,,,,,OTB_MPD,"Bottom otter trawl, Mixed pelagic and demersal  species, see the code reg. mesh size and selectivity device",OT_MIX_DMF_PEL,20220909,,,,,,,,,,,,,,,,,,,
NSEA,OTB_MPD_90-99_1_140,,,,,OTB_MPD,"Bottom otter trawl, Mixed pelagic and demersal  species, see the code reg. mesh size and selectivity device",OT_MIX_DMF_PEL,20220909,,,,,,,,,,,,,,,,,,,
NSEA,OTB_MPD_90-99_1_180,,,,,OTB_MPD,"Bottom otter trawl, Mixed pelagic and demersal  species, see the code reg. mesh size and selectivity device",OT_MIX_DMF_PEL,20220909,,,,,,,,,,,,,,,,,,,
NSEA,OTB_MPD_90-99_1_270,,,,,OTB_MPD,"Bottom otter trawl, Mixed pelagic and demersal  species, see the code reg. mesh size and selectivity device",OT_MIX_DMF_PEL,20220909,,,,,,,,,,,,,,,,,,,
NSEA,OTB_MPD_90-99_1_300,,,,,OTB_MPD,"Bottom otter trawl, Mixed pelagic and demersal  species, see the code reg. mesh size and selectivity device",OT_MIX_DMF_PEL,20220909,,,,,,,,,,,,,,,,,,,
NSEA,OTB_MPD_90-99_2_35,,,,,OTB_MPD,"Bottom otter trawl, Mixed pelagic and demersal  species, see the code reg. mesh size and selectivity device",OT_MIX_DMF_PEL,20220909,,,,,,,,,,,,,,,,,,,
NSEA,OTB_MPD_90-99_4_35,,,,,OTB_MPD,"Bottom otter trawl, Mixed pelagic and demersal  species, see the code reg. mesh size and selectivity device",OT_MIX_DMF_PEL,20220909,,,,,,,,,,,,,,,,,,,
NSEA,OTB_MPD_>=120_0_0,,,,,OTB_MPD,"Bottom otter trawl, Mixed pelagic and demersal  species, see the code reg. mesh size and selectivity device",OT_MIX_DMF_PEL,20220909,,,,,,,,,,,,,,,,,,,
NSEA,OTB_SPF_<16_0_0,,,OTB_SPF_<16_0_0,FRA,OTB_SPF,"Bottom otter trawl, Small pelagic fish, see the code reg. mesh size and selectivity device",OT_SPF,,,,,,,,,,,,,,,,,,,,
NSEA,OTB_SPF_>=120_0_0,,,OTB_SPF_>=120_0_0,"DEU, DNK, ENG, FRA, SCT",OTB_SPF,"Bottom otter trawl, Small pelagic fish, see the code reg. mesh size and selectivity device ",OT_SPF,,,,,,,,,,,,,,,,,,,,
NSEA,OTB_SPF_>0_0_0,,,OTB_SPF_0_0_0,FRA,OTB_SPF,"Bottom otter trawl, Small pelagic fish, see the code reg. mesh size and selectivity device ",OT_SPF,,,,,,,,,,,,,,,,,,,,
NSEA,OTB_SPF_100-119_0_0,,,OTB_SPF_100-119_0_0,"ENG, FRA",OTB_SPF,"Bottom otter trawl, Small pelagic fish, see the code reg. mesh size and selectivity device ",OT_SPF,,,,,,,,,,,,,,,,,,,,
NSEA,OTB_SPF_100-119_2_35,,,,,OTB_SPF,"Bottom otter trawl, Small pelagic fish, see the code reg. mesh size and selectivity device ",OT_SPF,,,,,,,,,,,,,,,,,,,,
NSEA,OTB_SPF_100-119_4_35,,,,,OTB_SPF,"Bottom otter trawl, Small pelagic fish, see the code reg. mesh size and selectivity device",OT_SPF,,,,,,,,,,,,,,,,,,,,
NSEA,OTB_SPF_16-31_0_0,,,OTB_SPF_16-31_0_0,"DEU, DNK, ENG, FRA, IRL, SCT, SWE",OTB_SPF,"Bottom otter trawl, Small pelagic fish, see the code reg. mesh size and selectivity device",OT_SPF,,,,,,,,,,,,,,,,,,,,
NSEA,OTB_SPF_32-69_0_0,,,OTB_SPF_32-69_0_0,"DEU, DNK, ENG, FRA, IRL, NIR, SCT, SWE",OTB_SPF,"Bottom otter trawl, Small pelagic fish, see the code reg. mesh size and selectivity device",OT_SPF,,,,,,,,,,,,,,,,,,,,
NSEA,OTB_SPF_70-89_0_0,,,"OTB_SPF_70-89_0_0, OTB_SPF_70-99_0_0","DEU, DNK, ENG, FRA, SCT",OTB_SPF,"Bottom otter trawl, Small pelagic fish, see the code reg. mesh size and selectivity device",OT_SPF,,,,,,,,,,,,,,,,,,,,
NSEA,OTB_SPF_90-99_0_0,,,OTB_SPF_90-119_0_0,DNK,OTB_SPF,"Bottom otter trawl, Small pelagic fish, see the code reg. mesh size and selectivity device",OT_SPF,,,,,,,,,,,,,,,,,,,,
NSEA,OTB_SPF_90-99_2_35,,,,,OTB_SPF,"Bottom otter trawl, Small pelagic fish, see the code reg. mesh size and selectivity device",OT_SPF,,,,,,,,,,,,,,,,,,,,
NSEA,OTB_SPF_90-99_4_35,,,,,OTB_SPF,"Bottom otter trawl, Small pelagic fish, see the code reg. mesh size and selectivity device",OT_SPF,,,,,,,,,,,,,,,,,,,,
NSEA,OTM_CEP_<16_0_0,,,,,OTM_CEP,"Midwater otter trawl, Cephalopods, see the code reg. mesh size and selectivity device",,,,,,,,,,,,,,,,,,,,,
NSEA,OTM_CEP_>=120_0_0,,,,,OTM_CEP,"Midwater otter trawl, Cephalopods, see the code reg. mesh size and selectivity device",,,,,,,,,,,,,,,,,,,,,
NSEA,OTM_CEP_>0_0_0,,,,,OTM_CEP,"Midwater otter trawl, Cephalopods, see the code reg. mesh size and selectivity device",,,,,,,,,,,,,,,,,,,,,
NSEA,OTM_CEP_100-119_0_0,,,,,OTM_CEP,"Midwater otter trawl, Cephalopods, see the code reg. mesh size and selectivity device",,,,,,,,,,,,,,,,,,,,,
NSEA,OTM_CEP_16-31_0_0,,,,,OTM_CEP,"Midwater otter trawl, Cephalopods, see the code reg. mesh size and selectivity device",,,,,,,,,,,,,,,,,,,,,
NSEA,OTM_CEP_32-69_0_0,,,,,OTM_CEP,"Midwater otter trawl, Cephalopods, see the code reg. mesh size and selectivity device",,,,,,,,,,,,,,,,,,,,,
NSEA,OTM_CEP_70-89_0_0,,,,,OTM_CEP,"Midwater otter trawl, Cephalopods, see the code reg. mesh size and selectivity device",,,,,,,,,,,,,,,,,,,,,
NSEA,OTM_CEP_90-99_0_0,,,,,OTM_CEP,"Midwater otter trawl, Cephalopods, see the code reg. mesh size and selectivity device",,,,,,,,,,,,,,,,,,,,,
NSEA,OTM_DEF_<16_0_0,,,OTM_DEF_<16_0_0,"DEU, DNK, FRA, SCT",OTM_DEF,"Midwater otter trawl, Demersal species, see the code reg. mesh size and selectivity device",,,,,,,,,,,,,,,,,,,,,
NSEA,OTM_DEF_>=120_0_0,,,"OTM_DEF_>=120_0_0, OTM_DEF_>=130_0_0","DEU, DNK, ENG, LTU,  SCT",OTM_DEF,"Midwater otter trawl, Demersal species, see the code reg. mesh size and selectivity device",,,,,,,,,,,,,,,,,,,,,
NSEA,OTM_DEF_>0_0_0,,,OTM_DEF_0_0_0,FRA,OTM_DEF,"Midwater otter trawl, Demersal species, see the code reg. mesh size and selectivity device",,,,,,,,,,,,,,,,,,,,,
NSEA,OTM_DEF_100-119_0_0,,,"OTM_DEF_100-119_0_0, OTM_DEF_100-129_0_0, OTM_DEF_>=105_1_120, ","DEU, DNK, ENG, ESP, FRA, LTU, LVA, POL, PRT",OTM_DEF,"Midwater otter trawl, Demersal species, see the code reg. mesh size and selectivity device",,,,,,,,,,,,,,,,,,,,,
NSEA,OTM_DEF_16-31_0_0,,,OTM_DEF_16-31_0_0,"DEU, DNK, ENG, FRA, LTU",OTM_DEF,"Midwater otter trawl, Demersal species, see the code reg. mesh size and selectivity device",,,,,,,,,,,,,,,,,,,,,
NSEA,OTM_DEF_32-69_0_0,,,OTM_DEF_32-69_0_0,"DEU, DNK, ENG, FRA, SCT",OTM_DEF,"Midwater otter trawl, Demersal species, see the code reg. mesh size and selectivity device",,,,,,,,,,,,,,,,,,,,,
NSEA,OTM_DEF_70-89_0_0,,,"OTM_DEF_70-89_0_0, OTM_DEF_70-99_0_0","ENG, FRA",OTM_DEF,"Midwater otter trawl, Demersal species, see the code reg. mesh size and selectivity device",,,,,,,,,,,,,,,,,,,,,
NSEA,OTM_DEF_90-99_0_0,,,OTM_DEF_90-119_0_0,"DEU, DNK ",OTM_DEF,"Midwater otter trawl, Demersal species, see the code reg. mesh size and selectivity device",,,,,,,,,,,,,,,,,,,,,
NSEA,OTM_LPF_>=120_0_0,,,,,OTM_LPF,"Midwater otter trawl, Large pelagic fish, see the code reg. mesh size and selectivity device",,,,,,,,,,,,,,,,,,,,,
NSEA,OTM_LPF_>0_0_0,,,OTM_LPF_0_0_0,EST,OTM_LPF,"Midwater otter trawl, Large pelagic fish, see the code reg. mesh size and selectivity device",,,,,,,,,,,,,,,,,,,,,
NSEA,OTM_LPF_100-119_0_0,,,,,OTM_LPF,"Midwater otter trawl, Large pelagic fish, see the code reg. mesh size and selectivity device",,,,,,,,,,,,,,,,,,,,,
NSEA,OTM_LPF_70-89_0_0,,,,,OTM_LPF,"Midwater otter trawl, Large pelagic fish, see the code reg. mesh size and selectivity device",,,,,,,,,,,,,,,,,,,,,
NSEA,OTM_LPF_90-99_0_0,,,,,OTM_LPF,"Midwater otter trawl, Large pelagic fish, see the code reg. mesh size and selectivity device",,,,,,,,,,,,,,,,,,,,,
NSEA,OTM_SPF_<16_0_0,,,OTM_SPF_<16_0_0,"ENG, SCT",OTM_SPF,"Midwater otter trawl, Small pelagic fish, see the code reg. mesh size and selectivity device",,,,,,,,,,,,,,,,,,,,,
NSEA,OTM_SPF_>=120_0_0,,,OTM_SPF_>=120_0_0,"NLD, SCT",OTM_SPF,"Midwater otter trawl, Small pelagic fish, see the code reg. mesh size and selectivity device",,,,,,,,,,,,,,,,,,,,,
NSEA,OTM_SPF_>0_0_0,,,OTM_SPF_0_0_0,"FRA, NLD",OTM_SPF,"Midwater otter trawl, Small pelagic fish, see the code reg. mesh size and selectivity device",,,,,,,,,,,,,,,,,,,,,
NSEA,OTM_SPF_100-119_0_0,,,"OTM_SPF_100-119_0_0, OTM_SPF_100-129_0_0","ENG, FRA, LTU, NLD",OTM_SPF,"Midwater otter trawl, Small pelagic fish, see the code reg. mesh size and selectivity device",,,,,,,,,,,,,,,,,,,,,
NSEA,OTM_SPF_16-31_0_0,,,OTM_SPF_16-31_0_0,"DEU, DNK, ENG, FRA, IRL, NIR, NLD, SCT, SWE",OTM_SPF,"Midwater otter trawl, Small pelagic fish, see the code reg. mesh size and selectivity device",,,,,,,,,,,,,,,,,,,,,
NSEA,OTM_SPF_32-69_0_0,,,"OTM_SPF_32-69_0_0, OTM_SPF_40-59_0_0","DEU, DNK, ENG, FRA, IRL, LTU, NIR, NLD, SCT, SWE",OTM_SPF,"Midwater otter trawl, Small pelagic fish, see the code reg. mesh size and selectivity device",,,,,,,,,,,,,,,,,,,,,
NSEA,OTM_SPF_70-89_0_0,,,"OTM_SPF_70-89_0_0, OTM_SPF_70-99_0_0","ENG, FRA, NIR, NLD, SCT",OTM_SPF,"Midwater otter trawl, Small pelagic fish, see the code reg. mesh size and selectivity device",,,,,,,,,,,,,,,,,,,,,
NSEA,OTM_SPF_90-99_0_0,,,"OTM_SPF_90-100_0_0, OTM_SPF_90-119_0_0","DNK, PRT",OTM_SPF,"Midwater otter trawl, Small pelagic fish, see the code reg. mesh size and selectivity device",,,,,,,,,,,,,,,,,,,,,
NSEA,OTT_CEP_>0_0_0,,,,,OTT_CEP,"Otter twin trawls, Cephalopods, see the code reg. mesh size and selectivity device",OT_DMF,20260311,Added by request from France,,,,,,,,,,,,,,,,,,
NSEA,OTT_CEP_<16_0_0,,,,,OTT_CEP,"Otter twin trawls, Cephalopods, see the code reg. mesh size and selectivity device",OT_DMF,20260311,Added by request from France,,,,,,,,,,,,,,,,,,
NSEA,OTT_CEP_16-31_0_0,,,,,OTT_CEP,"Otter twin trawls, Cephalopods, see the code reg. mesh size and selectivity device",OT_DMF,20260311,Added by request from France,,,,,,,,,,,,,,,,,,
NSEA,OTT_CEP_32-69_0_0,,,,,OTT_CEP,"Otter twin trawls, Cephalopods, see the code reg. mesh size and selectivity device",OT_DMF,20260311,Added by request from France,,,,,,,,,,,,,,,,,,
NSEA,OTT_CEP_70-89_0_0,,,,,OTT_CEP,"Otter twin trawls, Cephalopods, see the code reg. mesh size and selectivity device",OT_DMF,20260311,Added by request from France,,,,,,,,,,,,,,,,,,
NSEA,OTT_CEP_90-99_0_0,,,,,OTT_CEP,"Otter twin trawls, Cephalopods, see the code reg. mesh size and selectivity device",OT_DMF,20260311,Added by request from France,,,,,,,,,,,,,,,,,,
NSEA,OTT_CEP_100-119_0_0,,,,,OTT_CEP,"Otter twin trawls, Cephalopods, see the code reg. mesh size and selectivity device",OT_DMF,20260311,Added by request from France,,,,,,,,,,,,,,,,,,
NSEA,OTT_CEP_>=120_0_0,,,,,OTT_CEP,"Otter twin trawls, Cephalopods, see the code reg. mesh size and selectivity device",OT_DMF,20260311,Added by request from France,,,,,,,,,,,,,,,,,,
NSEA,OTT_CRU_<16_0_0,,,OTT_CRU_<16_0_0,SCT,OTT_CRU,"Otter twin trawls, Crustaceans, see the code reg. mesh size and selectivity device",OT_CRU,,,,,,,,,,,,,,,,,,,,
NSEA,OTT_CRU_>=120_0_0,,,"OTT_CRU_>=120_0_0, OTT_CRU_>=120_1_120","ENG, NIR, SCT, SWE",OTT_CRU,"Otter twin trawls, Crustaceans, see the code reg. mesh size and selectivity device",OT_CRU,,,,,,,,,,,,,,,,,,,,
NSEA,OTT_CRU_>0_0_0,,,OTT_CRU_0_0_0,FRA,OTT_CRU,"Otter twin trawls, Crustaceans, see the code reg. mesh size and selectivity device",OT_CRU,,,,,,,,,,,,,,,,,,,,
NSEA,OTT_CRU_100-119_0_0,,,OTT_CRU_100-119_0_0,"ENG, FRA, NIR, SCT",OTT_CRU,"Otter twin trawls, Crustaceans, see the code reg. mesh size and selectivity device",OT_CRU,,,,,,,,,,,,,,,,,,,,
NSEA,OTT_CRU_100-119_1_120,,,,,OTT_CRU,"Otter twin trawls, Crustaceans, see the code reg. mesh size and selectivity device",OT_CRU,,,,,,,,,,,,,,,,,,,,
NSEA,OTT_CRU_100-119_1_140,,,,,OTT_CRU,"Otter twin trawls, Crustaceans, see the code reg. mesh size and selectivity device",OT_CRU,,,,,,,,,,,,,,,,,,,,
NSEA,OTT_CRU_100-119_1_180,,,,,OTT_CRU,"Otter twin trawls, Crustaceans, see the code reg. mesh size and selectivity device",OT_CRU,,,,,,,,,,,,,,,,,,,,
NSEA,OTT_CRU_100-119_1_270,,,,,OTT_CRU,"Otter twin trawls, Crustaceans, see the code reg. mesh size and selectivity device",OT_CRU,,,,,,,,,,,,,,,,,,,,
NSEA,OTT_CRU_100-119_1_300,,,,,OTT_CRU,"Otter twin trawls, Crustaceans, see the code reg. mesh size and selectivity device",OT_CRU,,,,,,,,,,,,,,,,,,,,
NSEA,OTT_CRU_100-119_2_35,,,,,OTT_CRU,"Otter twin trawls, Crustaceans, see the code reg. mesh size and selectivity device",OT_CRU,,,,,,,,,,,,,,,,,,,,
NSEA,OTT_CRU_100-119_4_35,,,,,OTT_CRU,"Otter twin trawls, Crustaceans, see the code reg. mesh size and selectivity device",OT_CRU,,,,,,,,,,,,,,,,,,,,
NSEA,OTT_CRU_16-31_0_0,,,,,OTT_CRU,"Otter twin trawls, Crustaceans, see the code reg. mesh size and selectivity device",OT_CRU,,,,,,,,,,,,,,,,,,,,
NSEA,OTT_CRU_32-69_0_0,,,,,OTT_CRU,"Otter twin trawls, Crustaceans, see the code reg. mesh size and selectivity device",OT_CRU,,,,,,,,,,,,,,,,,,,,
NSEA,OTT_CRU_32-69_2_22,,,,,OTT_CRU,"Otter twin trawls, Crustaceans, see the code reg. mesh size and selectivity device",OT_CRU,,,,,,,,,,,,,,,,,,,,
NSEA,OTT_CRU_32-69_4_22,,,,,OTT_CRU,"Otter twin trawls, Crustaceans, see the code reg. mesh size and selectivity device",OT_CRU,,,,,,,,,,,,,,,,,,,,
NSEA,OTT_CRU_70-89_0_0,,,"OTT_CRU_70-89_0_0, OTT_CRU_70-99_0_0","DEU, ENG, FRA, NIR, SCT",OTT_CRU,"Otter twin trawls, Crustaceans, see the code reg. mesh size and selectivity device",OT_CRU,,,,,,,,,,,,,,,,,,,,
NSEA,OTT_CRU_70-89_2_35,,,OTT_CRU_70-89_2_35,SWE,OTT_CRU,"Otter twin trawls, Crustaceans, see the code reg. mesh size and selectivity device",OT_CRU,,,,,,,,,,,,,,,,,,,,
NSEA,OTT_CRU_90-99_0_0,,,OTT_CRU_90-119_0_0,SWE,OTT_CRU,"Otter twin trawls, Crustaceans, see the code reg. mesh size and selectivity device",OT_CRU,,,,,,,,,,,,,,,,,,,,
NSEA,OTT_CRU_90-99_1_120,,,OTT_CRU_90-119_1_120,SWE,OTT_CRU,"Otter twin trawls, Crustaceans, see the code reg. mesh size and selectivity device",OT_CRU,,,,,,,,,,,,,,,,,,,,
NSEA,OTT_CRU_90-99_1_140,,,OTT_CRU_90-119_1_140,SWE,OTT_CRU,"Otter twin trawls, Crustaceans, see the code reg. mesh size and selectivity device",OT_CRU,,,,,,,,,,,,,,,,,,,,
NSEA,OTT_CRU_90-99_1_180,,,,,OTT_CRU,"Otter twin trawls, Crustaceans, see the code reg. mesh size and selectivity device",OT_CRU,,,,,,,,,,,,,,,,,,,,
NSEA,OTT_CRU_90-99_1_270,,,,,OTT_CRU,"Otter twin trawls, Crustaceans, see the code reg. mesh size and selectivity device",OT_CRU,,,,,,,,,,,,,,,,,,,,
NSEA,OTT_CRU_90-99_1_300,,,OTT_CRU_90-119_1_300,SWE,OTT_CRU,"Otter twin trawls, Crustaceans, see the code reg. mesh size and selectivity device",OT_CRU,,,,,,,,,,,,,,,,,,,,
NSEA,OTT_CRU_90-99_2_35,,,,,OTT_CRU,"Otter twin trawls, Crustaceans, see the code reg. mesh size and selectivity device",OT_CRU,,,,,,,,,,,,,,,,,,,,
NSEA,OTT_CRU_90-99_4_35,,,,,OTT_CRU,"Otter twin trawls, Crustaceans, see the code reg. mesh size and selectivity device",OT_CRU,,,,,,,,,,,,,,,,,,,,
NSEA,OTT_DEF_<16_0_0,,,,,OTT_DEF,"Otter twin trawls, Demersal species, see the code reg. mesh size and selectivity device",OT_DMF,,,,,,,,,,,,,,,,,,,,
NSEA,OTT_DEF_>=120_0_0,,,"OTT_DEF_>=120_0_0, OTT_DEF_>=120_1_120","ENG, NIR, NLD, SCT, SWE",OTT_DEF,"Otter twin trawls, Demersal species, see the code reg. mesh size and selectivity device",OT_DMF,,,,,,,,,,,,,,,,,,,,
NSEA,OTT_DEF_>=120_1_120,,,,,OTT_DEF,"Otter twin trawls, Demersal species, see the code reg. mesh size and selectivity device",OT_DMF,,,,,,,,,,,,,,,,,,,,
NSEA,OTT_DEF_>0_0_0,,,,,OTT_DEF,"Otter twin trawls, Demersal species, see the code reg. mesh size and selectivity device",OT_DMF,,,,,,,,,,,,,,,,,,,,
NSEA,OTT_DEF_100-119_0_0,,,OTT_DEF_100-119_0_0,"DEU, ENG, FRA, NIR, NLD, SCT",OTT_DEF,"Otter twin trawls, Demersal species, see the code reg. mesh size and selectivity device",OT_DMF,,,,,,,,,,,,,,,,,,,,
NSEA,OTT_DEF_100-119_1_120,,,,,OTT_DEF,"Otter twin trawls, Demersal species, see the code reg. mesh size and selectivity device",OT_DMF,,,,,,,,,,,,,,,,,,,,
NSEA,OTT_DEF_100-119_1_140,,,,,OTT_DEF,"Otter twin trawls, Demersal species, see the code reg. mesh size and selectivity device",OT_DMF,,,,,,,,,,,,,,,,,,,,
NSEA,OTT_DEF_100-119_1_180,,,,,OTT_DEF,"Otter twin trawls, Demersal species, see the code reg. mesh size and selectivity device",OT_DMF,,,,,,,,,,,,,,,,,,,,
NSEA,OTT_DEF_100-119_1_270,,,,,OTT_DEF,"Otter twin trawls, Demersal species, see the code reg. mesh size and selectivity device",OT_DMF,,,,,,,,,,,,,,,,,,,,
NSEA,OTT_DEF_100-119_1_300,,,,,OTT_DEF,"Otter twin trawls, Demersal species, see the code reg. mesh size and selectivity device",OT_DMF,,,,,,,,,,,,,,,,,,,,
NSEA,OTT_DEF_100-119_2_35,,,,,OTT_DEF,"Otter twin trawls, Demersal species, see the code reg. mesh size and selectivity device",OT_DMF,,,,,,,,,,,,,,,,,,,,
NSEA,OTT_DEF_100-119_4_35,,,,,OTT_DEF,"Otter twin trawls, Demersal species, see the code reg. mesh size and selectivity device",OT_DMF,,,,,,,,,,,,,,,,,,,,
NSEA,OTT_DEF_16-31_0_0,,,OTT_DEF_16-31_0_0,NLD ,OTT_DEF,"Otter twin trawls, Demersal species, see the code reg. mesh size and selectivity device",OT_DMF,,,,,,,,,,,,,,,,,,,,
NSEA,OTT_DEF_32-69_0_0,,,OTT_DEF_32-69_0_0,FRA,OTT_DEF,"Otter twin trawls, Demersal species, see the code reg. mesh size and selectivity device",OT_DMF,,,,,,,,,,,,,,,,,,,,
NSEA,OTT_DEF_70-89_0_0,,,"OTT_DEF_70-89_0_0, OTT_DEF_70-99_0_0","DEU, ENG, FRA, NIR, NLD, SCT",OTT_DEF,"Otter twin trawls, Demersal species, see the code reg. mesh size and selectivity device",OT_DMF,,,,,,,,,,,,,,,,,,,,
NSEA,OTT_DEF_90-99_0_0,,,OTT_DEF_90-119_0_0,"NLD, SWE",OTT_DEF,"Otter twin trawls, Demersal species, see the code reg. mesh size and selectivity device",OT_DMF,,,,,,,,,,,,,,,,,,,,
NSEA,OTT_DEF_90-99_1_120,,,OTT_DEF_90-119_1_120,SWE,OTT_DEF,"Otter twin trawls, Demersal species, see the code reg. mesh size and selectivity device",OT_DMF,,,,,,,,,,,,,,,,,,,,
NSEA,OTT_DEF_90-99_1_140,,,OTT_DEF_90-119_1_140,SWE,OTT_DEF,"Otter twin trawls, Demersal species, see the code reg. mesh size and selectivity device",OT_DMF,,,,,,,,,,,,,,,,,,,,
NSEA,OTT_DEF_90-99_1_180,,,,,OTT_DEF,"Otter twin trawls, Demersal species, see the code reg. mesh size and selectivity device",OT_DMF,,,,,,,,,,,,,,,,,,,,
NSEA,OTT_DEF_90-99_1_270,,,,,OTT_DEF,"Otter twin trawls, Demersal species, see the code reg. mesh size and selectivity device",OT_DMF,,,,,,,,,,,,,,,,,,,,
NSEA,OTT_DEF_90-99_1_300,,,OTT_DEF_90-119_1_300,SWE,OTT_DEF,"Otter twin trawls, Demersal species, see the code reg. mesh size and selectivity device",OT_DMF,,,,,,,,,,,,,,,,,,,,
NSEA,OTT_DEF_90-99_2_35,,,,,OTT_DEF,"Otter twin trawls, Demersal species, see the code reg. mesh size and selectivity device",OT_DMF,,,,,,,,,,,,,,,,,,,,
NSEA,OTT_DEF_90-99_4_35,,,,,OTT_DEF,"Otter twin trawls, Demersal species, see the code reg. mesh size and selectivity device",OT_DMF,,,,,,,,,,,,,,,,,,,,
NSEA,OTT_DWS_>0_0_0,,,,,OTT_DWS,"Otter twin trawls, Deep water species, see the code reg. mesh size and selectivity device",OT_MIX_DMF_BEN,20220909,,,,,,,,,,,,,,,,,,,
NSEA,OTT_DWS_>=120_0_0,,,,,OTT_DWS,"Otter twin trawls, Deep water species, see the code reg. mesh size and selectivity device",OT_MIX_DMF_BEN,20220909,,,,,,,,,,,,,,,,,,,
NSEA,OTT_DWS_100-119_0_0,,,,,OTT_DWS,"Otter twin trawls, Deep water species, see the code reg. mesh size and selectivity device",OT_MIX_DMF_BEN,20220909,,,,,,,,,,,,,,,,,,,
NSEA,OTT_DWS_100-119_2_35,,,,,OTT_DWS,"Otter twin trawls, Deep water species, see the code reg. mesh size and selectivity device",OT_MIX_DMF_BEN,20220909,,,,,,,,,,,,,,,,,,,
NSEA,OTT_DWS_100-119_4_35,,,,,OTT_DWS,"Otter twin trawls, Deep water species, see the code reg. mesh size and selectivity device",OT_MIX_DMF_BEN,20220909,,,,,,,,,,,,,,,,,,,
NSEA,OTT_DWS_32-69_0_0,,,,,OTT_DWS,"Otter twin trawls, Deep water species, see the code reg. mesh size and selectivity device",OT_MIX_DMF_BEN,20220909,,,,,,,,,,,,,,,,,,,
NSEA,OTT_DWS_70-89_0_0,,,,,OTT_DWS,"Otter twin trawls, Deep water species, see the code reg. mesh size and selectivity device",OT_MIX_DMF_BEN,20220909,,,,,,,,,,,,,,,,,,,
NSEA,OTT_DWS_90-99_0_0,,,,,OTT_DWS,"Otter twin trawls, Deep water species, see the code reg. mesh size and selectivity device",OT_MIX_DMF_BEN,20220909,,,,,,,,,,,,,,,,,,,
NSEA,OTT_DWS_90-99_2_35,,,,,OTT_DWS,"Otter twin trawls, Deep water species, see the code reg. mesh size and selectivity device",OT_MIX_DMF_BEN,20220909,,,,,,,,,,,,,,,,,,,
NSEA,OTT_DWS_90-99_4_35,,,,,OTT_DWS,"Otter twin trawls, Deep water species, see the code reg. mesh size and selectivity device",OT_MIX_DMF_BEN,20220909,,,,,,,,,,,,,,,,,,,
NSEA,OTT_MCD_>=120_0_0,,,OTT_MCD_>=120_0_0,"NLD, SWE",OTT_MCD,"Otter twin trawls, Mixed crustaceans and demersal  species, see the code reg. mesh size and selectivity device",OT_MIX_CRU_DMF,,,,,,,,,,,,,,,,,,,,
NSEA,OTT_MCD_>0_0_0,,,OTT_MCD_0_0_0,NLD,OTT_MCD,"Otter twin trawls, Mixed crustaceans and demersal  species, see the code reg. mesh size and selectivity device",OT_MIX_CRU_DMF,,,,,,,,,,,,,,,,,,,,
NSEA,OTT_MCD_100-119_0_0,,,OTT_MCD_100-119_0_0,NLD,OTT_MCD,"Otter twin trawls, Mixed crustaceans and demersal  species, see the code reg. mesh size and selectivity device",OT_MIX_CRU_DMF,,,,,,,,,,,,,,,,,,,,
NSEA,OTT_MCD_100-119_1_120,,,,,OTT_MCD,"Otter twin trawls, Mixed crustaceans and demersal  species, see the code reg. mesh size and selectivity device",OT_MIX_CRU_DMF,,,,,,,,,,,,,,,,,,,,
NSEA,OTT_MCD_100-119_1_140,,,,,OTT_MCD,"Otter twin trawls, Mixed crustaceans and demersal  species, see the code reg. mesh size and selectivity device",OT_MIX_CRU_DMF,,,,,,,,,,,,,,,,,,,,
NSEA,OTT_MCD_100-119_1_180,,,,,OTT_MCD,"Otter twin trawls, Mixed crustaceans and demersal  species, see the code reg. mesh size and selectivity device",OT_MIX_CRU_DMF,,,,,,,,,,,,,,,,,,,,
NSEA,OTT_MCD_100-119_1_270,,,,,OTT_MCD,"Otter twin trawls, Mixed crustaceans and demersal  species, see the code reg. mesh size and selectivity device",OT_MIX_CRU_DMF,,,,,,,,,,,,,,,,,,,,
NSEA,OTT_MCD_100-119_1_300,,,,,OTT_MCD,"Otter twin trawls, Mixed crustaceans and demersal  species, see the code reg. mesh size and selectivity device",OT_MIX_CRU_DMF,,,,,,,,,,,,,,,,,,,,
NSEA,OTT_MCD_100-119_2_35,,,,,OTT_MCD,"Otter twin trawls, Mixed crustaceans and demersal  species, see the code reg. mesh size and selectivity device",OT_MIX_CRU_DMF,,,,,,,,,,,,,,,,,,,,
NSEA,OTT_MCD_100-119_4_35,,,,,OTT_MCD,"Otter twin trawls, Mixed crustaceans and demersal  species, see the code reg. mesh size and selectivity device",OT_MIX_CRU_DMF,,,,,,,,,,,,,,,,,,,,
NSEA,OTT_MCD_32-69_0_0,,,,,OTT_MCD,"Otter twin trawls, Mixed crustaceans and demersal  species, see the code reg. mesh size and selectivity device",OT_MIX_CRU_DMF,,,,,,,,,,,,,,,,,,,,
NSEA,OTT_MCD_70-89_0_0,,,OTT_MCD_70-99_0_0,NLD,OTT_MCD,"Otter twin trawls, Mixed crustaceans and demersal  species, see the code reg. mesh size and selectivity device",OT_MIX_CRU_DMF,,,,,,,,,,,,,,,,,,,,
NSEA,OTT_MCD_90-99_0_0,,,OTT_MCD_90-119_0_0,SWE,OTT_MCD,"Otter twin trawls, Mixed crustaceans and demersal  species, see the code reg. mesh size and selectivity device",OT_MIX_CRU_DMF,,,,,,,,,,,,,,,,,,,,
NSEA,OTT_MCD_90-99_1_120,,,OTT_MCD_90-119_1_120,SWE,OTT_MCD,"Otter twin trawls, Mixed crustaceans and demersal  species, see the code reg. mesh size and selectivity device",OT_MIX_CRU_DMF,,,,,,,,,,,,,,,,,,,,
NSEA,OTT_MCD_90-99_1_140,,,OTT_MCD_90-119_1_140,SWE,OTT_MCD,"Otter twin trawls, Mixed crustaceans and demersal  species, see the code reg. mesh size and selectivity device",OT_MIX_CRU_DMF,,,,,,,,,,,,,,,,,,,,
NSEA,OTT_MCD_90-99_1_180,,,,,OTT_MCD,"Otter twin trawls, Mixed crustaceans and demersal  species, see the code reg. mesh size and selectivity device",OT_MIX_CRU_DMF,,,,,,,,,,,,,,,,,,,,
NSEA,OTT_MCD_90-99_1_270,,,,,OTT_MCD,"Otter twin trawls, Mixed crustaceans and demersal  species, see the code reg. mesh size and selectivity device",OT_MIX_CRU_DMF,,,,,,,,,,,,,,,,,,,,
NSEA,OTT_MCD_90-99_1_300,,,OTT_MCD_90-119_1_300,SWE,OTT_MCD,"Otter twin trawls, Mixed crustaceans and demersal  species, see the code reg. mesh size and selectivity device",OT_MIX_CRU_DMF,,,,,,,,,,,,,,,,,,,,
NSEA,OTT_MCD_90-99_2_35,,,,,OTT_MCD,"Otter twin trawls, Mixed crustaceans and demersal  species, see the code reg. mesh size and selectivity device",OT_MIX_CRU_DMF,,,,,,,,,,,,,,,,,,,,
NSEA,OTT_MCD_90-99_4_35,,,,,OTT_MCD,"Otter twin trawls, Mixed crustaceans and demersal  species, see the code reg. mesh size and selectivity device",OT_MIX_CRU_DMF,,,,,,,,,,,,,,,,,,,,
NSEA,OTT_MOL_>=120_0_0,,,OTT_MOL_>=120_0_0,SCT,OTT_MOL,"Otter twin trawls, Molluscs, see the code reg. mesh size and selectivity device",OT_MIX,,,,,,,,,,,,,,,,,,,,
NSEA,OTT_MOL_>0_0_0,,,,,OTT_MOL,"Otter twin trawls, Molluscs, see the code reg. mesh size and selectivity device",OT_MIX,,,,,,,,,,,,,,,,,,,,
NSEA,OTT_MOL_100-119_0_0,,,OTT_MOL_100-119_0_0,SCT,OTT_MOL,"Otter twin trawls, Molluscs, see the code reg. mesh size and selectivity device",OT_MIX,,,,,,,,,,,,,,,,,,,,
NSEA,OTT_MOL_100-119_2_35,,,,,OTT_MOL,"Otter twin trawls, Molluscs, see the code reg. mesh size and selectivity device",OT_MIX,,,,,,,,,,,,,,,,,,,,
NSEA,OTT_MOL_100-119_4_35,,,,,OTT_MOL,"Otter twin trawls, Molluscs, see the code reg. mesh size and selectivity device",OT_MIX,,,,,,,,,,,,,,,,,,,,
NSEA,OTT_MOL_16-31_0_0,,,,,OTT_MOL,"Otter twin trawls, Molluscs, see the code reg. mesh size and selectivity device",OT_MIX,,,,,,,,,,,,,,,,,,,,
NSEA,OTT_MOL_32-69_0_0,,,OTT_MOL_32-69_0_0,SCT,OTT_MOL,"Otter twin trawls, Molluscs, see the code reg. mesh size and selectivity device",OT_MIX,,,,,,,,,,,,,,,,,,,,
NSEA,OTT_MOL_70-89_0_0,,,OTT_MOL_70-99_0_0,"ENG, SCT",OTT_MOL,"Otter twin trawls, Molluscs, see the code reg. mesh size and selectivity device",OT_MIX,,,,,,,,,,,,,,,,,,,,
NSEA,OTT_MOL_90-99_0_0,,,,,OTT_MOL,"Otter twin trawls, Molluscs, see the code reg. mesh size and selectivity device",OT_MIX,,,,,,,,,,,,,,,,,,,,
NSEA,OTT_MOL_90-99_2_35,,,,,OTT_MOL,"Otter twin trawls, Molluscs, see the code reg. mesh size and selectivity device",OT_MIX,,,,,,,,,,,,,,,,,,,,
NSEA,OTT_MOL_90-99_4_35,,,,,OTT_MOL,"Otter twin trawls, Molluscs, see the code reg. mesh size and selectivity device",OT_MIX,,,,,,,,,,,,,,,,,,,,
NSEA,PS_SPF_>=120_0_0,,,PS_SPF_>=120_0_0,NLD,PS_SPF,"Purse seine, Small pelagic fish, see the code reg. mesh size and selectivity device",,,,,,,,,,,,,,,,,,,,,
NSEA,PS_SPF_>0_0_0,,,"PS_SPF_>0_0_0, PS_SPF_0_0_0","NIR, NLD, SCT",PS_SPF,"Purse seine, Small pelagic fish, see the code reg. mesh size and selectivity device",,,,,,,,,,,,,,,,,,,,,
NSEA,PS_SPF_100-119_0_0,,,PS_SPF_100-119_0_0,NLD,PS_SPF,"Purse seine, Small pelagic fish, see the code reg. mesh size and selectivity device",,,,,,,,,,,,,,,,,,,,,
NSEA,PS_SPF_16-31_0_0,,,PS_SPF_16-31_0_0,"DNK, NLD, SCT, SWE",PS_SPF,"Purse seine, Small pelagic fish, see the code reg. mesh size and selectivity device",,,,,,,,,,,,,,,,,,,,,
NSEA,PS_SPF_32-69_0_0,,,PS_SPF_32-69_0_0,"DNK, NLD, SCT, SWE",PS_SPF,"Purse seine, Small pelagic fish, see the code reg. mesh size and selectivity device",,,,,,,,,,,,,,,,,,,,,
NSEA,PS_SPF_70-89_0_0,,,PS_SPF_70-99_0_0,NLD,PS_SPF,"Purse seine, Small pelagic fish, see the code reg. mesh size and selectivity device",,,,,,,,,,,,,,,,,,,,,
NSEA,PS_SPF_90-99_0_0,,,,,PS_SPF,"Purse seine, Small pelagic fish, see the code reg. mesh size and selectivity device",,,,,,,,,,,,,,,,,,,,,
NSEA,PTB_CRU_>=120_0_0,,,PTB_CRU_>=120_0_0,"DNK, ENG, SCT",PTB_CRU,"Bottom pair trawl, Crustaceans, see the code reg. mesh size and selectivity device",OT_CRU,,,,,,,,,,,,,,,,,,,,
NSEA,PTB_CRU_>0_0_0,,,,,PTB_CRU,"Bottom pair trawl, Crustaceans, see the code reg. mesh size and selectivity device",OT_CRU,,,,,,,,,,,,,,,,,,,,
NSEA,PTB_CRU_100-119_0_0,,,,,PTB_CRU,"Bottom pair trawl, Crustaceans, see the code reg. mesh size and selectivity device",OT_CRU,,,,,,,,,,,,,,,,,,,,
NSEA,PTB_CRU_100-119_1_120,,,,,PTB_CRU,"Bottom pair trawl, Crustaceans, see the code reg. mesh size and selectivity device",OT_CRU,,,,,,,,,,,,,,,,,,,,
NSEA,PTB_CRU_100-119_1_140,,,,,PTB_CRU,"Bottom pair trawl, Crustaceans, see the code reg. mesh size and selectivity device",OT_CRU,,,,,,,,,,,,,,,,,,,,
NSEA,PTB_CRU_100-119_1_180,,,,,PTB_CRU,"Bottom pair trawl, Crustaceans, see the code reg. mesh size and selectivity device",OT_CRU,,,,,,,,,,,,,,,,,,,,
NSEA,PTB_CRU_100-119_1_270,,,,,PTB_CRU,"Bottom pair trawl, Crustaceans, see the code reg. mesh size and selectivity device",OT_CRU,,,,,,,,,,,,,,,,,,,,
NSEA,PTB_CRU_100-119_1_300,,,,,PTB_CRU,"Bottom pair trawl, Crustaceans, see the code reg. mesh size and selectivity device",OT_CRU,,,,,,,,,,,,,,,,,,,,
NSEA,PTB_CRU_100-119_2_35,,,,,PTB_CRU,"Bottom pair trawl, Crustaceans, see the code reg. mesh size and selectivity device",OT_CRU,,,,,,,,,,,,,,,,,,,,
NSEA,PTB_CRU_100-119_4_35,,,,,PTB_CRU,"Bottom pair trawl, Crustaceans, see the code reg. mesh size and selectivity device",OT_CRU,,,,,,,,,,,,,,,,,,,,
NSEA,PTB_CRU_16-31_0_0,,,PTB_CRU_16-31_0_0,"DNK, ENG",PTB_CRU,"Bottom pair trawl, Crustaceans, see the code reg. mesh size and selectivity device",OT_CRU,,,,,,,,,,,,,,,,,,,,
NSEA,PTB_CRU_32-69_0_0,,,PTB_CRU_32-69_0_0,SCT,PTB_CRU,"Bottom pair trawl, Crustaceans, see the code reg. mesh size and selectivity device",OT_CRU,,,,,,,,,,,,,,,,,,,,
NSEA,PTB_CRU_32-69_2_22,,,,,PTB_CRU,"Bottom pair trawl, Crustaceans, see the code reg. mesh size and selectivity device",OT_CRU,,,,,,,,,,,,,,,,,,,,
NSEA,PTB_CRU_32-69_4_22,,,,,PTB_CRU,"Bottom pair trawl, Crustaceans, see the code reg. mesh size and selectivity device",OT_CRU,,,,,,,,,,,,,,,,,,,,
NSEA,PTB_CRU_70-89_0_0,,,PTB_CRU_70-99_0_0,"DNK, ENG, SCT",PTB_CRU,"Bottom pair trawl, Crustaceans, see the code reg. mesh size and selectivity device",OT_CRU,,,,,,,,,,,,,,,,,,,,
NSEA,PTB_CRU_90-99_0_0,,,,,PTB_CRU,"Bottom pair trawl, Crustaceans, see the code reg. mesh size and selectivity device",OT_CRU,,,,,,,,,,,,,,,,,,,,
NSEA,PTB_CRU_90-99_1_120,,,,,PTB_CRU,"Bottom pair trawl, Crustaceans, see the code reg. mesh size and selectivity device",OT_CRU,,,,,,,,,,,,,,,,,,,,
NSEA,PTB_CRU_90-99_1_140,,,PTB_CRU_90-119_0_0,DNK,PTB_CRU,"Bottom pair trawl, Crustaceans, see the code reg. mesh size and selectivity device",OT_CRU,,,,,,,,,,,,,,,,,,,,
NSEA,PTB_CRU_90-99_1_180,,,,,PTB_CRU,"Bottom pair trawl, Crustaceans, see the code reg. mesh size and selectivity device",OT_CRU,,,,,,,,,,,,,,,,,,,,
NSEA,PTB_CRU_90-99_1_270,,,,,PTB_CRU,"Bottom pair trawl, Crustaceans, see the code reg. mesh size and selectivity device",OT_CRU,,,,,,,,,,,,,,,,,,,,
NSEA,PTB_CRU_90-99_1_300,,,,,PTB_CRU,"Bottom pair trawl, Crustaceans, see the code reg. mesh size and selectivity device",OT_CRU,,,,,,,,,,,,,,,,,,,,
NSEA,PTB_CRU_90-99_2_35,,,,,PTB_CRU,"Bottom pair trawl, Crustaceans, see the code reg. mesh size and selectivity device",OT_CRU,,,,,,,,,,,,,,,,,,,,
NSEA,PTB_CRU_90-99_4_35,,,,,PTB_CRU,"Bottom pair trawl, Crustaceans, see the code reg. mesh size and selectivity device",OT_CRU,,,,,,,,,,,,,,,,,,,,
NSEA,PTB_DEF_<16_0_0,,,PTB_DEF_<16_0_0,"DNK, NLD, SCT",PTB_DEF,"Bottom pair trawl, Demersal species, see the code reg. mesh size and selectivity device ",OT_DMF,,,,,,,,,,,,,,,,,,,,
NSEA,PTB_DEF_>=120_0_0,,,PTB_DEF_>=120_0_0,"DEU, DNK, ENG, FRA, NLD, POL, SCT, SWE",PTB_DEF,"Bottom pair trawl, Demersal species, see the code reg. mesh size and selectivity device ",OT_DMF,,,,,,,,,,,,,,,,,,,,
NSEA,PTB_DEF_>=120_1_120,,,,,PTB_DEF,"Bottom pair trawl, Demersal species, see the code reg. mesh size and selectivity device ",OT_DMF,,,,,,,,,,,,,,,,,,,,
NSEA,PTB_DEF_>0_0_0,,,,,PTB_DEF,"Bottom pair trawl, Demersal species, see the code reg. mesh size and selectivity device ",OT_DMF,,,,,,,,,,,,,,,,,,,,
NSEA,PTB_DEF_100-119_0_0,,,PTB_DEF_100-119_0_0,"DNK, ENG, FRA, NLD, SCT",PTB_DEF,"Bottom pair trawl, Demersal species, see the code reg. mesh size and selectivity device",OT_DMF,,,,,,,,,,,,,,,,,,,,
NSEA,PTB_DEF_100-119_1_120,,,,,PTB_DEF,"Bottom pair trawl, Demersal species, see the code reg. mesh size and selectivity device",OT_DMF,,,,,,,,,,,,,,,,,,,,
NSEA,PTB_DEF_100-119_1_140,,,,,PTB_DEF,"Bottom pair trawl, Demersal species, see the code reg. mesh size and selectivity device",OT_DMF,,,,,,,,,,,,,,,,,,,,
NSEA,PTB_DEF_100-119_1_180,,,,,PTB_DEF,"Bottom pair trawl, Demersal species, see the code reg. mesh size and selectivity device",OT_DMF,,,,,,,,,,,,,,,,,,,,
NSEA,PTB_DEF_100-119_1_270,,,,,PTB_DEF,"Bottom pair trawl, Demersal species, see the code reg. mesh size and selectivity device",OT_DMF,,,,,,,,,,,,,,,,,,,,
NSEA,PTB_DEF_100-119_1_300,,,,,PTB_DEF,"Bottom pair trawl, Demersal species, see the code reg. mesh size and selectivity device",OT_DMF,,,,,,,,,,,,,,,,,,,,
NSEA,PTB_DEF_100-119_2_35,,,,,PTB_DEF,"Bottom pair trawl, Demersal species, see the code reg. mesh size and selectivity device",OT_DMF,,,,,,,,,,,,,,,,,,,,
NSEA,PTB_DEF_100-119_4_35,,,,,PTB_DEF,"Bottom pair trawl, Demersal species, see the code reg. mesh size and selectivity device",OT_DMF,,,,,,,,,,,,,,,,,,,,
NSEA,PTB_DEF_16-31_0_0,,,PTB_DEF_16-31_0_0,"DNK, NLD ",PTB_DEF,"Bottom pair trawl, Demersal species, see the code reg. mesh size and selectivity device",OT_DMF,,,,,,,,,,,,,,,,,,,,
NSEA,PTB_DEF_32-69_0_0,,,PTB_DEF_32-69_0_0,FRA,PTB_DEF,"Bottom pair trawl, Demersal species, see the code reg. mesh size and selectivity device",OT_DMF,,,,,,,,,,,,,,,,,,,,
NSEA,PTB_DEF_70-89_0_0,,,"PTB_DEF_70-89_0_0, PTB_DEF_70-99_0_0","DNK, ENG, FRA, NLD, SCT",PTB_DEF,"Bottom pair trawl, Demersal species, see the code reg. mesh size and selectivity device",OT_DMF,,,,,,,,,,,,,,,,,,,,
NSEA,PTB_DEF_90-99_0_0,,,PTB_DEF_90-119_0_0,"DNK, SWE",PTB_DEF,"Bottom pair trawl, Demersal species, see the code reg. mesh size and selectivity device",OT_DMF,,,,,,,,,,,,,,,,,,,,
NSEA,PTB_DEF_90-99_1_120,,,,,PTB_DEF,"Bottom pair trawl, Demersal species, see the code reg. mesh size and selectivity device",OT_DMF,,,,,,,,,,,,,,,,,,,,
NSEA,PTB_DEF_90-99_1_140,,,,,PTB_DEF,"Bottom pair trawl, Demersal species, see the code reg. mesh size and selectivity device",OT_DMF,,,,,,,,,,,,,,,,,,,,
NSEA,PTB_DEF_90-99_1_180,,,,,PTB_DEF,"Bottom pair trawl, Demersal species, see the code reg. mesh size and selectivity device",OT_DMF,,,,,,,,,,,,,,,,,,,,
NSEA,PTB_DEF_90-99_1_270,,,,,PTB_DEF,"Bottom pair trawl, Demersal species, see the code reg. mesh size and selectivity device",OT_DMF,,,,,,,,,,,,,,,,,,,,
NSEA,PTB_DEF_90-99_1_300,,,,,PTB_DEF,"Bottom pair trawl, Demersal species, see the code reg. mesh size and selectivity device",OT_DMF,,,,,,,,,,,,,,,,,,,,
NSEA,PTB_DEF_90-99_2_35,,,,,PTB_DEF,"Bottom pair trawl, Demersal species, see the code reg. mesh size and selectivity device",OT_DMF,,,,,,,,,,,,,,,,,,,,
NSEA,PTB_DEF_90-99_4_35,,,,,PTB_DEF,"Bottom pair trawl, Demersal species, see the code reg. mesh size and selectivity device",OT_DMF,,,,,,,,,,,,,,,,,,,,
NSEA,PTB_SPF_>=120_0_0,,,PTB_SPF_>=120_0_0,"DNK, SCT",PTB_SPF,"Bottom pair trawl, Small pelagic fish, see the code reg. mesh size and selectivity device",OT_SPF,,,,,,,,,,,,,,,,,,,,
NSEA,PTB_SPF_>0_0_0,,,,,PTB_SPF,"Bottom pair trawl, Small pelagic fish, see the code reg. mesh size and selectivity device",OT_SPF,,,,,,,,,,,,,,,,,,,,
NSEA,PTB_SPF_100-119_0_0,,,PTB_SPF_100-119_0_0,ENG,PTB_SPF,"Bottom pair trawl, Small pelagic fish, see the code reg. mesh size and selectivity device",OT_SPF,,,,,,,,,,,,,,,,,,,,
NSEA,PTB_SPF_16-31_0_0,,,PTB_SPF_16-31_0_0,DNK,PTB_SPF,"Bottom pair trawl, Small pelagic fish, see the code reg. mesh size and selectivity device",OT_SPF,,,,,,,,,,,,,,,,,,,,
NSEA,PTB_SPF_32-69_0_0,,,PTB_SPF_32-69_0_0,"DEU, DNK",PTB_SPF,"Bottom pair trawl, Small pelagic fish, see the code reg. mesh size and selectivity device",OT_SPF,,,,,,,,,,,,,,,,,,,,
NSEA,PTB_SPF_70-89_0_0,,,PTB_SPF_70-99_0_0,ENG,PTB_SPF,"Bottom pair trawl, Small pelagic fish, see the code reg. mesh size and selectivity device",OT_SPF,,,,,,,,,,,,,,,,,,,,
NSEA,PTB_SPF_90-99_0_0,,,,,PTB_SPF,"Bottom pair trawl, Small pelagic fish, see the code reg. mesh size and selectivity device",OT_SPF,,,,,,,,,,,,,,,,,,,,
NSEA,PTM_DEF_<16_0_0,,,PTM_DEF_<16_0_0,DNK,PTM_DEF,"Midwater otter trawl, Demersal species, see the code reg. mesh size and selectivity device",,,,,,,,,,,,,,,,,,,,,
NSEA,PTM_DEF_>=120_0_0,,,PTM_DEF_>=120_0_0,"DNK, SCT",PTM_DEF,"Midwater otter trawl, Demersal species, see the code reg. mesh size and selectivity device",,,,,,,,,,,,,,,,,,,,,
NSEA,PTM_DEF_>0_0_0,,,PTM_DEF_0_0_0,FRA,PTM_DEF,"Midwater otter trawl, Demersal species, see the code reg. mesh size and selectivity device",,,,,,,,,,,,,,,,,,,,,
NSEA,PTM_DEF_100-119_0_0,,,PTM_DEF_100-119_0_0,FRA,PTM_DEF,"Midwater otter trawl, Demersal species, see the code reg. mesh size and selectivity device",,,,,,,,,,,,,,,,,,,,,
NSEA,PTM_DEF_16-31_0_0,,,PTM_DEF_16-31_0_0,"DNK, FRA",PTM_DEF,"Midwater otter trawl, Demersal species, see the code reg. mesh size and selectivity device",,,,,,,,,,,,,,,,,,,,,
NSEA,PTM_DEF_32-69_0_0,,,PTM_DEF_32-69_0_0,"DNK, FRA",PTM_DEF,"Midwater otter trawl, Demersal species, see the code reg. mesh size and selectivity device",,,,,,,,,,,,,,,,,,,,,
NSEA,PTM_DEF_70-89_0_0,,,"PTM_DEF_70-89_0_0, PTM_DEF_70-99_0_0",FRA,PTM_DEF,"Midwater otter trawl, Demersal species, see the code reg. mesh size and selectivity device",,,,,,,,,,,,,,,,,,,,,
NSEA,PTM_DEF_90-99_0_0,,,PTM_DEF_90-119_0_0,DNK,PTM_DEF,"Midwater otter trawl, Demersal species, see the code reg. mesh size and selectivity device",,,,,,,,,,,,,,,,,,,,,
NSEA,PTM_LPF_>=120_0_0,,,,,PTM_LPF,"Midwater otter trawl, Large pelagic fish, see the code reg. mesh size and selectivity device",,,,,,,,,,,,,,,,,,,,,
NSEA,PTM_LPF_>0_0_0,,,"PTM_LPF_>0_0_0, PTM_LPF_0_0_0","FRA, IRL",PTM_LPF,"Midwater otter trawl, Large pelagic fish, see the code reg. mesh size and selectivity device",,,,,,,,,,,,,,,,,,,,,
NSEA,PTM_LPF_100-119_0_0,,,PTM_LPF_100-119_0_0,FRA,PTM_LPF,"Midwater otter trawl, Large pelagic fish, see the code reg. mesh size and selectivity device",,,,,,,,,,,,,,,,,,,,,
NSEA,PTM_LPF_70-89_0_0,,,,,PTM_LPF,"Midwater otter trawl, Large pelagic fish, see the code reg. mesh size and selectivity device",,,,,,,,,,,,,,,,,,,,,
NSEA,PTM_LPF_90-99_0_0,,,,,PTM_LPF,"Midwater otter trawl, Large pelagic fish, see the code reg. mesh size and selectivity device",,,,,,,,,,,,,,,,,,,,,
NSEA,PTM_SPF_>=120_0_0,,,PTM_SPF_>=120_0_0,DNK,PTM_SPF,"Midwater otter trawl, Small pelagic fish, see the code reg. mesh size and selectivity device",,,,,,,,,,,,,,,,,,,,,
NSEA,PTM_SPF_>0_0_0,,,PTM_SPF_0_0_0,"BEL, IRL",PTM_SPF,"Midwater otter trawl, Small pelagic fish, see the code reg. mesh size and selectivity device",,,,,,,,,,,,,,,,,,,,,
NSEA,PTM_SPF_100-119_0_0,,,PTM_SPF_100-119_0_0,"FRA, NLD",PTM_SPF,"Midwater otter trawl, Small pelagic fish, see the code reg. mesh size and selectivity device",,,,,,,,,,,,,,,,,,,,,
NSEA,PTM_SPF_16-31_0_0,,,PTM_SPF_16-31_0_0,"DEU, DNK, ENG, FRA, NLD, SWE",PTM_SPF,"Midwater otter trawl, Small pelagic fish, see the code reg. mesh size and selectivity device",,,,,,,,,,,,,,,,,,,,,
NSEA,PTM_SPF_32-69_0_0,,,PTM_SPF_32-69_0_0,"DEU, DNK, ENG, FRA, IRL, NIR, NLD, SCT, SWE",PTM_SPF,"Midwater otter trawl, Small pelagic fish, see the code reg. mesh size and selectivity device",,,,,,,,,,,,,,,,,,,,,
NSEA,PTM_SPF_70-89_0_0,,,"PTM_SPF_70-89_0_0, PTM_SPF_70-99_0_0",FRA ,PTM_SPF,"Midwater otter trawl, Small pelagic fish, see the code reg. mesh size and selectivity device",,,,,,,,,,,,,,,,,,,,,
NSEA,PTM_SPF_90-99_0_0,,,,,PTM_SPF,"Midwater otter trawl, Small pelagic fish, see the code reg. mesh size and selectivity device",,,,,,,,,,,,,,,,,,,,,
NSEA,SB_DEF_>0_0_0,,,,,SB_DEF,"Beach Seines, Demersal species, see the code reg. mesh size and selectivity device",,,,,,,,,,,,,,,,,,,,,
NSEA,SB_FIF_>0_0_0,,,SB_FIF_>0_0_0,"ENG, SWE",SB_FIF,"Beach Seines, Finfish, see the code reg. mesh size and selectivity device",,,,,,,,,,,,,,,,,,,,,
NSEA,SDN_CEP_<16_0_0,,,,,SDN_CEP,"Anchored seine, Cephalopods, see the code reg. mesh size and selectivity device",SDN_DMF,,,,,,,,,,,,,,,,,,,,
NSEA,SDN_CEP_>=120_0_0,,,,,SDN_CEP,"Anchored seine, Cephalopods, see the code reg. mesh size and selectivity device",SDN_DMF,,,,,,,,,,,,,,,,,,,,
NSEA,SDN_CEP_>0_0_0,,,,,SDN_CEP,"Anchored seine, Cephalopods, see the code reg. mesh size and selectivity device",SDN_DMF,,,,,,,,,,,,,,,,,,,,
NSEA,SDN_CEP_100-119_0_0,,,,,SDN_CEP,"Anchored seine, Cephalopods, see the code reg. mesh size and selectivity device",SDN_DMF,,,,,,,,,,,,,,,,,,,,
NSEA,SDN_CEP_16-31_0_0,,,,,SDN_CEP,"Anchored seine, Cephalopods, see the code reg. mesh size and selectivity device",SDN_DMF,,,,,,,,,,,,,,,,,,,,
NSEA,SDN_CEP_32-69_0_0,,,,,SDN_CEP,"Anchored seine, Cephalopods, see the code reg. mesh size and selectivity device",SDN_DMF,,,,,,,,,,,,,,,,,,,,
NSEA,SDN_CEP_70-89_0_0,,,,,SDN_CEP,"Anchored seine, Cephalopods, see the code reg. mesh size and selectivity device",SDN_DMF,,,,,,,,,,,,,,,,,,,,
NSEA,SDN_CEP_90-99_0_0,,,,,SDN_CEP,"Anchored seine, Cephalopods, see the code reg. mesh size and selectivity device",SDN_DMF,,,,,,,,,,,,,,,,,,,,
NSEA,SDN_DEF_<16_0_0,,,SDN_DEF_<16_0_0,DNK,SDN_DEF,"Anchored seine, Demersal species, see the code reg. mesh size and selectivity device",SDN_DMF,,,,,,,,,,,,,,,,,,,,
NSEA,SDN_DEF_>=120_0_0,,,SDN_DEF_>=120_0_0,"DEU, DNK, FRA, NLD, SCT, SWE",SDN_DEF,"Anchored seine, Demersal species, see the code reg. mesh size and selectivity device",SDN_DMF,,,,,,,,,,,,,,,,,,,,
NSEA,SDN_DEF_>0_0_0,,,SDN_DEF_>0_0_0,"BEL, FRA",SDN_DEF,"Anchored seine, Demersal species, see the code reg. mesh size and selectivity device",SDN_DMF,,,,,,,,,,,,,,,,,,,,
NSEA,SDN_DEF_100-119_0_0,,,SDN_DEF_100-119_0_0,"DNK, FRA, NLD",SDN_DEF,"Anchored seine, Demersal species, see the code reg. mesh size and selectivity device",SDN_DMF,,,,,,,,,,,,,,,,,,,,
NSEA,SDN_DEF_100-119_1_120,,,,,SDN_DEF,"Anchored seine, Demersal species, see the code reg. mesh size and selectivity device",SDN_DMF,,,,,,,,,,,,,,,,,,,,
NSEA,SDN_DEF_100-119_1_140,,,,,SDN_DEF,"Anchored seine, Demersal species, see the code reg. mesh size and selectivity device",SDN_DMF,,,,,,,,,,,,,,,,,,,,
NSEA,SDN_DEF_100-119_1_180,,,,,SDN_DEF,"Anchored seine, Demersal species, see the code reg. mesh size and selectivity device",SDN_DMF,,,,,,,,,,,,,,,,,,,,
NSEA,SDN_DEF_100-119_1_270,,,,,SDN_DEF,"Anchored seine, Demersal species, see the code reg. mesh size and selectivity device",SDN_DMF,,,,,,,,,,,,,,,,,,,,
NSEA,SDN_DEF_100-119_1_300,,,,,SDN_DEF,"Anchored seine, Demersal species, see the code reg. mesh size and selectivity device",SDN_DMF,,,,,,,,,,,,,,,,,,,,
NSEA,SDN_DEF_16-31_0_0,,,SDN_DEF_16-31_0_0,"DNK, SCT",SDN_DEF,"Anchored seine, Demersal species, see the code reg. mesh size and selectivity device",SDN_DMF,,,,,,,,,,,,,,,,,,,,
NSEA,SDN_DEF_32-69_0_0,,,SDN_DEF_32-69_0_0,FRA ,SDN_DEF,"Anchored seine, Demersal species, see the code reg. mesh size and selectivity device",SDN_DMF,,,,,,,,,,,,,,,,,,,,
NSEA,SDN_DEF_70-89_0_0,,,"SDN_DEF_70-89_0_0, SDN_DEF_70-99_0_0","BEL, FRA, NLD",SDN_DEF,"Anchored seine, Demersal species, see the code reg. mesh size and selectivity device",SDN_DMF,,,,,,,,,,,,,,,,,,,,
NSEA,SDN_DEF_90-99_0_0,,,SDN_DEF_90-119_0_0,"DNK, SWE",SDN_DEF,"Anchored seine, Demersal species, see the code reg. mesh size and selectivity device",SDN_DMF,,,,,,,,,,,,,,,,,,,,
NSEA,SDN_DEF_90-99_1_120,,,,,SDN_DEF,"Anchored seine, Demersal species, see the code reg. mesh size and selectivity device",SDN_DMF,,,,,,,,,,,,,,,,,,,,
NSEA,SDN_DEF_90-99_1_140,,,,,SDN_DEF,"Anchored seine, Demersal species, see the code reg. mesh size and selectivity device",SDN_DMF,,,,,,,,,,,,,,,,,,,,
NSEA,SDN_DEF_90-99_1_180,,,,,SDN_DEF,"Anchored seine, Demersal species, see the code reg. mesh size and selectivity device",SDN_DMF,,,,,,,,,,,,,,,,,,,,
NSEA,SDN_DEF_90-99_1_270,,,,,SDN_DEF,"Anchored seine, Demersal species, see the code reg. mesh size and selectivity device",SDN_DMF,,,,,,,,,,,,,,,,,,,,
NSEA,SDN_DEF_90-99_1_300,,,,,SDN_DEF,"Anchored seine, Demersal species, see the code reg. mesh size and selectivity device",SDN_DMF,,,,,,,,,,,,,,,,,,,,
NSEA,SDN_SPF_<16_0_0,,,,,SDN_SPF,"Anchored seine, Small pelagic fish, see the code reg. mesh size and selectivity device",SDN_DMF,,,,,,,,,,,,,,,,,,,,
NSEA,SDN_SPF_>=120_0_0,,,,,SDN_SPF,"Anchored seine, Small pelagic fish, see the code reg. mesh size and selectivity device",SDN_DMF,,,,,,,,,,,,,,,,,,,,
NSEA,SDN_SPF_>0_0_0,,,,,SDN_SPF,"Anchored seine, Small pelagic fish, see the code reg. mesh size and selectivity device",SDN_DMF,,,,,,,,,,,,,,,,,,,,
NSEA,SDN_SPF_100-119_0_0,,,,,SDN_SPF,"Anchored seine, Small pelagic fish, see the code reg. mesh size and selectivity device",SDN_DMF,,,,,,,,,,,,,,,,,,,,
NSEA,SDN_SPF_16-31_0_0,,,,,SDN_SPF,"Anchored seine, Small pelagic fish, see the code reg. mesh size and selectivity device",SDN_DMF,,,,,,,,,,,,,,,,,,,,
NSEA,SDN_SPF_32-69_0_0,,,,,SDN_SPF,"Anchored seine, Small pelagic fish, see the code reg. mesh size and selectivity device",SDN_DMF,,,,,,,,,,,,,,,,,,,,
NSEA,SDN_SPF_70-89_0_0,,,,,SDN_SPF,"Anchored seine, Small pelagic fish, see the code reg. mesh size and selectivity device",SDN_DMF,,,,,,,,,,,,,,,,,,,,
NSEA,SDN_SPF_90-99_0_0,,,,,SDN_SPF,"Anchored seine, Small pelagic fish, see the code reg. mesh size and selectivity device",SDN_DMF,,,,,,,,,,,,,,,,,,,,
NSEA,SSC_CEP_>0_0_0,,,,,SSC_CEP,"Fly shooting seine, Cephalopods, see the code reg. mesh size and selectivity device",SSC_DMF,20260311,Added by request from France,,,,,,,,,,,,,,,,,,
NSEA,SSC_CEP_<16_0_0,,,,,SSC_CEP,"Fly shooting seine, Cephalopods, see the code reg. mesh size and selectivity device",SSC_DMF,20260311,Added by request from France,,,,,,,,,,,,,,,,,,
NSEA,SSC_CEP_16-31_0_0,,,,,SSC_CEP,"Fly shooting seine, Cephalopods, see the code reg. mesh size and selectivity device",SSC_DMF,20260311,Added by request from France,,,,,,,,,,,,,,,,,,
NSEA,SSC_CEP_32-69_0_0,,,,,SSC_CEP,"Fly shooting seine, Cephalopods, see the code reg. mesh size and selectivity device",SSC_DMF,20260311,Added by request from France,,,,,,,,,,,,,,,,,,
NSEA,SSC_CEP_70-89_0_0,,,,,SSC_CEP,"Fly shooting seine, Cephalopods, see the code reg. mesh size and selectivity device",SSC_DMF,20260311,Added by request from France,,,,,,,,,,,,,,,,,,
NSEA,SSC_CEP_90-99_0_0,,,,,SSC_CEP,"Fly shooting seine, Cephalopods, see the code reg. mesh size and selectivity device",SSC_DMF,20260311,Added by request from France,,,,,,,,,,,,,,,,,,
NSEA,SSC_CEP_100-119_0_0,,,,,SSC_CEP,"Fly shooting seine, Cephalopods, see the code reg. mesh size and selectivity device",SSC_DMF,20260311,Added by request from France,,,,,,,,,,,,,,,,,,
NSEA,SSC_CEP_>=120_0_0,,,,,SSC_CEP,"Fly shooting seine, Cephalopods, see the code reg. mesh size and selectivity device",SSC_DMF,20260311,Added by request from France,,,,,,,,,,,,,,,,,,
NSEA,SSC_DEF_<16_0_0,,,SSC_DEF_<16_0_0,"ENG, SCT",SSC_DEF,"Fly shooting seine, Demersal species, see the code reg. mesh size and selectivity device",SSC_DMF,,,,,,,,,,,,,,,,,,,,
NSEA,SSC_DEF_>=120_0_0,,,SSC_DEF_>=120_0_0,"BEL, DEU, DNK, ENG, NIR; NLD, SCT",SSC_DEF,"Fly shooting seine, Demersal species, see the code reg. mesh size and selectivity device",SSC_DMF,,,,,,,,,,,,,,,,,,,,
NSEA,SSC_DEF_>0_0_0,,,,,SSC_DEF,"Fly shooting seine, Demersal species, see the code reg. mesh size and selectivity device",SSC_DMF,,,,,,,,,,,,,,,,,,,,
NSEA,SSC_DEF_100-119_0_0,,,SSC_DEF_100-119_0_0,"BEL, DNK, ENG, IRL, NLD, SCT",SSC_DEF,"Fly shooting seine, Demersal species, see the code reg. mesh size and selectivity device",SSC_DMF,,,,,,,,,,,,,,,,,,,,
NSEA,SSC_DEF_100-119_1_120,,,,,SSC_DEF,"Fly shooting seine, Demersal species, see the code reg. mesh size and selectivity device",SSC_DMF,,,,,,,,,,,,,,,,,,,,
NSEA,SSC_DEF_100-119_1_140,,,,,SSC_DEF,"Fly shooting seine, Demersal species, see the code reg. mesh size and selectivity device",SSC_DMF,,,,,,,,,,,,,,,,,,,,
NSEA,SSC_DEF_100-119_1_180,,,,,SSC_DEF,"Fly shooting seine, Demersal species, see the code reg. mesh size and selectivity device",SSC_DMF,,,,,,,,,,,,,,,,,,,,
NSEA,SSC_DEF_100-119_1_270,,,,,SSC_DEF,"Fly shooting seine, Demersal species, see the code reg. mesh size and selectivity device",SSC_DMF,,,,,,,,,,,,,,,,,,,,
NSEA,SSC_DEF_100-119_1_300,,,,,SSC_DEF,"Fly shooting seine, Demersal species, see the code reg. mesh size and selectivity device",SSC_DMF,,,,,,,,,,,,,,,,,,,,
NSEA,SSC_DEF_16-31_0_0,,,,,SSC_DEF,"Fly shooting seine, Demersal species, see the code reg. mesh size and selectivity device",SSC_DMF,,,,,,,,,,,,,,,,,,,,
NSEA,SSC_DEF_32-69_0_0,,,SSC_DEF_32-69_0_0,"ENG, NLD, SCT",SSC_DEF,"Fly shooting seine, Demersal species, see the code reg. mesh size and selectivity device",SSC_DMF,,,,,,,,,,,,,,,,,,,,
NSEA,SSC_DEF_70-89_0_0,,,SSC_DEF_70-99_0_0,"BEL, DNK, ENG; NLD, SCT",SSC_DEF,"Fly shooting seine, Demersal species, see the code reg. mesh size and selectivity device",SSC_DMF,,,,,,,,,,,,,,,,,,,,
NSEA,SSC_DEF_90-99_0_0,,,SSC_DEF_90-119_0_0,"DNK, NLD",SSC_DEF,"Fly shooting seine, Demersal species, see the code reg. mesh size and selectivity device",SSC_DMF,,,,,,,,,,,,,,,,,,,,
NSEA,SSC_DEF_90-99_1_120,,,,,SSC_DEF,"Fly shooting seine, Demersal species, see the code reg. mesh size and selectivity device",SSC_DMF,,,,,,,,,,,,,,,,,,,,
NSEA,SSC_DEF_90-99_1_140,,,,,SSC_DEF,"Fly shooting seine, Demersal species, see the code reg. mesh size and selectivity device",SSC_DMF,,,,,,,,,,,,,,,,,,,,
NSEA,SSC_DEF_90-99_1_180,,,,,SSC_DEF,"Fly shooting seine, Demersal species, see the code reg. mesh size and selectivity device",SSC_DMF,,,,,,,,,,,,,,,,,,,,
NSEA,SSC_DEF_90-99_1_270,,,,,SSC_DEF,"Fly shooting seine, Demersal species, see the code reg. mesh size and selectivity device",SSC_DMF,,,,,,,,,,,,,,,,,,,,
NSEA,SSC_DEF_90-99_1_300,,,,,SSC_DEF,"Fly shooting seine, Demersal species, see the code reg. mesh size and selectivity device",SSC_DMF,,,,,,,,,,,,,,,,,,,,
NSEA,SPR_DEF_>0_0_0,,,,,SPR_DEF,"Pair seine, Demersal species, see the code reg. mesh size and selectivity device",,,,,,,,,,,,,,,,,,,,,
NSEA,TBB_CEP_<16_0_0,,,,,TBB_CEP,"Beam trawl, Cephalopods, see the code reg. mesh size and selectivity device",TBB_DMF,,,,,,,,,,,,,,,,,,,,
NSEA,TBB_CEP_>=120_0_0,,,,,TBB_CEP,"Beam trawl, Cephalopods, see the code reg. mesh size and selectivity device",TBB_DMF,,,,,,,,,,,,,,,,,,,,
NSEA,TBB_CEP_>0_0_0,,,,,TBB_CEP,"Beam trawl, Cephalopods, see the code reg. mesh size and selectivity device",TBB_DMF,,,,,,,,,,,,,,,,,,,,
NSEA,TBB_CEP_100-119_0_0,,,,,TBB_CEP,"Beam trawl, Cephalopods, see the code reg. mesh size and selectivity device",TBB_DMF,,,,,,,,,,,,,,,,,,,,
NSEA,TBB_CEP_16-31_0_0,,,,,TBB_CEP,"Beam trawl, Cephalopods, see the code reg. mesh size and selectivity device",TBB_DMF,,,,,,,,,,,,,,,,,,,,
NSEA,TBB_CEP_32-69_0_0,,,,,TBB_CEP,"Beam trawl, Cephalopods, see the code reg. mesh size and selectivity device",TBB_DMF,,,,,,,,,,,,,,,,,,,,
NSEA,TBB_CEP_70-89_0_0,,,,,TBB_CEP,"Beam trawl, Cephalopods, see the code reg. mesh size and selectivity device",TBB_DMF,,,,,,,,,,,,,,,,,,,,
NSEA,TBB_CEP_90-99_0_0,,,,,TBB_CEP,"Beam trawl, Cephalopods, see the code reg. mesh size and selectivity device",TBB_DMF,,,,,,,,,,,,,,,,,,,,
NSEA,TBB_CRU_<16_0_0,,,TBB_CRU_<16_0_0,"DEU, ENG, SCT",TBB_CRU,"Beam trawl, Crustaceans, see the code reg. mesh size and selectivity device",TBB_CRU,,,,,,,,,,,,,,,,,,,,
NSEA,TBB_CRU_>=120_0_0,,,TBB_CRU_>=120_0_0,"DEU, DNK, SCT",TBB_CRU,"Beam trawl, Crustaceans, see the code reg. mesh size and selectivity device",TBB_CRU,,,,,,,,,,,,,,,,,,,,
NSEA,TBB_CRU_>0_0_0,,,TBB_CRU_0_0_0,FRA,TBB_CRU,"Beam trawl, Crustaceans, see the code reg. mesh size and selectivity device",TBB_CRU,,,,,,,,,,,,,,,,,,,,
NSEA,TBB_CRU_100-119_0_0,,,TBB_CRU_100-119_0_0,ENG,TBB_CRU,"Beam trawl, Crustaceans, see the code reg. mesh size and selectivity device",TBB_CRU,,,,,,,,,,,,,,,,,,,,
NSEA,TBB_CRU_16-31_0_0,,,TBB_CRU_16-31_0_0,"BEL, DEU, DNK, ENG, FRA, NLD",TBB_CRU,"Beam trawl, Crustaceans, see the code reg. mesh size and selectivity device",TBB_CRU,,,,,,,,,,,,,,,,,,,,
NSEA,TBB_CRU_32-69_0_0,,,TBB_CRU_32-69_0_0,"DNK, LTU, SCT",TBB_CRU,"Beam trawl, Crustaceans, see the code reg. mesh size and selectivity device",TBB_CRU,,,,,,,,,,,,,,,,,,,,
NSEA,TBB_CRU_70-89_0_0,,,"TBB_CRU_70-89_0_0, TBB_CRU_70-99_0_0","DEU, DNK, ENG, FRA, SCT",TBB_CRU,"Beam trawl, Crustaceans, see the code reg. mesh size and selectivity device",TBB_CRU,,,,,,,,,,,,,,,,,,,,
NSEA,TBB_CRU_90-99_0_0,,,,,TBB_CRU,"Beam trawl, Crustaceans, see the code reg. mesh size and selectivity device",TBB_CRU,,,,,,,,,,,,,,,,,,,,
NSEA,TBB_DEF_<16_0_0,,,TBB_DEF_<16_0_0,"DEU, DNK, ENG, NLD, SCT",TBB_DEF,"Beam trawl, Demersal species, see the code reg. mesh size and selectivity device",TBB_DMF,,,,,,,,,,,,,,,,,,,,
NSEA,TBB_DEF_>=120_0_0,,,TBB_DEF_>=120_0_0,"BEL, DNK, ENG, NLD, SCT",TBB_DEF,"Beam trawl, Demersal species, see the code reg. mesh size and selectivity device",TBB_DMF,,,,,,,,,,,,,,,,,,,,
NSEA,TBB_DEF_>0_0_0,,,TBB_DEF_0_0_0,"DEU, FRA, NLD",TBB_DEF,"Beam trawl, Demersal species, see the code reg. mesh size and selectivity device",TBB_DMF,,,,,,,,,,,,,,,,,,,,
NSEA,TBB_DEF_100-119_0_0,,,TBB_DEF_100-119_0_0,"BEL, DEU, DNK, ENG, FRA, NLD, SCT",TBB_DEF,"Beam trawl, Demersal species, see the code reg. mesh size and selectivity device",TBB_DMF,,,,,,,,,,,,,,,,,,,,
NSEA,TBB_DEF_16-31_0_0,,,TBB_DEF_16-31_0_0,"DEU, DNK, ENG, FRA, NLD",TBB_DEF,"Beam trawl, Demersal species, see the code reg. mesh size and selectivity device",TBB_DMF,,,,,,,,,,,,,,,,,,,,
NSEA,TBB_DEF_32-69_0_0,,,TBB_DEF_32-69_0_0,"DEU, ENG, FRA, NLD, SCT",TBB_DEF,"Beam trawl, Demersal species, see the code reg. mesh size and selectivity device",TBB_DMF,,,,,,,,,,,,,,,,,,,,
NSEA,TBB_DEF_70-89_0_0,,,"TBB_DEF_70-89_0_0, TBB_DEF_70-99_0_0","BEL, DEU, DNK, ENG, FRA, NLD, SCT, WLS",TBB_DEF,"Beam trawl, Demersal species, see the code reg. mesh size and selectivity device",TBB_DMF,,,,,,,,,,,,,,,,,,,,
NSEA,TBB_DEF_90-99_0_0,,,TBB_DEF_90-119_0_0,"DNK, NLD",TBB_DEF,"Beam trawl, Demersal species, see the code reg. mesh size and selectivity device",TBB_DMF,,,,,,,,,,,,,,,,,,,,
NSEA,TBB_MCD_>=120_0_0,,,TBB_MCD_>=120_0_0,NLD,TBB_MCD,"Beam trawl, Mixed crustaceans and demersal  species, see the code reg. mesh size and selectivity device",TBB_DMF,,,,,,,,,,,,,,,,,,,,
NSEA,TBB_MCD_>0_0_0,,,,,TBB_MCD,"Beam trawl, Mixed crustaceans and demersal  species, see the code reg. mesh size and selectivity device",TBB_DMF,,,,,,,,,,,,,,,,,,,,
NSEA,TBB_MCD_100-119_0_0,,,,,TBB_MCD,"Beam trawl, Mixed crustaceans and demersal  species, see the code reg. mesh size and selectivity device",TBB_DMF,,,,,,,,,,,,,,,,,,,,
NSEA,TBB_MCD_16-31_0_0,,,TBB_MCD_16-31_0_0,NLD,TBB_MCD,"Beam trawl, Mixed crustaceans and demersal  species, see the code reg. mesh size and selectivity device",TBB_DMF,,,,,,,,,,,,,,,,,,,,
NSEA,TBB_MCD_32-69_0_0,,,,,TBB_MCD,"Beam trawl, Mixed crustaceans and demersal  species, see the code reg. mesh size and selectivity device",TBB_DMF,,,,,,,,,,,,,,,,,,,,
NSEA,TBB_MCD_70-89_0_0,,,TBB_MCD_70-99_0_0,NLD,TBB_MCD,"Beam trawl, Mixed crustaceans and demersal  species, see the code reg. mesh size and selectivity device",TBB_DMF,,,,,,,,,,,,,,,,,,,,
NSEA,TBB_MCD_90-99_0_0,,,,,TBB_MCD,"Beam trawl, Mixed crustaceans and demersal  species, see the code reg. mesh size and selectivity device",TBB_DMF,,,,,,,,,,,,,,,,,,,,
NSEA,TBB_MOL_>0_0_0,,,TBB_MOL_0_0_0,DEU,TBB_MOL,"Beam trawl, Molluscs, see the code reg. mesh size and selectivity device",TBB_MOL,,,,,,,,,,,,,,,,,,,,
MBS,DRH_MOL_>0_0_0,,,,,DRH_MOL,"Hand dredge, Molluscs, see the code reg. mesh size and selectivity device",,20250110,Added on request from RCG Med&BS,,,,,,,,,,,,,,,,,,
MBS,FPO_SPF_>0_0_0,,,,,FPO_SPF,"Pots and traps, Small pelagic fish, see the code reg. mesh size and selectivity device",,20250110,Added on request from RCG Med&BS,,,,,,,,,,,,,,,,,,
MBS,TBB_MOL_<40_0_0,,,,,TBB_DEF,"Beam trawl, Molluscs, see the code reg. mesh size and selectivity device",TBB_MOL,20250110,Added to keep consistency in gear codes and mesh size ranges,,,,,,,,,,,,,,,,,,
MBS,TBB_MOL_>=40_0_0,,,,,TBB_DEF,"Beam trawl, Molluscs, see the code reg. mesh size and selectivity device",TBB_MOL,20250110,Added to keep consistency in gear codes and mesh size ranges,,,,,,,,,,,,,,,,,,
MBS,TBB_MOL_>0_0_0,,,,,TBB_DEF,"Beam trawl, Molluscs, see the code reg. mesh size and selectivity device",TBB_MOL,20250110,Added on request from RCG Med&BS,,,,,,,,,,,,,,,,,,
MBS,GNC_FIF_<16_0_0,,,,,GNC_FIF,"Encircling gillnets, Finfish, see the code reg. mesh size and selectivity device",,20250110,Added to keep consistency in gear codes and mesh size ranges,,,,,,,,,,,,,,,,,,
MBS,GNC_FIF_>=16_0_0,,,,,GNC_FIF,"Encircling gillnets, Finfish, see the code reg. mesh size and selectivity device",,20250110,Added to keep consistency in gear codes and mesh size ranges,,,,,,,,,,,,,,,,,,
MBS,GNC_FIF_>0_0_0,,,,,GNC_FIF,"Encircling gillnets, Finfish, see the code reg. mesh size and selectivity device",,20250110,Added on request from RCG Med&BS,,,,,,,,,,,,,,,,,,
MBS,GTN_SPF_<16_0_0,,,,,GTN_SPF,"Combined gillnets-trammel nets, Small pelagic fish, see the code reg. mesh size and selectivity device",,20250110,Added to keep consistency in gear codes and mesh size ranges,,,,,,,,,,,,,,,,,,
MBS,GTN_SPF_>=16_0_0,,,,,GTN_SPF,"Combined gillnets-trammel nets, Small pelagic fish, see the code reg. mesh size and selectivity device",,20250110,Added to keep consistency in gear codes and mesh size ranges,,,,,,,,,,,,,,,,,,
MBS,GTN_SPF_>0_0_0,,,,,GTN_SPF,"Combined gillnets-trammel nets, Small pelagic fish, see the code reg. mesh size and selectivity device",,20250110,Added on request from RCG Med&BS,,,,,,,,,,,,,,,,,,
